2025-12-12 10:30:17,122 [Worker-5: Loading available Gradle versions] INFO  o.e.b.c.i.u.g.PublishedGradleVersions - Gradle version information cache is not available. Remote download required.
2025-12-12 10:30:38,738 [Worker-24: Updating Maven Dependencies] INFO  o.e.m.c.i.l.LifecycleMappingFactory - Using org.eclipse.m2e.jdt.JarLifecycleMapping lifecycle mapping for MavenProject: dev.brunob:PROYECTO_ORTIZBLANCO_BRUNO:0.0.1-SNAPSHOT @ C:\Users\ortiz\OneDrive\Documentos\proyecto\PROYECTO_ORTIZBLANCO_BRUNO\PROYECTO_ORTIZBLANCO_BRUNO\pom.xml.
2025-12-12 10:30:38,815 [Worker-5: Building] INFO  o.b.c.a.StaticComponentContainer - (StaticComponentContainer.java:368) - Instantiated org.burningwave.core.SLF4JManagedLoggerRepository
2025-12-12 10:30:38,817 [Worker-5: Building] INFO  o.b.c.a.StaticComponentContainer - (StaticComponentContainer.java:369) - 

	Configuration values for static components:

		background-executor.all-tasks-monitoring.enabled=\
			true
		background-executor.all-tasks-monitoring.interval=\
			30000
		background-executor.all-tasks-monitoring.logger.enabled=\
			false
		background-executor.all-tasks-monitoring.minimum-elapsed-time-to-consider-a-task-as-probable-dead-locked=\
			300000
		background-executor.all-tasks-monitoring.probable-dead-locked-tasks-handling.policy=\
			log only
		background-executor.queued-task-executor[0].name=\
			Low priority tasks
		background-executor.queued-task-executor[0].priority=\
			1
		background-executor.queued-task-executor[1].name=\
			Normal priority tasks
		background-executor.queued-task-executor[1].priority=\
			5
		background-executor.queued-task-executor[2].name=\
			High priority tasks
		background-executor.queued-task-executor[2].priority=\
			10
		background-executor.task-creation-tracking.enabled=\
			${background-executor.all-tasks-monitoring.enabled}
		banner.additonal-informations=\
			${Bundle-Vendor} ${Bundle-Name} ${Bundle-Version}
		banner.additonal-informations.retrieve-from-manifest-file-of=\
			Burningwave Core
		banner.file=\
			org/burningwave/banner.bwb
		banner.hide=\
			true
		buffer-handler.default-allocation-mode=\
			ByteBuffer::allocateDirect
		buffer-handler.default-buffer-size=\
			1024
		group-name-for-named-elements=\
			Burningwave
		iterable-object-helper.default-values-separator=\
			;
		iterable-object-helper.parallel-iteration.applicability.default-minimum-collection-size=\
			2
		iterable-object-helper.parallel-iteration.applicability.max-runtime-thread-count-threshold=\
			autodetect
		iterable-object-helper.parallel-iteration.applicability.output-collection-enabled-types=\
			java.util.concurrent.ConcurrentHashMap$CollectionView;\
			java.util.Collections$SynchronizedCollection;\
			java.util.concurrent.CopyOnWriteArrayList;\
			java.util.concurrent.CopyOnWriteArraySet;\
			java.util.concurrent.BlockingQueue;\
			java.util.concurrent.ConcurrentSkipListSet;\
			java.util.concurrent.ConcurrentSkipListMap$EntrySet;\
			java.util.concurrent.ConcurrentSkipListMap$KeySet;\
			java.util.concurrent.ConcurrentSkipListMap$Values;
		jvm.driver.init=\
			false
		managed-logger.repository=\
			autodetect
		managed-logger.repository.enabled=\
			true
		managed-logger.repository.logging.warn.disabled-for=\
			org.burningwave.core.assembler.ComponentContainer$ClassLoader;\
			org.burningwave.core.classes.MemoryClassLoader;\
			org.burningwave.core.classes.PathScannerClassLoader;
		modules.export-all-to-all=\
			true
		resource-releaser.enabled=\
			true
		synchronizer.all-threads-monitoring.enabled=\
			false
		synchronizer.all-threads-monitoring.interval=\
			90000
		thread-supplier.default-daemon-flag-value=\
			true
		thread-supplier.default-thread-priority=\
			5
		thread-supplier.max-detached-thread-count=\
			${thread-supplier.max-poolable-thread-count}
		thread-supplier.max-detached-thread-count.elapsed-time-threshold-from-last-increase-for-gradual-decreasing-to-initial-value=\
			30000
		thread-supplier.max-detached-thread-count.increasing-step=\
			autodetect
		thread-supplier.max-poolable-thread-count=\
			autodetect
		thread-supplier.poolable-thread-request-timeout=\
			6000


2025-12-12 10:30:38,820 [Worker-5: Building] INFO  o.b.core.jvm.BufferHandler - (BufferHandler.java:127) - default buffer size: 1024 bytes
2025-12-12 10:30:38,823 [Worker-5: Building] INFO  o.b.core.jvm.BufferHandler - (BufferHandler.java:141) - default allocation mode: ByteBuffer::allocateDirect
2025-12-12 10:30:38,827 [Worker-5: Building] INFO  org.burningwave.core.Cache - (Cache.java:76) - Building cache
2025-12-12 10:30:38,864 [Worker-5: Building] INFO  o.b.c.a.StaticComponentContainer - (StaticComponentContainer.java:443) - org.burningwave.core.assembler.StaticComponentContainer initialized in 0.2273476 seconds
2025-12-12 10:30:40,012 [Worker-30: Building] WARN  o.a.m.s.f.DefaultMavenResourcesFiltering - Using platform encoding (UTF-8 actually) to copy filtered resources, i.e. build is platform dependent!
2025-12-12 10:30:40,014 [Worker-30: Building] INFO  o.a.m.s.f.DefaultMavenResourcesFiltering - skip non existing resourceDirectory C:\Users\ortiz\OneDrive\Documentos\proyecto\PROYECTO_ORTIZBLANCO_BRUNO\PROYECTO_ORTIZBLANCO_BRUNO\src\main\resources
2025-12-12 10:30:40,019 [Worker-30: Building] WARN  o.a.m.s.f.DefaultMavenResourcesFiltering - Using platform encoding (UTF-8 actually) to copy filtered resources, i.e. build is platform dependent!
2025-12-12 10:30:40,020 [Worker-30: Building] INFO  o.a.m.s.f.DefaultMavenResourcesFiltering - skip non existing resourceDirectory C:\Users\ortiz\OneDrive\Documentos\proyecto\PROYECTO_ORTIZBLANCO_BRUNO\PROYECTO_ORTIZBLANCO_BRUNO\src\test\resources
2025-12-12 10:30:40,395 [Worker-30: Building] WARN  o.apache.maven.project.MavenProject - Direct modification of compileSourceRoots through clear() is deprecated and will not work in Maven 4.0.0. Please use the add/remove methods instead. If you're using a plugin that causes this warning, please upgrade to the latest version and report an issue if the warning persists. To disable these warnings, set -Dmaven.project.sourceRoots.warningsDisabled=true on the command line, in the .mvn/maven.config file, or in project POM properties.
2025-12-12 10:30:40,396 [Worker-30: Building] WARN  o.apache.maven.project.MavenProject - Direct modification of compileSourceRoots through add() is deprecated and will not work in Maven 4.0.0. Please use the add/remove methods instead. If you're using a plugin that causes this warning, please upgrade to the latest version and report an issue if the warning persists. To disable these warnings, set -Dmaven.project.sourceRoots.warningsDisabled=true on the command line, in the .mvn/maven.config file, or in project POM properties.
2025-12-12 10:30:40,397 [Worker-30: Building] WARN  o.apache.maven.project.MavenProject - Direct modification of testCompileSourceRoots through clear() is deprecated and will not work in Maven 4.0.0. Please use the add/remove methods instead. If you're using a plugin that causes this warning, please upgrade to the latest version and report an issue if the warning persists. To disable these warnings, set -Dmaven.project.sourceRoots.warningsDisabled=true on the command line, in the .mvn/maven.config file, or in project POM properties.
2025-12-12 10:30:40,397 [Worker-30: Building] WARN  o.apache.maven.project.MavenProject - Direct modification of testCompileSourceRoots through add() is deprecated and will not work in Maven 4.0.0. Please use the add/remove methods instead. If you're using a plugin that causes this warning, please upgrade to the latest version and report an issue if the warning persists. To disable these warnings, set -Dmaven.project.sourceRoots.warningsDisabled=true on the command line, in the .mvn/maven.config file, or in project POM properties.
2025-12-12 10:35:32,089 [Worker-1: Building] INFO  o.e.m.c.i.e.AbstractTransferListenerAdapter - Downloading https://repo.maven.apache.org/maven2/org/springframework/boot/spring-boot-starter-parent/3.4.0/spring-boot-starter-parent-3.4.0.pom
2025-12-12 10:35:32,099 [Worker-1: Building] INFO  o.e.m.c.i.e.AbstractTransferListenerAdapter - Downloaded https://repo.maven.apache.org/maven2/org/springframework/boot/spring-boot-starter-parent/3.4.0/spring-boot-starter-parent-3.4.0.pom
2025-12-12 10:35:32,150 [Worker-1: Building] INFO  o.e.m.c.i.e.AbstractTransferListenerAdapter - Downloading https://repo.maven.apache.org/maven2/org/springframework/boot/spring-boot-dependencies/3.4.0/spring-boot-dependencies-3.4.0.pom
2025-12-12 10:35:32,158 [Worker-1: Building] INFO  o.e.m.c.i.e.AbstractTransferListenerAdapter - Downloaded https://repo.maven.apache.org/maven2/org/springframework/boot/spring-boot-dependencies/3.4.0/spring-boot-dependencies-3.4.0.pom
2025-12-12 10:35:32,205 [Worker-1: Building] INFO  o.e.m.c.i.e.AbstractTransferListenerAdapter - Downloading https://repo.maven.apache.org/maven2/org/apache/activemq/activemq-bom/6.1.4/activemq-bom-6.1.4.pom
2025-12-12 10:35:32,209 [Worker-1: Building] INFO  o.e.m.c.i.e.AbstractTransferListenerAdapter - Downloaded https://repo.maven.apache.org/maven2/org/apache/activemq/activemq-bom/6.1.4/activemq-bom-6.1.4.pom
2025-12-12 10:35:32,253 [Worker-1: Building] INFO  o.e.m.c.i.e.AbstractTransferListenerAdapter - Downloading https://repo.maven.apache.org/maven2/org/apache/activemq/artemis-bom/2.37.0/artemis-bom-2.37.0.pom
2025-12-12 10:35:32,256 [Worker-1: Building] INFO  o.e.m.c.i.e.AbstractTransferListenerAdapter - Downloaded https://repo.maven.apache.org/maven2/org/apache/activemq/artemis-bom/2.37.0/artemis-bom-2.37.0.pom
2025-12-12 10:35:32,300 [Worker-1: Building] INFO  o.e.m.c.i.e.AbstractTransferListenerAdapter - Downloading https://repo.maven.apache.org/maven2/org/apache/activemq/artemis-project/2.37.0/artemis-project-2.37.0.pom
2025-12-12 10:35:32,305 [Worker-1: Building] INFO  o.e.m.c.i.e.AbstractTransferListenerAdapter - Downloaded https://repo.maven.apache.org/maven2/org/apache/activemq/artemis-project/2.37.0/artemis-project-2.37.0.pom
2025-12-12 10:35:32,350 [Worker-1: Building] INFO  o.e.m.c.i.e.AbstractTransferListenerAdapter - Downloading https://repo.maven.apache.org/maven2/org/apache/apache/33/apache-33.pom
2025-12-12 10:35:32,354 [Worker-1: Building] INFO  o.e.m.c.i.e.AbstractTransferListenerAdapter - Downloaded https://repo.maven.apache.org/maven2/org/apache/apache/33/apache-33.pom
2025-12-12 10:35:32,396 [Worker-1: Building] INFO  o.e.m.c.i.e.AbstractTransferListenerAdapter - Downloading https://repo.maven.apache.org/maven2/org/assertj/assertj-bom/3.26.3/assertj-bom-3.26.3.pom
2025-12-12 10:35:32,400 [Worker-1: Building] INFO  o.e.m.c.i.e.AbstractTransferListenerAdapter - Downloaded https://repo.maven.apache.org/maven2/org/assertj/assertj-bom/3.26.3/assertj-bom-3.26.3.pom
2025-12-12 10:35:32,444 [Worker-1: Building] INFO  o.e.m.c.i.e.AbstractTransferListenerAdapter - Downloading https://repo.maven.apache.org/maven2/io/zipkin/reporter2/zipkin-reporter-bom/3.4.2/zipkin-reporter-bom-3.4.2.pom
2025-12-12 10:35:32,447 [Worker-1: Building] INFO  o.e.m.c.i.e.AbstractTransferListenerAdapter - Downloaded https://repo.maven.apache.org/maven2/io/zipkin/reporter2/zipkin-reporter-bom/3.4.2/zipkin-reporter-bom-3.4.2.pom
2025-12-12 10:35:32,488 [Worker-1: Building] INFO  o.e.m.c.i.e.AbstractTransferListenerAdapter - Downloading https://repo.maven.apache.org/maven2/io/zipkin/brave/brave-bom/6.0.3/brave-bom-6.0.3.pom
2025-12-12 10:35:32,491 [Worker-1: Building] INFO  o.e.m.c.i.e.AbstractTransferListenerAdapter - Downloaded https://repo.maven.apache.org/maven2/io/zipkin/brave/brave-bom/6.0.3/brave-bom-6.0.3.pom
2025-12-12 10:35:32,544 [Worker-1: Building] INFO  o.e.m.c.i.e.AbstractTransferListenerAdapter - Downloading https://repo.maven.apache.org/maven2/org/apache/cassandra/java-driver-bom/4.18.1/java-driver-bom-4.18.1.pom
2025-12-12 10:35:32,548 [Worker-1: Building] INFO  o.e.m.c.i.e.AbstractTransferListenerAdapter - Downloaded https://repo.maven.apache.org/maven2/org/apache/cassandra/java-driver-bom/4.18.1/java-driver-bom-4.18.1.pom
2025-12-12 10:35:32,591 [Worker-1: Building] INFO  o.e.m.c.i.e.AbstractTransferListenerAdapter - Downloading https://repo.maven.apache.org/maven2/org/glassfish/jaxb/jaxb-bom/4.0.5/jaxb-bom-4.0.5.pom
2025-12-12 10:35:32,593 [Worker-1: Building] INFO  o.e.m.c.i.e.AbstractTransferListenerAdapter - Downloaded https://repo.maven.apache.org/maven2/org/glassfish/jaxb/jaxb-bom/4.0.5/jaxb-bom-4.0.5.pom
2025-12-12 10:35:32,637 [Worker-1: Building] INFO  o.e.m.c.i.e.AbstractTransferListenerAdapter - Downloading https://repo.maven.apache.org/maven2/org/eclipse/ee4j/project/1.0.9/project-1.0.9.pom
2025-12-12 10:35:32,640 [Worker-1: Building] INFO  o.e.m.c.i.e.AbstractTransferListenerAdapter - Downloaded https://repo.maven.apache.org/maven2/org/eclipse/ee4j/project/1.0.9/project-1.0.9.pom
2025-12-12 10:35:32,682 [Worker-1: Building] INFO  o.e.m.c.i.e.AbstractTransferListenerAdapter - Downloading https://repo.maven.apache.org/maven2/org/apache/groovy/groovy-bom/4.0.24/groovy-bom-4.0.24.pom
2025-12-12 10:35:32,686 [Worker-1: Building] INFO  o.e.m.c.i.e.AbstractTransferListenerAdapter - Downloaded https://repo.maven.apache.org/maven2/org/apache/groovy/groovy-bom/4.0.24/groovy-bom-4.0.24.pom
2025-12-12 10:35:32,729 [Worker-1: Building] INFO  o.e.m.c.i.e.AbstractTransferListenerAdapter - Downloading https://repo.maven.apache.org/maven2/org/infinispan/infinispan-bom/15.0.11.Final/infinispan-bom-15.0.11.Final.pom
2025-12-12 10:35:32,732 [Worker-1: Building] INFO  o.e.m.c.i.e.AbstractTransferListenerAdapter - Downloaded https://repo.maven.apache.org/maven2/org/infinispan/infinispan-bom/15.0.11.Final/infinispan-bom-15.0.11.Final.pom
2025-12-12 10:35:32,776 [Worker-1: Building] INFO  o.e.m.c.i.e.AbstractTransferListenerAdapter - Downloading https://repo.maven.apache.org/maven2/org/infinispan/infinispan-build-configuration-parent/15.0.11.Final/infinispan-build-configuration-parent-15.0.11.Final.pom
2025-12-12 10:35:32,780 [Worker-1: Building] INFO  o.e.m.c.i.e.AbstractTransferListenerAdapter - Downloaded https://repo.maven.apache.org/maven2/org/infinispan/infinispan-build-configuration-parent/15.0.11.Final/infinispan-build-configuration-parent-15.0.11.Final.pom
2025-12-12 10:35:32,823 [Worker-1: Building] INFO  o.e.m.c.i.e.AbstractTransferListenerAdapter - Downloading https://repo.maven.apache.org/maven2/org/jboss/jboss-parent/43/jboss-parent-43.pom
2025-12-12 10:35:32,827 [Worker-1: Building] INFO  o.e.m.c.i.e.AbstractTransferListenerAdapter - Downloaded https://repo.maven.apache.org/maven2/org/jboss/jboss-parent/43/jboss-parent-43.pom
2025-12-12 10:35:32,879 [Worker-1: Building] INFO  o.e.m.c.i.e.AbstractTransferListenerAdapter - Downloading https://repo.maven.apache.org/maven2/com/fasterxml/jackson/jackson-bom/2.18.1/jackson-bom-2.18.1.pom
2025-12-12 10:35:32,882 [Worker-1: Building] INFO  o.e.m.c.i.e.AbstractTransferListenerAdapter - Downloaded https://repo.maven.apache.org/maven2/com/fasterxml/jackson/jackson-bom/2.18.1/jackson-bom-2.18.1.pom
2025-12-12 10:35:32,924 [Worker-1: Building] INFO  o.e.m.c.i.e.AbstractTransferListenerAdapter - Downloading https://repo.maven.apache.org/maven2/com/fasterxml/jackson/jackson-parent/2.18.1/jackson-parent-2.18.1.pom
2025-12-12 10:35:32,928 [Worker-1: Building] INFO  o.e.m.c.i.e.AbstractTransferListenerAdapter - Downloaded https://repo.maven.apache.org/maven2/com/fasterxml/jackson/jackson-parent/2.18.1/jackson-parent-2.18.1.pom
2025-12-12 10:35:32,971 [Worker-1: Building] INFO  o.e.m.c.i.e.AbstractTransferListenerAdapter - Downloading https://repo.maven.apache.org/maven2/com/fasterxml/oss-parent/61/oss-parent-61.pom
2025-12-12 10:35:32,974 [Worker-1: Building] INFO  o.e.m.c.i.e.AbstractTransferListenerAdapter - Downloaded https://repo.maven.apache.org/maven2/com/fasterxml/oss-parent/61/oss-parent-61.pom
2025-12-12 10:35:33,015 [Worker-1: Building] INFO  o.e.m.c.i.e.AbstractTransferListenerAdapter - Downloading https://repo.maven.apache.org/maven2/org/glassfish/jersey/jersey-bom/3.1.9/jersey-bom-3.1.9.pom
2025-12-12 10:35:33,018 [Worker-1: Building] INFO  o.e.m.c.i.e.AbstractTransferListenerAdapter - Downloaded https://repo.maven.apache.org/maven2/org/glassfish/jersey/jersey-bom/3.1.9/jersey-bom-3.1.9.pom
2025-12-12 10:35:33,100 [Worker-1: Building] INFO  o.e.m.c.i.e.AbstractTransferListenerAdapter - Downloading https://repo.maven.apache.org/maven2/org/eclipse/jetty/ee10/jetty-ee10-bom/12.0.15/jetty-ee10-bom-12.0.15.pom
2025-12-12 10:35:33,103 [Worker-1: Building] INFO  o.e.m.c.i.e.AbstractTransferListenerAdapter - Downloaded https://repo.maven.apache.org/maven2/org/eclipse/jetty/ee10/jetty-ee10-bom/12.0.15/jetty-ee10-bom-12.0.15.pom
2025-12-12 10:35:33,146 [Worker-1: Building] INFO  o.e.m.c.i.e.AbstractTransferListenerAdapter - Downloading https://repo.maven.apache.org/maven2/org/eclipse/jetty/jetty-bom/12.0.15/jetty-bom-12.0.15.pom
2025-12-12 10:35:33,149 [Worker-1: Building] INFO  o.e.m.c.i.e.AbstractTransferListenerAdapter - Downloaded https://repo.maven.apache.org/maven2/org/eclipse/jetty/jetty-bom/12.0.15/jetty-bom-12.0.15.pom
2025-12-12 10:35:33,201 [Worker-1: Building] INFO  o.e.m.c.i.e.AbstractTransferListenerAdapter - Downloading https://repo.maven.apache.org/maven2/org/junit/junit-bom/5.11.3/junit-bom-5.11.3.pom
2025-12-12 10:35:33,204 [Worker-1: Building] INFO  o.e.m.c.i.e.AbstractTransferListenerAdapter - Downloaded https://repo.maven.apache.org/maven2/org/junit/junit-bom/5.11.3/junit-bom-5.11.3.pom
2025-12-12 10:35:33,244 [Worker-1: Building] INFO  o.e.m.c.i.e.AbstractTransferListenerAdapter - Downloading https://repo.maven.apache.org/maven2/org/jetbrains/kotlin/kotlin-bom/1.9.25/kotlin-bom-1.9.25.pom
2025-12-12 10:35:33,249 [Worker-1: Building] INFO  o.e.m.c.i.e.AbstractTransferListenerAdapter - Downloaded https://repo.maven.apache.org/maven2/org/jetbrains/kotlin/kotlin-bom/1.9.25/kotlin-bom-1.9.25.pom
2025-12-12 10:35:33,289 [Worker-1: Building] INFO  o.e.m.c.i.e.AbstractTransferListenerAdapter - Downloading https://repo.maven.apache.org/maven2/org/jetbrains/kotlinx/kotlinx-coroutines-bom/1.8.1/kotlinx-coroutines-bom-1.8.1.pom
2025-12-12 10:35:33,292 [Worker-1: Building] INFO  o.e.m.c.i.e.AbstractTransferListenerAdapter - Downloaded https://repo.maven.apache.org/maven2/org/jetbrains/kotlinx/kotlinx-coroutines-bom/1.8.1/kotlinx-coroutines-bom-1.8.1.pom
2025-12-12 10:35:33,335 [Worker-1: Building] INFO  o.e.m.c.i.e.AbstractTransferListenerAdapter - Downloading https://repo.maven.apache.org/maven2/org/jetbrains/kotlinx/kotlinx-serialization-bom/1.6.3/kotlinx-serialization-bom-1.6.3.pom
2025-12-12 10:35:33,339 [Worker-1: Building] INFO  o.e.m.c.i.e.AbstractTransferListenerAdapter - Downloaded https://repo.maven.apache.org/maven2/org/jetbrains/kotlinx/kotlinx-serialization-bom/1.6.3/kotlinx-serialization-bom-1.6.3.pom
2025-12-12 10:35:33,379 [Worker-1: Building] INFO  o.e.m.c.i.e.AbstractTransferListenerAdapter - Downloading https://repo.maven.apache.org/maven2/org/apache/logging/log4j/log4j-bom/2.24.1/log4j-bom-2.24.1.pom
2025-12-12 10:35:33,382 [Worker-1: Building] INFO  o.e.m.c.i.e.AbstractTransferListenerAdapter - Downloaded https://repo.maven.apache.org/maven2/org/apache/logging/log4j/log4j-bom/2.24.1/log4j-bom-2.24.1.pom
2025-12-12 10:35:33,447 [Worker-1: Building] INFO  o.e.m.c.i.e.AbstractTransferListenerAdapter - Downloading https://repo.maven.apache.org/maven2/org/apache/logging/logging-parent/11.3.0/logging-parent-11.3.0.pom
2025-12-12 10:35:33,452 [Worker-1: Building] INFO  o.e.m.c.i.e.AbstractTransferListenerAdapter - Downloaded https://repo.maven.apache.org/maven2/org/apache/logging/logging-parent/11.3.0/logging-parent-11.3.0.pom
2025-12-12 10:35:33,493 [Worker-1: Building] INFO  o.e.m.c.i.e.AbstractTransferListenerAdapter - Downloading https://repo.maven.apache.org/maven2/io/micrometer/micrometer-bom/1.14.1/micrometer-bom-1.14.1.pom
2025-12-12 10:35:33,496 [Worker-1: Building] INFO  o.e.m.c.i.e.AbstractTransferListenerAdapter - Downloaded https://repo.maven.apache.org/maven2/io/micrometer/micrometer-bom/1.14.1/micrometer-bom-1.14.1.pom
2025-12-12 10:35:33,548 [Worker-1: Building] INFO  o.e.m.c.i.e.AbstractTransferListenerAdapter - Downloading https://repo.maven.apache.org/maven2/io/micrometer/micrometer-tracing-bom/1.4.0/micrometer-tracing-bom-1.4.0.pom
2025-12-12 10:35:33,551 [Worker-1: Building] INFO  o.e.m.c.i.e.AbstractTransferListenerAdapter - Downloaded https://repo.maven.apache.org/maven2/io/micrometer/micrometer-tracing-bom/1.4.0/micrometer-tracing-bom-1.4.0.pom
2025-12-12 10:35:33,593 [Worker-1: Building] INFO  o.e.m.c.i.e.AbstractTransferListenerAdapter - Downloading https://repo.maven.apache.org/maven2/io/micrometer/micrometer-bom/1.14.0/micrometer-bom-1.14.0.pom
2025-12-12 10:35:33,597 [Worker-1: Building] INFO  o.e.m.c.i.e.AbstractTransferListenerAdapter - Downloaded https://repo.maven.apache.org/maven2/io/micrometer/micrometer-bom/1.14.0/micrometer-bom-1.14.0.pom
2025-12-12 10:35:33,652 [Worker-1: Building] INFO  o.e.m.c.i.e.AbstractTransferListenerAdapter - Downloading https://repo.maven.apache.org/maven2/org/mockito/mockito-bom/5.14.2/mockito-bom-5.14.2.pom
2025-12-12 10:35:33,655 [Worker-1: Building] INFO  o.e.m.c.i.e.AbstractTransferListenerAdapter - Downloaded https://repo.maven.apache.org/maven2/org/mockito/mockito-bom/5.14.2/mockito-bom-5.14.2.pom
2025-12-12 10:35:33,693 [Worker-1: Building] INFO  o.e.m.c.i.e.AbstractTransferListenerAdapter - Downloading https://repo.maven.apache.org/maven2/io/netty/netty-bom/4.1.115.Final/netty-bom-4.1.115.Final.pom
2025-12-12 10:35:33,695 [Worker-1: Building] INFO  o.e.m.c.i.e.AbstractTransferListenerAdapter - Downloaded https://repo.maven.apache.org/maven2/io/netty/netty-bom/4.1.115.Final/netty-bom-4.1.115.Final.pom
2025-12-12 10:35:33,747 [Worker-1: Building] INFO  o.e.m.c.i.e.AbstractTransferListenerAdapter - Downloading https://repo.maven.apache.org/maven2/io/opentelemetry/opentelemetry-bom/1.43.0/opentelemetry-bom-1.43.0.pom
2025-12-12 10:35:33,750 [Worker-1: Building] INFO  o.e.m.c.i.e.AbstractTransferListenerAdapter - Downloaded https://repo.maven.apache.org/maven2/io/opentelemetry/opentelemetry-bom/1.43.0/opentelemetry-bom-1.43.0.pom
2025-12-12 10:35:33,789 [Worker-1: Building] INFO  o.e.m.c.i.e.AbstractTransferListenerAdapter - Downloading https://repo.maven.apache.org/maven2/io/prometheus/prometheus-metrics-bom/1.3.3/prometheus-metrics-bom-1.3.3.pom
2025-12-12 10:35:33,792 [Worker-1: Building] INFO  o.e.m.c.i.e.AbstractTransferListenerAdapter - Downloaded https://repo.maven.apache.org/maven2/io/prometheus/prometheus-metrics-bom/1.3.3/prometheus-metrics-bom-1.3.3.pom
2025-12-12 10:35:33,828 [Worker-1: Building] INFO  o.e.m.c.i.e.AbstractTransferListenerAdapter - Downloading https://repo.maven.apache.org/maven2/io/prometheus/client_java/1.3.3/client_java-1.3.3.pom
2025-12-12 10:35:33,831 [Worker-1: Building] INFO  o.e.m.c.i.e.AbstractTransferListenerAdapter - Downloaded https://repo.maven.apache.org/maven2/io/prometheus/client_java/1.3.3/client_java-1.3.3.pom
2025-12-12 10:35:33,890 [Worker-1: Building] INFO  o.e.m.c.i.e.AbstractTransferListenerAdapter - Downloading https://repo.maven.apache.org/maven2/io/prometheus/simpleclient_bom/0.16.0/simpleclient_bom-0.16.0.pom
2025-12-12 10:35:33,894 [Worker-1: Building] INFO  o.e.m.c.i.e.AbstractTransferListenerAdapter - Downloaded https://repo.maven.apache.org/maven2/io/prometheus/simpleclient_bom/0.16.0/simpleclient_bom-0.16.0.pom
2025-12-12 10:35:33,937 [Worker-1: Building] INFO  o.e.m.c.i.e.AbstractTransferListenerAdapter - Downloading https://repo.maven.apache.org/maven2/io/prometheus/parent/0.16.0/parent-0.16.0.pom
2025-12-12 10:35:33,940 [Worker-1: Building] INFO  o.e.m.c.i.e.AbstractTransferListenerAdapter - Downloaded https://repo.maven.apache.org/maven2/io/prometheus/parent/0.16.0/parent-0.16.0.pom
2025-12-12 10:35:33,980 [Worker-1: Building] INFO  o.e.m.c.i.e.AbstractTransferListenerAdapter - Downloading https://repo.maven.apache.org/maven2/org/apache/pulsar/pulsar-bom/3.3.2/pulsar-bom-3.3.2.pom
2025-12-12 10:35:33,983 [Worker-1: Building] INFO  o.e.m.c.i.e.AbstractTransferListenerAdapter - Downloaded https://repo.maven.apache.org/maven2/org/apache/pulsar/pulsar-bom/3.3.2/pulsar-bom-3.3.2.pom
2025-12-12 10:35:34,023 [Worker-1: Building] INFO  o.e.m.c.i.e.AbstractTransferListenerAdapter - Downloading https://repo.maven.apache.org/maven2/com/querydsl/querydsl-bom/5.1.0/querydsl-bom-5.1.0.pom
2025-12-12 10:35:34,026 [Worker-1: Building] INFO  o.e.m.c.i.e.AbstractTransferListenerAdapter - Downloaded https://repo.maven.apache.org/maven2/com/querydsl/querydsl-bom/5.1.0/querydsl-bom-5.1.0.pom
2025-12-12 10:35:34,080 [Worker-1: Building] INFO  o.e.m.c.i.e.AbstractTransferListenerAdapter - Downloading https://repo.maven.apache.org/maven2/io/projectreactor/reactor-bom/2024.0.0/reactor-bom-2024.0.0.pom
2025-12-12 10:35:34,083 [Worker-1: Building] INFO  o.e.m.c.i.e.AbstractTransferListenerAdapter - Downloaded https://repo.maven.apache.org/maven2/io/projectreactor/reactor-bom/2024.0.0/reactor-bom-2024.0.0.pom
2025-12-12 10:35:34,122 [Worker-1: Building] INFO  o.e.m.c.i.e.AbstractTransferListenerAdapter - Downloading https://repo.maven.apache.org/maven2/io/rest-assured/rest-assured-bom/5.5.0/rest-assured-bom-5.5.0.pom
2025-12-12 10:35:34,126 [Worker-1: Building] INFO  o.e.m.c.i.e.AbstractTransferListenerAdapter - Downloaded https://repo.maven.apache.org/maven2/io/rest-assured/rest-assured-bom/5.5.0/rest-assured-bom-5.5.0.pom
2025-12-12 10:35:34,186 [Worker-1: Building] INFO  o.e.m.c.i.e.AbstractTransferListenerAdapter - Downloading https://repo.maven.apache.org/maven2/io/rsocket/rsocket-bom/1.1.3/rsocket-bom-1.1.3.pom
2025-12-12 10:35:34,189 [Worker-1: Building] INFO  o.e.m.c.i.e.AbstractTransferListenerAdapter - Downloaded https://repo.maven.apache.org/maven2/io/rsocket/rsocket-bom/1.1.3/rsocket-bom-1.1.3.pom
2025-12-12 10:35:34,232 [Worker-1: Building] INFO  o.e.m.c.i.e.AbstractTransferListenerAdapter - Downloading https://repo.maven.apache.org/maven2/org/seleniumhq/selenium/selenium-bom/4.25.0/selenium-bom-4.25.0.pom
2025-12-12 10:35:34,234 [Worker-1: Building] INFO  o.e.m.c.i.e.AbstractTransferListenerAdapter - Downloaded https://repo.maven.apache.org/maven2/org/seleniumhq/selenium/selenium-bom/4.25.0/selenium-bom-4.25.0.pom
2025-12-12 10:35:34,283 [Worker-1: Building] INFO  o.e.m.c.i.e.AbstractTransferListenerAdapter - Downloading https://repo.maven.apache.org/maven2/org/springframework/amqp/spring-amqp-bom/3.2.0/spring-amqp-bom-3.2.0.pom
2025-12-12 10:35:34,286 [Worker-1: Building] INFO  o.e.m.c.i.e.AbstractTransferListenerAdapter - Downloaded https://repo.maven.apache.org/maven2/org/springframework/amqp/spring-amqp-bom/3.2.0/spring-amqp-bom-3.2.0.pom
2025-12-12 10:35:34,329 [Worker-1: Building] INFO  o.e.m.c.i.e.AbstractTransferListenerAdapter - Downloading https://repo.maven.apache.org/maven2/org/springframework/batch/spring-batch-bom/5.2.0/spring-batch-bom-5.2.0.pom
2025-12-12 10:35:34,332 [Worker-1: Building] INFO  o.e.m.c.i.e.AbstractTransferListenerAdapter - Downloaded https://repo.maven.apache.org/maven2/org/springframework/batch/spring-batch-bom/5.2.0/spring-batch-bom-5.2.0.pom
2025-12-12 10:35:34,373 [Worker-1: Building] INFO  o.e.m.c.i.e.AbstractTransferListenerAdapter - Downloading https://repo.maven.apache.org/maven2/org/springframework/data/spring-data-bom/2024.1.0/spring-data-bom-2024.1.0.pom
2025-12-12 10:35:34,376 [Worker-1: Building] INFO  o.e.m.c.i.e.AbstractTransferListenerAdapter - Downloaded https://repo.maven.apache.org/maven2/org/springframework/data/spring-data-bom/2024.1.0/spring-data-bom-2024.1.0.pom
2025-12-12 10:35:34,444 [Worker-1: Building] INFO  o.e.m.c.i.e.AbstractTransferListenerAdapter - Downloading https://repo.maven.apache.org/maven2/org/springframework/spring-framework-bom/6.2.0/spring-framework-bom-6.2.0.pom
2025-12-12 10:35:34,447 [Worker-1: Building] INFO  o.e.m.c.i.e.AbstractTransferListenerAdapter - Downloaded https://repo.maven.apache.org/maven2/org/springframework/spring-framework-bom/6.2.0/spring-framework-bom-6.2.0.pom
2025-12-12 10:35:34,496 [Worker-1: Building] INFO  o.e.m.c.i.e.AbstractTransferListenerAdapter - Downloading https://repo.maven.apache.org/maven2/org/springframework/integration/spring-integration-bom/6.4.0/spring-integration-bom-6.4.0.pom
2025-12-12 10:35:34,500 [Worker-1: Building] INFO  o.e.m.c.i.e.AbstractTransferListenerAdapter - Downloaded https://repo.maven.apache.org/maven2/org/springframework/integration/spring-integration-bom/6.4.0/spring-integration-bom-6.4.0.pom
2025-12-12 10:35:34,571 [Worker-1: Building] INFO  o.e.m.c.i.e.AbstractTransferListenerAdapter - Downloading https://repo.maven.apache.org/maven2/org/springframework/pulsar/spring-pulsar-bom/1.2.0/spring-pulsar-bom-1.2.0.pom
2025-12-12 10:35:34,573 [Worker-1: Building] INFO  o.e.m.c.i.e.AbstractTransferListenerAdapter - Downloaded https://repo.maven.apache.org/maven2/org/springframework/pulsar/spring-pulsar-bom/1.2.0/spring-pulsar-bom-1.2.0.pom
2025-12-12 10:35:34,616 [Worker-1: Building] INFO  o.e.m.c.i.e.AbstractTransferListenerAdapter - Downloading https://repo.maven.apache.org/maven2/org/springframework/restdocs/spring-restdocs-bom/3.0.3/spring-restdocs-bom-3.0.3.pom
2025-12-12 10:35:34,618 [Worker-1: Building] INFO  o.e.m.c.i.e.AbstractTransferListenerAdapter - Downloaded https://repo.maven.apache.org/maven2/org/springframework/restdocs/spring-restdocs-bom/3.0.3/spring-restdocs-bom-3.0.3.pom
2025-12-12 10:35:34,654 [Worker-1: Building] INFO  o.e.m.c.i.e.AbstractTransferListenerAdapter - Downloading https://repo.maven.apache.org/maven2/org/springframework/security/spring-security-bom/6.4.1/spring-security-bom-6.4.1.pom
2025-12-12 10:35:34,658 [Worker-1: Building] INFO  o.e.m.c.i.e.AbstractTransferListenerAdapter - Downloaded https://repo.maven.apache.org/maven2/org/springframework/security/spring-security-bom/6.4.1/spring-security-bom-6.4.1.pom
2025-12-12 10:35:34,696 [Worker-1: Building] INFO  o.e.m.c.i.e.AbstractTransferListenerAdapter - Downloading https://repo.maven.apache.org/maven2/org/springframework/session/spring-session-bom/3.4.0/spring-session-bom-3.4.0.pom
2025-12-12 10:35:34,699 [Worker-1: Building] INFO  o.e.m.c.i.e.AbstractTransferListenerAdapter - Downloaded https://repo.maven.apache.org/maven2/org/springframework/session/spring-session-bom/3.4.0/spring-session-bom-3.4.0.pom
2025-12-12 10:35:34,735 [Worker-1: Building] INFO  o.e.m.c.i.e.AbstractTransferListenerAdapter - Downloading https://repo.maven.apache.org/maven2/org/springframework/ws/spring-ws-bom/4.0.11/spring-ws-bom-4.0.11.pom
2025-12-12 10:35:34,738 [Worker-1: Building] INFO  o.e.m.c.i.e.AbstractTransferListenerAdapter - Downloaded https://repo.maven.apache.org/maven2/org/springframework/ws/spring-ws-bom/4.0.11/spring-ws-bom-4.0.11.pom
2025-12-12 10:35:34,780 [Worker-1: Building] INFO  o.e.m.c.i.e.AbstractTransferListenerAdapter - Downloading https://repo.maven.apache.org/maven2/org/testcontainers/testcontainers-bom/1.20.4/testcontainers-bom-1.20.4.pom
2025-12-12 10:35:34,783 [Worker-1: Building] INFO  o.e.m.c.i.e.AbstractTransferListenerAdapter - Downloaded https://repo.maven.apache.org/maven2/org/testcontainers/testcontainers-bom/1.20.4/testcontainers-bom-1.20.4.pom
2025-12-12 10:35:34,990 [Worker-1: Building] INFO  o.e.m.c.i.e.AbstractTransferListenerAdapter - Downloading https://repo.maven.apache.org/maven2/org/apache/maven/plugins/maven-clean-plugin/3.4.0/maven-clean-plugin-3.4.0.jar
2025-12-12 10:35:34,994 [Worker-1: Building] INFO  o.e.m.c.i.e.AbstractTransferListenerAdapter - Downloaded https://repo.maven.apache.org/maven2/org/apache/maven/plugins/maven-clean-plugin/3.4.0/maven-clean-plugin-3.4.0.jar
2025-12-12 10:35:35,041 [Worker-1: Building] INFO  o.e.m.c.i.e.AbstractTransferListenerAdapter - Downloading https://repo.maven.apache.org/maven2/org/apache/maven/plugins/maven-surefire-plugin/3.5.2/maven-surefire-plugin-3.5.2.jar
2025-12-12 10:35:35,045 [Worker-1: Building] INFO  o.e.m.c.i.e.AbstractTransferListenerAdapter - Downloaded https://repo.maven.apache.org/maven2/org/apache/maven/plugins/maven-surefire-plugin/3.5.2/maven-surefire-plugin-3.5.2.jar
2025-12-12 10:35:35,093 [Worker-1: Building] INFO  o.e.m.c.i.e.AbstractTransferListenerAdapter - Downloading https://repo.maven.apache.org/maven2/org/apache/maven/plugins/maven-jar-plugin/3.4.2/maven-jar-plugin-3.4.2.jar
2025-12-12 10:35:35,097 [Worker-1: Building] INFO  o.e.m.c.i.e.AbstractTransferListenerAdapter - Downloaded https://repo.maven.apache.org/maven2/org/apache/maven/plugins/maven-jar-plugin/3.4.2/maven-jar-plugin-3.4.2.jar
2025-12-12 10:35:35,137 [Worker-1: Building] INFO  o.e.m.c.i.e.AbstractTransferListenerAdapter - Downloading https://repo.maven.apache.org/maven2/org/apache/maven/plugins/maven-install-plugin/3.1.3/maven-install-plugin-3.1.3.jar
2025-12-12 10:35:35,143 [Worker-1: Building] INFO  o.e.m.c.i.e.AbstractTransferListenerAdapter - Downloaded https://repo.maven.apache.org/maven2/org/apache/maven/plugins/maven-install-plugin/3.1.3/maven-install-plugin-3.1.3.jar
2025-12-12 10:35:35,203 [Worker-1: Building] INFO  o.e.m.c.i.e.AbstractTransferListenerAdapter - Downloading https://repo.maven.apache.org/maven2/org/apache/maven/plugins/maven-deploy-plugin/3.1.3/maven-deploy-plugin-3.1.3.jar
2025-12-12 10:35:35,207 [Worker-1: Building] INFO  o.e.m.c.i.e.AbstractTransferListenerAdapter - Downloaded https://repo.maven.apache.org/maven2/org/apache/maven/plugins/maven-deploy-plugin/3.1.3/maven-deploy-plugin-3.1.3.jar
2025-12-12 10:35:35,324 [Worker-1: Building] INFO  o.e.m.c.i.l.LifecycleMappingFactory - Using org.eclipse.m2e.jdt.JarLifecycleMapping lifecycle mapping for MavenProject: dev.brunob:PROYECTO_ORTIZBLANCO_BRUNO:0.0.1-SNAPSHOT @ C:\Users\ortiz\OneDrive\Documentos\proyecto\PROYECTO_ORTIZBLANCO_BRUNO\PROYECTO_ORTIZBLANCO_BRUNO\pom.xml.
2025-12-12 10:35:35,383 [Worker-1: Building] INFO  o.e.m.c.i.e.AbstractTransferListenerAdapter - Downloading https://repo.maven.apache.org/maven2/org/apache/maven/plugins/maven-jar-plugin/3.4.2/maven-jar-plugin-3.4.2.pom
2025-12-12 10:35:35,387 [Worker-1: Building] INFO  o.e.m.c.i.e.AbstractTransferListenerAdapter - Downloaded https://repo.maven.apache.org/maven2/org/apache/maven/plugins/maven-jar-plugin/3.4.2/maven-jar-plugin-3.4.2.pom
2025-12-12 10:35:35,459 [Worker-1: Building] INFO  o.a.m.s.f.DefaultMavenResourcesFiltering - skip non existing resourceDirectory C:\Users\ortiz\OneDrive\Documentos\proyecto\PROYECTO_ORTIZBLANCO_BRUNO\PROYECTO_ORTIZBLANCO_BRUNO\src\main\resources
2025-12-12 10:35:35,459 [Worker-1: Building] INFO  o.a.m.s.f.DefaultMavenResourcesFiltering - skip non existing resourceDirectory C:\Users\ortiz\OneDrive\Documentos\proyecto\PROYECTO_ORTIZBLANCO_BRUNO\PROYECTO_ORTIZBLANCO_BRUNO\src\main\resources
2025-12-12 10:35:35,463 [Worker-1: Building] INFO  o.a.m.s.f.DefaultMavenResourcesFiltering - skip non existing resourceDirectory C:\Users\ortiz\OneDrive\Documentos\proyecto\PROYECTO_ORTIZBLANCO_BRUNO\PROYECTO_ORTIZBLANCO_BRUNO\src\test\resources
2025-12-12 10:35:35,588 [Worker-1: Building] INFO  o.e.m.c.i.e.AbstractTransferListenerAdapter - Downloading https://repo.maven.apache.org/maven2/org/apache/maven/plugins/maven-surefire-plugin/3.5.2/maven-surefire-plugin-3.5.2.pom
2025-12-12 10:35:35,591 [Worker-1: Building] INFO  o.e.m.c.i.e.AbstractTransferListenerAdapter - Downloaded https://repo.maven.apache.org/maven2/org/apache/maven/plugins/maven-surefire-plugin/3.5.2/maven-surefire-plugin-3.5.2.pom
2025-12-12 10:35:35,636 [Worker-1: Building] INFO  o.e.m.c.i.e.AbstractTransferListenerAdapter - Downloading https://repo.maven.apache.org/maven2/org/apache/maven/surefire/surefire/3.5.2/surefire-3.5.2.pom
2025-12-12 10:35:35,639 [Worker-1: Building] INFO  o.e.m.c.i.e.AbstractTransferListenerAdapter - Downloaded https://repo.maven.apache.org/maven2/org/apache/maven/surefire/surefire/3.5.2/surefire-3.5.2.pom
2025-12-12 10:35:35,701 [Worker-1: Building] INFO  o.e.m.c.i.e.AbstractTransferListenerAdapter - Downloading https://repo.maven.apache.org/maven2/org/apache/maven/maven-parent/43/maven-parent-43.pom
2025-12-12 10:35:35,706 [Worker-1: Building] INFO  o.e.m.c.i.e.AbstractTransferListenerAdapter - Downloaded https://repo.maven.apache.org/maven2/org/apache/maven/maven-parent/43/maven-parent-43.pom
2025-12-12 10:35:35,779 [Worker-1: Building] INFO  o.e.m.c.i.e.AbstractTransferListenerAdapter - Downloading https://repo.maven.apache.org/maven2/org/junit/junit-bom/5.10.3/junit-bom-5.10.3.pom
2025-12-12 10:35:35,783 [Worker-1: Building] INFO  o.e.m.c.i.e.AbstractTransferListenerAdapter - Downloaded https://repo.maven.apache.org/maven2/org/junit/junit-bom/5.10.3/junit-bom-5.10.3.pom
2025-12-12 10:35:36,000 [Worker-1: Building] WARN  o.apache.maven.project.MavenProject - Direct modification of compileSourceRoots through clear() is deprecated and will not work in Maven 4.0.0. Please use the add/remove methods instead. If you're using a plugin that causes this warning, please upgrade to the latest version and report an issue if the warning persists. To disable these warnings, set -Dmaven.project.sourceRoots.warningsDisabled=true on the command line, in the .mvn/maven.config file, or in project POM properties.
2025-12-12 10:35:36,001 [Worker-1: Building] WARN  o.apache.maven.project.MavenProject - Direct modification of compileSourceRoots through add() is deprecated and will not work in Maven 4.0.0. Please use the add/remove methods instead. If you're using a plugin that causes this warning, please upgrade to the latest version and report an issue if the warning persists. To disable these warnings, set -Dmaven.project.sourceRoots.warningsDisabled=true on the command line, in the .mvn/maven.config file, or in project POM properties.
2025-12-12 10:35:36,001 [Worker-1: Building] WARN  o.apache.maven.project.MavenProject - Direct modification of testCompileSourceRoots through clear() is deprecated and will not work in Maven 4.0.0. Please use the add/remove methods instead. If you're using a plugin that causes this warning, please upgrade to the latest version and report an issue if the warning persists. To disable these warnings, set -Dmaven.project.sourceRoots.warningsDisabled=true on the command line, in the .mvn/maven.config file, or in project POM properties.
2025-12-12 10:35:36,002 [Worker-1: Building] WARN  o.apache.maven.project.MavenProject - Direct modification of testCompileSourceRoots through add() is deprecated and will not work in Maven 4.0.0. Please use the add/remove methods instead. If you're using a plugin that causes this warning, please upgrade to the latest version and report an issue if the warning persists. To disable these warnings, set -Dmaven.project.sourceRoots.warningsDisabled=true on the command line, in the .mvn/maven.config file, or in project POM properties.
2025-12-12 10:43:01,004 [Worker-35: Building] INFO  o.e.m.c.i.e.AbstractTransferListenerAdapter - Downloading https://repo.maven.apache.org/maven2/org/springframework/boot/spring-boot-maven-plugin/3.4.0/spring-boot-maven-plugin-3.4.0.pom
2025-12-12 10:43:01,008 [Worker-35: Building] INFO  o.e.m.c.i.e.AbstractTransferListenerAdapter - Downloaded https://repo.maven.apache.org/maven2/org/springframework/boot/spring-boot-maven-plugin/3.4.0/spring-boot-maven-plugin-3.4.0.pom
2025-12-12 10:43:01,051 [Worker-35: Building] INFO  o.e.m.c.i.e.AbstractTransferListenerAdapter - Downloading https://repo.maven.apache.org/maven2/org/springframework/boot/spring-boot-maven-plugin/3.4.0/spring-boot-maven-plugin-3.4.0.jar
2025-12-12 10:43:01,082 [Worker-35: Building] INFO  o.e.m.c.i.e.AbstractTransferListenerAdapter - Downloaded https://repo.maven.apache.org/maven2/org/springframework/boot/spring-boot-maven-plugin/3.4.0/spring-boot-maven-plugin-3.4.0.jar
2025-12-12 10:43:01,209 [Worker-35: Building] INFO  o.e.m.c.i.l.LifecycleMappingFactory - Using org.eclipse.m2e.jdt.JarLifecycleMapping lifecycle mapping for MavenProject: dev.brunob:PROYECTO_ORTIZBLANCO_BRUNO:0.0.1-SNAPSHOT @ C:\Users\ortiz\OneDrive\Documentos\proyecto\PROYECTO_ORTIZBLANCO_BRUNO\PROYECTO_ORTIZBLANCO_BRUNO\pom.xml.
2025-12-12 10:43:01,249 [Worker-35: Building] INFO  o.e.m.c.i.e.AbstractTransferListenerAdapter - Downloading https://repo.maven.apache.org/maven2/org/springframework/boot/spring-boot-starter-data-jpa/3.4.0/spring-boot-starter-data-jpa-3.4.0.pom
2025-12-12 10:43:01,252 [Worker-35: Building] INFO  o.e.m.c.i.e.AbstractTransferListenerAdapter - Downloaded https://repo.maven.apache.org/maven2/org/springframework/boot/spring-boot-starter-data-jpa/3.4.0/spring-boot-starter-data-jpa-3.4.0.pom
2025-12-12 10:43:01,295 [Worker-35: Building] INFO  o.e.m.c.i.e.AbstractTransferListenerAdapter - Downloading https://repo.maven.apache.org/maven2/org/springframework/boot/spring-boot-starter/3.4.0/spring-boot-starter-3.4.0.pom
2025-12-12 10:43:01,298 [Worker-35: Building] INFO  o.e.m.c.i.e.AbstractTransferListenerAdapter - Downloaded https://repo.maven.apache.org/maven2/org/springframework/boot/spring-boot-starter/3.4.0/spring-boot-starter-3.4.0.pom
2025-12-12 10:43:01,341 [Worker-35: Building] INFO  o.e.m.c.i.e.AbstractTransferListenerAdapter - Downloading https://repo.maven.apache.org/maven2/org/springframework/boot/spring-boot/3.4.0/spring-boot-3.4.0.pom
2025-12-12 10:43:01,344 [Worker-35: Building] INFO  o.e.m.c.i.e.AbstractTransferListenerAdapter - Downloaded https://repo.maven.apache.org/maven2/org/springframework/boot/spring-boot/3.4.0/spring-boot-3.4.0.pom
2025-12-12 10:43:01,386 [Worker-35: Building] INFO  o.e.m.c.i.e.AbstractTransferListenerAdapter - Downloading https://repo.maven.apache.org/maven2/org/springframework/spring-core/6.2.0/spring-core-6.2.0.pom
2025-12-12 10:43:01,388 [Worker-35: Building] INFO  o.e.m.c.i.e.AbstractTransferListenerAdapter - Downloaded https://repo.maven.apache.org/maven2/org/springframework/spring-core/6.2.0/spring-core-6.2.0.pom
2025-12-12 10:43:01,455 [Worker-35: Building] INFO  o.e.m.c.i.e.AbstractTransferListenerAdapter - Downloading https://repo.maven.apache.org/maven2/org/springframework/spring-jcl/6.2.0/spring-jcl-6.2.0.pom
2025-12-12 10:43:01,458 [Worker-35: Building] INFO  o.e.m.c.i.e.AbstractTransferListenerAdapter - Downloaded https://repo.maven.apache.org/maven2/org/springframework/spring-jcl/6.2.0/spring-jcl-6.2.0.pom
2025-12-12 10:43:01,502 [Worker-35: Building] INFO  o.e.m.c.i.e.AbstractTransferListenerAdapter - Downloading https://repo.maven.apache.org/maven2/org/springframework/spring-context/6.2.0/spring-context-6.2.0.pom
2025-12-12 10:43:01,505 [Worker-35: Building] INFO  o.e.m.c.i.e.AbstractTransferListenerAdapter - Downloaded https://repo.maven.apache.org/maven2/org/springframework/spring-context/6.2.0/spring-context-6.2.0.pom
2025-12-12 10:43:01,548 [Worker-35: Building] INFO  o.e.m.c.i.e.AbstractTransferListenerAdapter - Downloading https://repo.maven.apache.org/maven2/org/springframework/spring-aop/6.2.0/spring-aop-6.2.0.pom
2025-12-12 10:43:01,550 [Worker-35: Building] INFO  o.e.m.c.i.e.AbstractTransferListenerAdapter - Downloaded https://repo.maven.apache.org/maven2/org/springframework/spring-aop/6.2.0/spring-aop-6.2.0.pom
2025-12-12 10:43:01,601 [Worker-35: Building] INFO  o.e.m.c.i.e.AbstractTransferListenerAdapter - Downloading https://repo.maven.apache.org/maven2/org/springframework/spring-beans/6.2.0/spring-beans-6.2.0.pom
2025-12-12 10:43:01,604 [Worker-35: Building] INFO  o.e.m.c.i.e.AbstractTransferListenerAdapter - Downloaded https://repo.maven.apache.org/maven2/org/springframework/spring-beans/6.2.0/spring-beans-6.2.0.pom
2025-12-12 10:43:01,661 [Worker-35: Building] INFO  o.e.m.c.i.e.AbstractTransferListenerAdapter - Downloading https://repo.maven.apache.org/maven2/org/springframework/spring-expression/6.2.0/spring-expression-6.2.0.pom
2025-12-12 10:43:01,664 [Worker-35: Building] INFO  o.e.m.c.i.e.AbstractTransferListenerAdapter - Downloaded https://repo.maven.apache.org/maven2/org/springframework/spring-expression/6.2.0/spring-expression-6.2.0.pom
2025-12-12 10:43:01,704 [Worker-35: Building] INFO  o.e.m.c.i.e.AbstractTransferListenerAdapter - Downloading https://repo.maven.apache.org/maven2/io/micrometer/micrometer-observation/1.14.1/micrometer-observation-1.14.1.pom
2025-12-12 10:43:01,712 [Worker-35: Building] INFO  o.e.m.c.i.e.AbstractTransferListenerAdapter - Downloaded https://repo.maven.apache.org/maven2/io/micrometer/micrometer-observation/1.14.1/micrometer-observation-1.14.1.pom
2025-12-12 10:43:01,759 [Worker-35: Building] INFO  o.e.m.c.i.e.AbstractTransferListenerAdapter - Downloading https://repo.maven.apache.org/maven2/io/micrometer/micrometer-commons/1.14.1/micrometer-commons-1.14.1.pom
2025-12-12 10:43:01,762 [Worker-35: Building] INFO  o.e.m.c.i.e.AbstractTransferListenerAdapter - Downloaded https://repo.maven.apache.org/maven2/io/micrometer/micrometer-commons/1.14.1/micrometer-commons-1.14.1.pom
2025-12-12 10:43:01,810 [Worker-35: Building] INFO  o.e.m.c.i.e.AbstractTransferListenerAdapter - Downloading https://repo.maven.apache.org/maven2/org/springframework/boot/spring-boot-autoconfigure/3.4.0/spring-boot-autoconfigure-3.4.0.pom
2025-12-12 10:43:01,813 [Worker-35: Building] INFO  o.e.m.c.i.e.AbstractTransferListenerAdapter - Downloaded https://repo.maven.apache.org/maven2/org/springframework/boot/spring-boot-autoconfigure/3.4.0/spring-boot-autoconfigure-3.4.0.pom
2025-12-12 10:43:01,851 [Worker-35: Building] INFO  o.e.m.c.i.e.AbstractTransferListenerAdapter - Downloading https://repo.maven.apache.org/maven2/org/springframework/boot/spring-boot-starter-logging/3.4.0/spring-boot-starter-logging-3.4.0.pom
2025-12-12 10:43:01,853 [Worker-35: Building] INFO  o.e.m.c.i.e.AbstractTransferListenerAdapter - Downloaded https://repo.maven.apache.org/maven2/org/springframework/boot/spring-boot-starter-logging/3.4.0/spring-boot-starter-logging-3.4.0.pom
2025-12-12 10:43:01,898 [Worker-35: Building] INFO  o.e.m.c.i.e.AbstractTransferListenerAdapter - Downloading https://repo.maven.apache.org/maven2/ch/qos/logback/logback-classic/1.5.12/logback-classic-1.5.12.pom
2025-12-12 10:43:01,901 [Worker-35: Building] INFO  o.e.m.c.i.e.AbstractTransferListenerAdapter - Downloaded https://repo.maven.apache.org/maven2/ch/qos/logback/logback-classic/1.5.12/logback-classic-1.5.12.pom
2025-12-12 10:43:01,938 [Worker-35: Building] INFO  o.e.m.c.i.e.AbstractTransferListenerAdapter - Downloading https://repo.maven.apache.org/maven2/ch/qos/logback/logback-parent/1.5.12/logback-parent-1.5.12.pom
2025-12-12 10:43:01,941 [Worker-35: Building] INFO  o.e.m.c.i.e.AbstractTransferListenerAdapter - Downloaded https://repo.maven.apache.org/maven2/ch/qos/logback/logback-parent/1.5.12/logback-parent-1.5.12.pom
2025-12-12 10:43:01,982 [Worker-35: Building] INFO  o.e.m.c.i.e.AbstractTransferListenerAdapter - Downloading https://repo.maven.apache.org/maven2/ch/qos/logback/logback-core/1.5.12/logback-core-1.5.12.pom
2025-12-12 10:43:01,985 [Worker-35: Building] INFO  o.e.m.c.i.e.AbstractTransferListenerAdapter - Downloaded https://repo.maven.apache.org/maven2/ch/qos/logback/logback-core/1.5.12/logback-core-1.5.12.pom
2025-12-12 10:43:02,027 [Worker-35: Building] INFO  o.e.m.c.i.e.AbstractTransferListenerAdapter - Downloading https://repo.maven.apache.org/maven2/org/slf4j/slf4j-api/2.0.16/slf4j-api-2.0.16.pom
2025-12-12 10:43:02,030 [Worker-35: Building] INFO  o.e.m.c.i.e.AbstractTransferListenerAdapter - Downloaded https://repo.maven.apache.org/maven2/org/slf4j/slf4j-api/2.0.16/slf4j-api-2.0.16.pom
2025-12-12 10:43:02,069 [Worker-35: Building] INFO  o.e.m.c.i.e.AbstractTransferListenerAdapter - Downloading https://repo.maven.apache.org/maven2/org/slf4j/slf4j-parent/2.0.16/slf4j-parent-2.0.16.pom
2025-12-12 10:43:02,071 [Worker-35: Building] INFO  o.e.m.c.i.e.AbstractTransferListenerAdapter - Downloaded https://repo.maven.apache.org/maven2/org/slf4j/slf4j-parent/2.0.16/slf4j-parent-2.0.16.pom
2025-12-12 10:43:02,114 [Worker-35: Building] INFO  o.e.m.c.i.e.AbstractTransferListenerAdapter - Downloading https://repo.maven.apache.org/maven2/org/slf4j/slf4j-bom/2.0.16/slf4j-bom-2.0.16.pom
2025-12-12 10:43:02,117 [Worker-35: Building] INFO  o.e.m.c.i.e.AbstractTransferListenerAdapter - Downloaded https://repo.maven.apache.org/maven2/org/slf4j/slf4j-bom/2.0.16/slf4j-bom-2.0.16.pom
2025-12-12 10:43:02,156 [Worker-35: Building] INFO  o.e.m.c.i.e.AbstractTransferListenerAdapter - Downloading https://repo.maven.apache.org/maven2/org/apache/logging/log4j/log4j-to-slf4j/2.24.1/log4j-to-slf4j-2.24.1.pom
2025-12-12 10:43:02,159 [Worker-35: Building] INFO  o.e.m.c.i.e.AbstractTransferListenerAdapter - Downloaded https://repo.maven.apache.org/maven2/org/apache/logging/log4j/log4j-to-slf4j/2.24.1/log4j-to-slf4j-2.24.1.pom
2025-12-12 10:43:02,202 [Worker-35: Building] INFO  o.e.m.c.i.e.AbstractTransferListenerAdapter - Downloading https://repo.maven.apache.org/maven2/org/apache/logging/log4j/log4j/2.24.1/log4j-2.24.1.pom
2025-12-12 10:43:02,211 [Worker-35: Building] INFO  o.e.m.c.i.e.AbstractTransferListenerAdapter - Downloaded https://repo.maven.apache.org/maven2/org/apache/logging/log4j/log4j/2.24.1/log4j-2.24.1.pom
2025-12-12 10:43:02,257 [Worker-35: Building] INFO  o.e.m.c.i.e.AbstractTransferListenerAdapter - Downloading https://repo.maven.apache.org/maven2/org/apache/groovy/groovy-bom/4.0.22/groovy-bom-4.0.22.pom
2025-12-12 10:43:02,261 [Worker-35: Building] INFO  o.e.m.c.i.e.AbstractTransferListenerAdapter - Downloaded https://repo.maven.apache.org/maven2/org/apache/groovy/groovy-bom/4.0.22/groovy-bom-4.0.22.pom
2025-12-12 10:43:02,297 [Worker-35: Building] INFO  o.e.m.c.i.e.AbstractTransferListenerAdapter - Downloading https://repo.maven.apache.org/maven2/com/fasterxml/jackson/jackson-bom/2.17.2/jackson-bom-2.17.2.pom
2025-12-12 10:43:02,300 [Worker-35: Building] INFO  o.e.m.c.i.e.AbstractTransferListenerAdapter - Downloaded https://repo.maven.apache.org/maven2/com/fasterxml/jackson/jackson-bom/2.17.2/jackson-bom-2.17.2.pom
2025-12-12 10:43:02,344 [Worker-35: Building] INFO  o.e.m.c.i.e.AbstractTransferListenerAdapter - Downloading https://repo.maven.apache.org/maven2/com/fasterxml/jackson/jackson-parent/2.17/jackson-parent-2.17.pom
2025-12-12 10:43:02,347 [Worker-35: Building] INFO  o.e.m.c.i.e.AbstractTransferListenerAdapter - Downloaded https://repo.maven.apache.org/maven2/com/fasterxml/jackson/jackson-parent/2.17/jackson-parent-2.17.pom
2025-12-12 10:43:02,391 [Worker-35: Building] INFO  o.e.m.c.i.e.AbstractTransferListenerAdapter - Downloading https://repo.maven.apache.org/maven2/com/fasterxml/oss-parent/58/oss-parent-58.pom
2025-12-12 10:43:02,394 [Worker-35: Building] INFO  o.e.m.c.i.e.AbstractTransferListenerAdapter - Downloaded https://repo.maven.apache.org/maven2/com/fasterxml/oss-parent/58/oss-parent-58.pom
2025-12-12 10:43:02,436 [Worker-35: Building] INFO  o.e.m.c.i.e.AbstractTransferListenerAdapter - Downloading https://repo.maven.apache.org/maven2/jakarta/platform/jakarta.jakartaee-bom/9.1.0/jakarta.jakartaee-bom-9.1.0.pom
2025-12-12 10:43:02,439 [Worker-35: Building] INFO  o.e.m.c.i.e.AbstractTransferListenerAdapter - Downloaded https://repo.maven.apache.org/maven2/jakarta/platform/jakarta.jakartaee-bom/9.1.0/jakarta.jakartaee-bom-9.1.0.pom
2025-12-12 10:43:02,477 [Worker-35: Building] INFO  o.e.m.c.i.e.AbstractTransferListenerAdapter - Downloading https://repo.maven.apache.org/maven2/jakarta/platform/jakartaee-api-parent/9.1.0/jakartaee-api-parent-9.1.0.pom
2025-12-12 10:43:02,480 [Worker-35: Building] INFO  o.e.m.c.i.e.AbstractTransferListenerAdapter - Downloaded https://repo.maven.apache.org/maven2/jakarta/platform/jakartaee-api-parent/9.1.0/jakartaee-api-parent-9.1.0.pom
2025-12-12 10:43:02,520 [Worker-35: Building] INFO  o.e.m.c.i.e.AbstractTransferListenerAdapter - Downloading https://repo.maven.apache.org/maven2/org/eclipse/ee4j/project/1.0.7/project-1.0.7.pom
2025-12-12 10:43:02,523 [Worker-35: Building] INFO  o.e.m.c.i.e.AbstractTransferListenerAdapter - Downloaded https://repo.maven.apache.org/maven2/org/eclipse/ee4j/project/1.0.7/project-1.0.7.pom
2025-12-12 10:43:02,572 [Worker-35: Building] INFO  o.e.m.c.i.e.AbstractTransferListenerAdapter - Downloading https://repo.maven.apache.org/maven2/org/mockito/mockito-bom/4.11.0/mockito-bom-4.11.0.pom
2025-12-12 10:43:02,575 [Worker-35: Building] INFO  o.e.m.c.i.e.AbstractTransferListenerAdapter - Downloaded https://repo.maven.apache.org/maven2/org/mockito/mockito-bom/4.11.0/mockito-bom-4.11.0.pom
2025-12-12 10:43:02,620 [Worker-35: Building] INFO  o.e.m.c.i.e.AbstractTransferListenerAdapter - Downloading https://repo.maven.apache.org/maven2/org/springframework/spring-framework-bom/5.3.39/spring-framework-bom-5.3.39.pom
2025-12-12 10:43:02,623 [Worker-35: Building] INFO  o.e.m.c.i.e.AbstractTransferListenerAdapter - Downloaded https://repo.maven.apache.org/maven2/org/springframework/spring-framework-bom/5.3.39/spring-framework-bom-5.3.39.pom
2025-12-12 10:43:02,663 [Worker-35: Building] INFO  o.e.m.c.i.e.AbstractTransferListenerAdapter - Downloading https://repo.maven.apache.org/maven2/org/apache/logging/log4j/log4j-api/2.24.1/log4j-api-2.24.1.pom
2025-12-12 10:43:02,666 [Worker-35: Building] INFO  o.e.m.c.i.e.AbstractTransferListenerAdapter - Downloaded https://repo.maven.apache.org/maven2/org/apache/logging/log4j/log4j-api/2.24.1/log4j-api-2.24.1.pom
2025-12-12 10:43:02,720 [Worker-35: Building] INFO  o.e.m.c.i.e.AbstractTransferListenerAdapter - Downloading https://repo.maven.apache.org/maven2/org/slf4j/jul-to-slf4j/2.0.16/jul-to-slf4j-2.0.16.pom
2025-12-12 10:43:02,724 [Worker-35: Building] INFO  o.e.m.c.i.e.AbstractTransferListenerAdapter - Downloaded https://repo.maven.apache.org/maven2/org/slf4j/jul-to-slf4j/2.0.16/jul-to-slf4j-2.0.16.pom
2025-12-12 10:43:02,763 [Worker-35: Building] INFO  o.e.m.c.i.e.AbstractTransferListenerAdapter - Downloading https://repo.maven.apache.org/maven2/jakarta/annotation/jakarta.annotation-api/2.1.1/jakarta.annotation-api-2.1.1.pom
2025-12-12 10:43:02,766 [Worker-35: Building] INFO  o.e.m.c.i.e.AbstractTransferListenerAdapter - Downloaded https://repo.maven.apache.org/maven2/jakarta/annotation/jakarta.annotation-api/2.1.1/jakarta.annotation-api-2.1.1.pom
2025-12-12 10:43:02,808 [Worker-35: Building] INFO  o.e.m.c.i.e.AbstractTransferListenerAdapter - Downloading https://repo.maven.apache.org/maven2/org/yaml/snakeyaml/2.3/snakeyaml-2.3.pom
2025-12-12 10:43:02,811 [Worker-35: Building] INFO  o.e.m.c.i.e.AbstractTransferListenerAdapter - Downloaded https://repo.maven.apache.org/maven2/org/yaml/snakeyaml/2.3/snakeyaml-2.3.pom
2025-12-12 10:43:02,866 [Worker-35: Building] INFO  o.e.m.c.i.e.AbstractTransferListenerAdapter - Downloading https://repo.maven.apache.org/maven2/org/springframework/boot/spring-boot-starter-jdbc/3.4.0/spring-boot-starter-jdbc-3.4.0.pom
2025-12-12 10:43:02,869 [Worker-35: Building] INFO  o.e.m.c.i.e.AbstractTransferListenerAdapter - Downloaded https://repo.maven.apache.org/maven2/org/springframework/boot/spring-boot-starter-jdbc/3.4.0/spring-boot-starter-jdbc-3.4.0.pom
2025-12-12 10:43:02,903 [Worker-35: Building] INFO  o.e.m.c.i.e.AbstractTransferListenerAdapter - Downloading https://repo.maven.apache.org/maven2/com/zaxxer/HikariCP/5.1.0/HikariCP-5.1.0.pom
2025-12-12 10:43:02,906 [Worker-35: Building] INFO  o.e.m.c.i.e.AbstractTransferListenerAdapter - Downloaded https://repo.maven.apache.org/maven2/com/zaxxer/HikariCP/5.1.0/HikariCP-5.1.0.pom
2025-12-12 10:43:02,948 [Worker-35: Building] INFO  o.e.m.c.i.e.AbstractTransferListenerAdapter - Downloading https://repo.maven.apache.org/maven2/org/springframework/spring-jdbc/6.2.0/spring-jdbc-6.2.0.pom
2025-12-12 10:43:02,951 [Worker-35: Building] INFO  o.e.m.c.i.e.AbstractTransferListenerAdapter - Downloaded https://repo.maven.apache.org/maven2/org/springframework/spring-jdbc/6.2.0/spring-jdbc-6.2.0.pom
2025-12-12 10:43:02,998 [Worker-35: Building] INFO  o.e.m.c.i.e.AbstractTransferListenerAdapter - Downloading https://repo.maven.apache.org/maven2/org/springframework/spring-tx/6.2.0/spring-tx-6.2.0.pom
2025-12-12 10:43:03,001 [Worker-35: Building] INFO  o.e.m.c.i.e.AbstractTransferListenerAdapter - Downloaded https://repo.maven.apache.org/maven2/org/springframework/spring-tx/6.2.0/spring-tx-6.2.0.pom
2025-12-12 10:43:03,040 [Worker-35: Building] INFO  o.e.m.c.i.e.AbstractTransferListenerAdapter - Downloading https://repo.maven.apache.org/maven2/org/hibernate/orm/hibernate-core/6.6.2.Final/hibernate-core-6.6.2.Final.pom
2025-12-12 10:43:03,042 [Worker-35: Building] INFO  o.e.m.c.i.e.AbstractTransferListenerAdapter - Downloaded https://repo.maven.apache.org/maven2/org/hibernate/orm/hibernate-core/6.6.2.Final/hibernate-core-6.6.2.Final.pom
2025-12-12 10:43:03,080 [Worker-35: Building] INFO  o.e.m.c.i.e.AbstractTransferListenerAdapter - Downloading https://repo.maven.apache.org/maven2/jakarta/persistence/jakarta.persistence-api/3.1.0/jakarta.persistence-api-3.1.0.pom
2025-12-12 10:43:03,083 [Worker-35: Building] INFO  o.e.m.c.i.e.AbstractTransferListenerAdapter - Downloaded https://repo.maven.apache.org/maven2/jakarta/persistence/jakarta.persistence-api/3.1.0/jakarta.persistence-api-3.1.0.pom
2025-12-12 10:43:03,121 [Worker-35: Building] INFO  o.e.m.c.i.e.AbstractTransferListenerAdapter - Downloading https://repo.maven.apache.org/maven2/jakarta/transaction/jakarta.transaction-api/2.0.1/jakarta.transaction-api-2.0.1.pom
2025-12-12 10:43:03,124 [Worker-35: Building] INFO  o.e.m.c.i.e.AbstractTransferListenerAdapter - Downloaded https://repo.maven.apache.org/maven2/jakarta/transaction/jakarta.transaction-api/2.0.1/jakarta.transaction-api-2.0.1.pom
2025-12-12 10:43:03,163 [Worker-35: Building] INFO  o.e.m.c.i.e.AbstractTransferListenerAdapter - Downloading https://repo.maven.apache.org/maven2/org/eclipse/ee4j/project/1.0.6/project-1.0.6.pom
2025-12-12 10:43:03,165 [Worker-35: Building] INFO  o.e.m.c.i.e.AbstractTransferListenerAdapter - Downloaded https://repo.maven.apache.org/maven2/org/eclipse/ee4j/project/1.0.6/project-1.0.6.pom
2025-12-12 10:43:03,217 [Worker-35: Building] INFO  o.e.m.c.i.e.AbstractTransferListenerAdapter - Downloading https://repo.maven.apache.org/maven2/org/jboss/logging/jboss-logging/3.6.1.Final/jboss-logging-3.6.1.Final.pom
2025-12-12 10:43:03,220 [Worker-35: Building] INFO  o.e.m.c.i.e.AbstractTransferListenerAdapter - Downloaded https://repo.maven.apache.org/maven2/org/jboss/logging/jboss-logging/3.6.1.Final/jboss-logging-3.6.1.Final.pom
2025-12-12 10:43:03,260 [Worker-35: Building] INFO  o.e.m.c.i.e.AbstractTransferListenerAdapter - Downloading https://repo.maven.apache.org/maven2/org/jboss/logging/logging-parent/1.0.3.Final/logging-parent-1.0.3.Final.pom
2025-12-12 10:43:03,263 [Worker-35: Building] INFO  o.e.m.c.i.e.AbstractTransferListenerAdapter - Downloaded https://repo.maven.apache.org/maven2/org/jboss/logging/logging-parent/1.0.3.Final/logging-parent-1.0.3.Final.pom
2025-12-12 10:43:03,307 [Worker-35: Building] INFO  o.e.m.c.i.e.AbstractTransferListenerAdapter - Downloading https://repo.maven.apache.org/maven2/org/jboss/jboss-parent/42/jboss-parent-42.pom
2025-12-12 10:43:03,310 [Worker-35: Building] INFO  o.e.m.c.i.e.AbstractTransferListenerAdapter - Downloaded https://repo.maven.apache.org/maven2/org/jboss/jboss-parent/42/jboss-parent-42.pom
2025-12-12 10:43:03,351 [Worker-35: Building] INFO  o.e.m.c.i.e.AbstractTransferListenerAdapter - Downloading https://repo.maven.apache.org/maven2/org/junit/junit-bom/5.11.0/junit-bom-5.11.0.pom
2025-12-12 10:43:03,354 [Worker-35: Building] INFO  o.e.m.c.i.e.AbstractTransferListenerAdapter - Downloaded https://repo.maven.apache.org/maven2/org/junit/junit-bom/5.11.0/junit-bom-5.11.0.pom
2025-12-12 10:43:03,396 [Worker-35: Building] INFO  o.e.m.c.i.e.AbstractTransferListenerAdapter - Downloading https://repo.maven.apache.org/maven2/org/hibernate/common/hibernate-commons-annotations/7.0.3.Final/hibernate-commons-annotations-7.0.3.Final.pom
2025-12-12 10:43:03,399 [Worker-35: Building] INFO  o.e.m.c.i.e.AbstractTransferListenerAdapter - Downloaded https://repo.maven.apache.org/maven2/org/hibernate/common/hibernate-commons-annotations/7.0.3.Final/hibernate-commons-annotations-7.0.3.Final.pom
2025-12-12 10:43:03,436 [Worker-35: Building] INFO  o.e.m.c.i.e.AbstractTransferListenerAdapter - Downloading https://repo.maven.apache.org/maven2/io/smallrye/jandex/3.2.0/jandex-3.2.0.pom
2025-12-12 10:43:03,439 [Worker-35: Building] INFO  o.e.m.c.i.e.AbstractTransferListenerAdapter - Downloaded https://repo.maven.apache.org/maven2/io/smallrye/jandex/3.2.0/jandex-3.2.0.pom
2025-12-12 10:43:03,477 [Worker-35: Building] INFO  o.e.m.c.i.e.AbstractTransferListenerAdapter - Downloading https://repo.maven.apache.org/maven2/io/smallrye/jandex-parent/3.2.0/jandex-parent-3.2.0.pom
2025-12-12 10:43:03,480 [Worker-35: Building] INFO  o.e.m.c.i.e.AbstractTransferListenerAdapter - Downloaded https://repo.maven.apache.org/maven2/io/smallrye/jandex-parent/3.2.0/jandex-parent-3.2.0.pom
2025-12-12 10:43:03,518 [Worker-35: Building] INFO  o.e.m.c.i.e.AbstractTransferListenerAdapter - Downloading https://repo.maven.apache.org/maven2/io/smallrye/smallrye-build-parent/42/smallrye-build-parent-42.pom
2025-12-12 10:43:03,521 [Worker-35: Building] INFO  o.e.m.c.i.e.AbstractTransferListenerAdapter - Downloaded https://repo.maven.apache.org/maven2/io/smallrye/smallrye-build-parent/42/smallrye-build-parent-42.pom
2025-12-12 10:43:03,568 [Worker-35: Building] INFO  o.e.m.c.i.e.AbstractTransferListenerAdapter - Downloading https://repo.maven.apache.org/maven2/com/fasterxml/classmate/1.7.0/classmate-1.7.0.pom
2025-12-12 10:43:03,571 [Worker-35: Building] INFO  o.e.m.c.i.e.AbstractTransferListenerAdapter - Downloaded https://repo.maven.apache.org/maven2/com/fasterxml/classmate/1.7.0/classmate-1.7.0.pom
2025-12-12 10:43:03,616 [Worker-35: Building] INFO  o.e.m.c.i.e.AbstractTransferListenerAdapter - Downloading https://repo.maven.apache.org/maven2/com/fasterxml/oss-parent/56/oss-parent-56.pom
2025-12-12 10:43:03,618 [Worker-35: Building] INFO  o.e.m.c.i.e.AbstractTransferListenerAdapter - Downloaded https://repo.maven.apache.org/maven2/com/fasterxml/oss-parent/56/oss-parent-56.pom
2025-12-12 10:43:03,673 [Worker-35: Building] INFO  o.e.m.c.i.e.AbstractTransferListenerAdapter - Downloading https://repo.maven.apache.org/maven2/net/bytebuddy/byte-buddy/1.15.10/byte-buddy-1.15.10.pom
2025-12-12 10:43:03,675 [Worker-35: Building] INFO  o.e.m.c.i.e.AbstractTransferListenerAdapter - Downloaded https://repo.maven.apache.org/maven2/net/bytebuddy/byte-buddy/1.15.10/byte-buddy-1.15.10.pom
2025-12-12 10:43:03,713 [Worker-35: Building] INFO  o.e.m.c.i.e.AbstractTransferListenerAdapter - Downloading https://repo.maven.apache.org/maven2/net/bytebuddy/byte-buddy-parent/1.15.10/byte-buddy-parent-1.15.10.pom
2025-12-12 10:43:03,717 [Worker-35: Building] INFO  o.e.m.c.i.e.AbstractTransferListenerAdapter - Downloaded https://repo.maven.apache.org/maven2/net/bytebuddy/byte-buddy-parent/1.15.10/byte-buddy-parent-1.15.10.pom
2025-12-12 10:43:03,770 [Worker-35: Building] INFO  o.e.m.c.i.e.AbstractTransferListenerAdapter - Downloading https://repo.maven.apache.org/maven2/jakarta/xml/bind/jakarta.xml.bind-api/4.0.2/jakarta.xml.bind-api-4.0.2.pom
2025-12-12 10:43:03,773 [Worker-35: Building] INFO  o.e.m.c.i.e.AbstractTransferListenerAdapter - Downloaded https://repo.maven.apache.org/maven2/jakarta/xml/bind/jakarta.xml.bind-api/4.0.2/jakarta.xml.bind-api-4.0.2.pom
2025-12-12 10:43:03,808 [Worker-35: Building] INFO  o.e.m.c.i.e.AbstractTransferListenerAdapter - Downloading https://repo.maven.apache.org/maven2/jakarta/xml/bind/jakarta.xml.bind-api-parent/4.0.2/jakarta.xml.bind-api-parent-4.0.2.pom
2025-12-12 10:43:03,811 [Worker-35: Building] INFO  o.e.m.c.i.e.AbstractTransferListenerAdapter - Downloaded https://repo.maven.apache.org/maven2/jakarta/xml/bind/jakarta.xml.bind-api-parent/4.0.2/jakarta.xml.bind-api-parent-4.0.2.pom
2025-12-12 10:43:03,852 [Worker-35: Building] INFO  o.e.m.c.i.e.AbstractTransferListenerAdapter - Downloading https://repo.maven.apache.org/maven2/jakarta/activation/jakarta.activation-api/2.1.3/jakarta.activation-api-2.1.3.pom
2025-12-12 10:43:03,855 [Worker-35: Building] INFO  o.e.m.c.i.e.AbstractTransferListenerAdapter - Downloaded https://repo.maven.apache.org/maven2/jakarta/activation/jakarta.activation-api/2.1.3/jakarta.activation-api-2.1.3.pom
2025-12-12 10:43:03,890 [Worker-35: Building] INFO  o.e.m.c.i.e.AbstractTransferListenerAdapter - Downloading https://repo.maven.apache.org/maven2/org/glassfish/jaxb/jaxb-runtime/4.0.5/jaxb-runtime-4.0.5.pom
2025-12-12 10:43:03,894 [Worker-35: Building] INFO  o.e.m.c.i.e.AbstractTransferListenerAdapter - Downloaded https://repo.maven.apache.org/maven2/org/glassfish/jaxb/jaxb-runtime/4.0.5/jaxb-runtime-4.0.5.pom
2025-12-12 10:43:03,936 [Worker-35: Building] INFO  o.e.m.c.i.e.AbstractTransferListenerAdapter - Downloading https://repo.maven.apache.org/maven2/com/sun/xml/bind/mvn/jaxb-runtime-parent/4.0.5/jaxb-runtime-parent-4.0.5.pom
2025-12-12 10:43:03,940 [Worker-35: Building] INFO  o.e.m.c.i.e.AbstractTransferListenerAdapter - Downloaded https://repo.maven.apache.org/maven2/com/sun/xml/bind/mvn/jaxb-runtime-parent/4.0.5/jaxb-runtime-parent-4.0.5.pom
2025-12-12 10:43:03,979 [Worker-35: Building] INFO  o.e.m.c.i.e.AbstractTransferListenerAdapter - Downloading https://repo.maven.apache.org/maven2/com/sun/xml/bind/mvn/jaxb-parent/4.0.5/jaxb-parent-4.0.5.pom
2025-12-12 10:43:03,982 [Worker-35: Building] INFO  o.e.m.c.i.e.AbstractTransferListenerAdapter - Downloaded https://repo.maven.apache.org/maven2/com/sun/xml/bind/mvn/jaxb-parent/4.0.5/jaxb-parent-4.0.5.pom
2025-12-12 10:43:04,058 [Worker-35: Building] INFO  o.e.m.c.i.e.AbstractTransferListenerAdapter - Downloading https://repo.maven.apache.org/maven2/com/sun/xml/bind/jaxb-bom-ext/4.0.5/jaxb-bom-ext-4.0.5.pom
2025-12-12 10:43:04,061 [Worker-35: Building] INFO  o.e.m.c.i.e.AbstractTransferListenerAdapter - Downloaded https://repo.maven.apache.org/maven2/com/sun/xml/bind/jaxb-bom-ext/4.0.5/jaxb-bom-ext-4.0.5.pom
2025-12-12 10:43:04,100 [Worker-35: Building] INFO  o.e.m.c.i.e.AbstractTransferListenerAdapter - Downloading https://repo.maven.apache.org/maven2/org/glassfish/jaxb/jaxb-core/4.0.5/jaxb-core-4.0.5.pom
2025-12-12 10:43:04,103 [Worker-35: Building] INFO  o.e.m.c.i.e.AbstractTransferListenerAdapter - Downloaded https://repo.maven.apache.org/maven2/org/glassfish/jaxb/jaxb-core/4.0.5/jaxb-core-4.0.5.pom
2025-12-12 10:43:04,143 [Worker-35: Building] INFO  o.e.m.c.i.e.AbstractTransferListenerAdapter - Downloading https://repo.maven.apache.org/maven2/org/eclipse/angus/angus-activation/2.0.2/angus-activation-2.0.2.pom
2025-12-12 10:43:04,146 [Worker-35: Building] INFO  o.e.m.c.i.e.AbstractTransferListenerAdapter - Downloaded https://repo.maven.apache.org/maven2/org/eclipse/angus/angus-activation/2.0.2/angus-activation-2.0.2.pom
2025-12-12 10:43:04,192 [Worker-35: Building] INFO  o.e.m.c.i.e.AbstractTransferListenerAdapter - Downloading https://repo.maven.apache.org/maven2/org/eclipse/angus/angus-activation-project/2.0.2/angus-activation-project-2.0.2.pom
2025-12-12 10:43:04,195 [Worker-35: Building] INFO  o.e.m.c.i.e.AbstractTransferListenerAdapter - Downloaded https://repo.maven.apache.org/maven2/org/eclipse/angus/angus-activation-project/2.0.2/angus-activation-project-2.0.2.pom
2025-12-12 10:43:04,241 [Worker-35: Building] INFO  o.e.m.c.i.e.AbstractTransferListenerAdapter - Downloading https://repo.maven.apache.org/maven2/org/glassfish/jaxb/txw2/4.0.5/txw2-4.0.5.pom
2025-12-12 10:43:04,244 [Worker-35: Building] INFO  o.e.m.c.i.e.AbstractTransferListenerAdapter - Downloaded https://repo.maven.apache.org/maven2/org/glassfish/jaxb/txw2/4.0.5/txw2-4.0.5.pom
2025-12-12 10:43:04,279 [Worker-35: Building] INFO  o.e.m.c.i.e.AbstractTransferListenerAdapter - Downloading https://repo.maven.apache.org/maven2/com/sun/xml/bind/mvn/jaxb-txw-parent/4.0.5/jaxb-txw-parent-4.0.5.pom
2025-12-12 10:43:04,282 [Worker-35: Building] INFO  o.e.m.c.i.e.AbstractTransferListenerAdapter - Downloaded https://repo.maven.apache.org/maven2/com/sun/xml/bind/mvn/jaxb-txw-parent/4.0.5/jaxb-txw-parent-4.0.5.pom
2025-12-12 10:43:04,352 [Worker-35: Building] INFO  o.e.m.c.i.e.AbstractTransferListenerAdapter - Downloading https://repo.maven.apache.org/maven2/com/sun/istack/istack-commons-runtime/4.1.2/istack-commons-runtime-4.1.2.pom
2025-12-12 10:43:04,355 [Worker-35: Building] INFO  o.e.m.c.i.e.AbstractTransferListenerAdapter - Downloaded https://repo.maven.apache.org/maven2/com/sun/istack/istack-commons-runtime/4.1.2/istack-commons-runtime-4.1.2.pom
2025-12-12 10:43:04,393 [Worker-35: Building] INFO  o.e.m.c.i.e.AbstractTransferListenerAdapter - Downloading https://repo.maven.apache.org/maven2/com/sun/istack/istack-commons/4.1.2/istack-commons-4.1.2.pom
2025-12-12 10:43:04,396 [Worker-35: Building] INFO  o.e.m.c.i.e.AbstractTransferListenerAdapter - Downloaded https://repo.maven.apache.org/maven2/com/sun/istack/istack-commons/4.1.2/istack-commons-4.1.2.pom
2025-12-12 10:43:04,443 [Worker-35: Building] INFO  o.e.m.c.i.e.AbstractTransferListenerAdapter - Downloading https://repo.maven.apache.org/maven2/jakarta/inject/jakarta.inject-api/2.0.1/jakarta.inject-api-2.0.1.pom
2025-12-12 10:43:04,447 [Worker-35: Building] INFO  o.e.m.c.i.e.AbstractTransferListenerAdapter - Downloaded https://repo.maven.apache.org/maven2/jakarta/inject/jakarta.inject-api/2.0.1/jakarta.inject-api-2.0.1.pom
2025-12-12 10:43:04,486 [Worker-35: Building] INFO  o.e.m.c.i.e.AbstractTransferListenerAdapter - Downloading https://repo.maven.apache.org/maven2/org/antlr/antlr4-runtime/4.13.0/antlr4-runtime-4.13.0.pom
2025-12-12 10:43:04,488 [Worker-35: Building] INFO  o.e.m.c.i.e.AbstractTransferListenerAdapter - Downloaded https://repo.maven.apache.org/maven2/org/antlr/antlr4-runtime/4.13.0/antlr4-runtime-4.13.0.pom
2025-12-12 10:43:04,527 [Worker-35: Building] INFO  o.e.m.c.i.e.AbstractTransferListenerAdapter - Downloading https://repo.maven.apache.org/maven2/org/antlr/antlr4-master/4.13.0/antlr4-master-4.13.0.pom
2025-12-12 10:43:04,530 [Worker-35: Building] INFO  o.e.m.c.i.e.AbstractTransferListenerAdapter - Downloaded https://repo.maven.apache.org/maven2/org/antlr/antlr4-master/4.13.0/antlr4-master-4.13.0.pom
2025-12-12 10:43:04,656 [Worker-35: Building] INFO  o.e.m.c.i.e.AbstractTransferListenerAdapter - Downloading https://repo.maven.apache.org/maven2/org/springframework/data/spring-data-jpa/3.4.0/spring-data-jpa-3.4.0.pom
2025-12-12 10:43:04,659 [Worker-35: Building] INFO  o.e.m.c.i.e.AbstractTransferListenerAdapter - Downloaded https://repo.maven.apache.org/maven2/org/springframework/data/spring-data-jpa/3.4.0/spring-data-jpa-3.4.0.pom
2025-12-12 10:43:04,701 [Worker-35: Building] INFO  o.e.m.c.i.e.AbstractTransferListenerAdapter - Downloading https://repo.maven.apache.org/maven2/org/springframework/data/spring-data-jpa-parent/3.4.0/spring-data-jpa-parent-3.4.0.pom
2025-12-12 10:43:04,705 [Worker-35: Building] INFO  o.e.m.c.i.e.AbstractTransferListenerAdapter - Downloaded https://repo.maven.apache.org/maven2/org/springframework/data/spring-data-jpa-parent/3.4.0/spring-data-jpa-parent-3.4.0.pom
2025-12-12 10:43:04,742 [Worker-35: Building] INFO  o.e.m.c.i.e.AbstractTransferListenerAdapter - Downloading https://repo.maven.apache.org/maven2/org/springframework/data/build/spring-data-parent/3.4.0/spring-data-parent-3.4.0.pom
2025-12-12 10:43:04,746 [Worker-35: Building] INFO  o.e.m.c.i.e.AbstractTransferListenerAdapter - Downloaded https://repo.maven.apache.org/maven2/org/springframework/data/build/spring-data-parent/3.4.0/spring-data-parent-3.4.0.pom
2025-12-12 10:43:04,787 [Worker-35: Building] INFO  o.e.m.c.i.e.AbstractTransferListenerAdapter - Downloading https://repo.maven.apache.org/maven2/org/springframework/data/build/spring-data-build/3.4.0/spring-data-build-3.4.0.pom
2025-12-12 10:43:04,790 [Worker-35: Building] INFO  o.e.m.c.i.e.AbstractTransferListenerAdapter - Downloaded https://repo.maven.apache.org/maven2/org/springframework/data/build/spring-data-build/3.4.0/spring-data-build-3.4.0.pom
2025-12-12 10:43:04,830 [Worker-35: Building] INFO  o.e.m.c.i.e.AbstractTransferListenerAdapter - Downloading https://repo.maven.apache.org/maven2/org/testcontainers/testcontainers-bom/1.20.3/testcontainers-bom-1.20.3.pom
2025-12-12 10:43:04,833 [Worker-35: Building] INFO  o.e.m.c.i.e.AbstractTransferListenerAdapter - Downloaded https://repo.maven.apache.org/maven2/org/testcontainers/testcontainers-bom/1.20.3/testcontainers-bom-1.20.3.pom
2025-12-12 10:43:04,878 [Worker-35: Building] INFO  o.e.m.c.i.e.AbstractTransferListenerAdapter - Downloading https://repo.maven.apache.org/maven2/org/jetbrains/kotlinx/kotlinx-coroutines-bom/1.9.0/kotlinx-coroutines-bom-1.9.0.pom
2025-12-12 10:43:04,881 [Worker-35: Building] INFO  o.e.m.c.i.e.AbstractTransferListenerAdapter - Downloaded https://repo.maven.apache.org/maven2/org/jetbrains/kotlinx/kotlinx-coroutines-bom/1.9.0/kotlinx-coroutines-bom-1.9.0.pom
2025-12-12 10:43:04,928 [Worker-35: Building] INFO  o.e.m.c.i.e.AbstractTransferListenerAdapter - Downloading https://repo.maven.apache.org/maven2/org/springframework/data/spring-data-commons/3.4.0/spring-data-commons-3.4.0.pom
2025-12-12 10:43:04,931 [Worker-35: Building] INFO  o.e.m.c.i.e.AbstractTransferListenerAdapter - Downloaded https://repo.maven.apache.org/maven2/org/springframework/data/spring-data-commons/3.4.0/spring-data-commons-3.4.0.pom
2025-12-12 10:43:04,970 [Worker-35: Building] INFO  o.e.m.c.i.e.AbstractTransferListenerAdapter - Downloading https://repo.maven.apache.org/maven2/org/springframework/spring-orm/6.2.0/spring-orm-6.2.0.pom
2025-12-12 10:43:04,973 [Worker-35: Building] INFO  o.e.m.c.i.e.AbstractTransferListenerAdapter - Downloaded https://repo.maven.apache.org/maven2/org/springframework/spring-orm/6.2.0/spring-orm-6.2.0.pom
2025-12-12 10:43:05,012 [Worker-35: Building] INFO  o.e.m.c.i.e.AbstractTransferListenerAdapter - Downloading https://repo.maven.apache.org/maven2/org/springframework/spring-aspects/6.2.0/spring-aspects-6.2.0.pom
2025-12-12 10:43:05,015 [Worker-35: Building] INFO  o.e.m.c.i.e.AbstractTransferListenerAdapter - Downloaded https://repo.maven.apache.org/maven2/org/springframework/spring-aspects/6.2.0/spring-aspects-6.2.0.pom
2025-12-12 10:43:05,052 [Worker-35: Building] INFO  o.e.m.c.i.e.AbstractTransferListenerAdapter - Downloading https://repo.maven.apache.org/maven2/org/aspectj/aspectjweaver/1.9.22.1/aspectjweaver-1.9.22.1.pom
2025-12-12 10:43:05,055 [Worker-35: Building] INFO  o.e.m.c.i.e.AbstractTransferListenerAdapter - Downloaded https://repo.maven.apache.org/maven2/org/aspectj/aspectjweaver/1.9.22.1/aspectjweaver-1.9.22.1.pom
2025-12-12 10:43:05,094 [Worker-35: Building] INFO  o.e.m.c.i.e.AbstractTransferListenerAdapter - Downloading https://repo.maven.apache.org/maven2/com/mysql/mysql-connector-j/9.1.0/mysql-connector-j-9.1.0.pom
2025-12-12 10:43:05,096 [Worker-35: Building] INFO  o.e.m.c.i.e.AbstractTransferListenerAdapter - Downloaded https://repo.maven.apache.org/maven2/com/mysql/mysql-connector-j/9.1.0/mysql-connector-j-9.1.0.pom
2025-12-12 10:43:05,134 [Worker-35: Building] INFO  o.e.m.c.i.e.AbstractTransferListenerAdapter - Downloading https://repo.maven.apache.org/maven2/org/springframework/boot/spring-boot-starter-test/3.4.0/spring-boot-starter-test-3.4.0.pom
2025-12-12 10:43:05,136 [Worker-35: Building] INFO  o.e.m.c.i.e.AbstractTransferListenerAdapter - Downloaded https://repo.maven.apache.org/maven2/org/springframework/boot/spring-boot-starter-test/3.4.0/spring-boot-starter-test-3.4.0.pom
2025-12-12 10:43:05,182 [Worker-35: Building] INFO  o.e.m.c.i.e.AbstractTransferListenerAdapter - Downloading https://repo.maven.apache.org/maven2/org/springframework/boot/spring-boot-test/3.4.0/spring-boot-test-3.4.0.pom
2025-12-12 10:43:05,184 [Worker-35: Building] INFO  o.e.m.c.i.e.AbstractTransferListenerAdapter - Downloaded https://repo.maven.apache.org/maven2/org/springframework/boot/spring-boot-test/3.4.0/spring-boot-test-3.4.0.pom
2025-12-12 10:43:05,224 [Worker-35: Building] INFO  o.e.m.c.i.e.AbstractTransferListenerAdapter - Downloading https://repo.maven.apache.org/maven2/org/springframework/spring-test/6.2.0/spring-test-6.2.0.pom
2025-12-12 10:43:05,227 [Worker-35: Building] INFO  o.e.m.c.i.e.AbstractTransferListenerAdapter - Downloaded https://repo.maven.apache.org/maven2/org/springframework/spring-test/6.2.0/spring-test-6.2.0.pom
2025-12-12 10:43:05,269 [Worker-35: Building] INFO  o.e.m.c.i.e.AbstractTransferListenerAdapter - Downloading https://repo.maven.apache.org/maven2/org/springframework/boot/spring-boot-test-autoconfigure/3.4.0/spring-boot-test-autoconfigure-3.4.0.pom
2025-12-12 10:43:05,271 [Worker-35: Building] INFO  o.e.m.c.i.e.AbstractTransferListenerAdapter - Downloaded https://repo.maven.apache.org/maven2/org/springframework/boot/spring-boot-test-autoconfigure/3.4.0/spring-boot-test-autoconfigure-3.4.0.pom
2025-12-12 10:43:05,308 [Worker-35: Building] INFO  o.e.m.c.i.e.AbstractTransferListenerAdapter - Downloading https://repo.maven.apache.org/maven2/com/jayway/jsonpath/json-path/2.9.0/json-path-2.9.0.pom
2025-12-12 10:43:05,310 [Worker-35: Building] INFO  o.e.m.c.i.e.AbstractTransferListenerAdapter - Downloaded https://repo.maven.apache.org/maven2/com/jayway/jsonpath/json-path/2.9.0/json-path-2.9.0.pom
2025-12-12 10:43:05,350 [Worker-35: Building] INFO  o.e.m.c.i.e.AbstractTransferListenerAdapter - Downloading https://repo.maven.apache.org/maven2/net/minidev/json-smart/2.5.1/json-smart-2.5.1.pom
2025-12-12 10:43:05,352 [Worker-35: Building] INFO  o.e.m.c.i.e.AbstractTransferListenerAdapter - Downloaded https://repo.maven.apache.org/maven2/net/minidev/json-smart/2.5.1/json-smart-2.5.1.pom
2025-12-12 10:43:05,415 [Worker-35: Building] INFO  o.e.m.c.i.e.AbstractTransferListenerAdapter - Downloading https://repo.maven.apache.org/maven2/net/minidev/accessors-smart/2.5.1/accessors-smart-2.5.1.pom
2025-12-12 10:43:05,418 [Worker-35: Building] INFO  o.e.m.c.i.e.AbstractTransferListenerAdapter - Downloaded https://repo.maven.apache.org/maven2/net/minidev/accessors-smart/2.5.1/accessors-smart-2.5.1.pom
2025-12-12 10:43:05,454 [Worker-35: Building] INFO  o.e.m.c.i.e.AbstractTransferListenerAdapter - Downloading https://repo.maven.apache.org/maven2/org/assertj/assertj-core/3.26.3/assertj-core-3.26.3.pom
2025-12-12 10:43:05,457 [Worker-35: Building] INFO  o.e.m.c.i.e.AbstractTransferListenerAdapter - Downloaded https://repo.maven.apache.org/maven2/org/assertj/assertj-core/3.26.3/assertj-core-3.26.3.pom
2025-12-12 10:43:05,498 [Worker-35: Building] INFO  o.e.m.c.i.e.AbstractTransferListenerAdapter - Downloading https://repo.maven.apache.org/maven2/org/awaitility/awaitility/4.2.2/awaitility-4.2.2.pom
2025-12-12 10:43:05,500 [Worker-35: Building] INFO  o.e.m.c.i.e.AbstractTransferListenerAdapter - Downloaded https://repo.maven.apache.org/maven2/org/awaitility/awaitility/4.2.2/awaitility-4.2.2.pom
2025-12-12 10:43:05,540 [Worker-35: Building] INFO  o.e.m.c.i.e.AbstractTransferListenerAdapter - Downloading https://repo.maven.apache.org/maven2/org/awaitility/awaitility-parent/4.2.2/awaitility-parent-4.2.2.pom
2025-12-12 10:43:05,542 [Worker-35: Building] INFO  o.e.m.c.i.e.AbstractTransferListenerAdapter - Downloaded https://repo.maven.apache.org/maven2/org/awaitility/awaitility-parent/4.2.2/awaitility-parent-4.2.2.pom
2025-12-12 10:43:05,589 [Worker-35: Building] INFO  o.e.m.c.i.e.AbstractTransferListenerAdapter - Downloading https://repo.maven.apache.org/maven2/org/hamcrest/hamcrest/2.2/hamcrest-2.2.pom
2025-12-12 10:43:05,592 [Worker-35: Building] INFO  o.e.m.c.i.e.AbstractTransferListenerAdapter - Downloaded https://repo.maven.apache.org/maven2/org/hamcrest/hamcrest/2.2/hamcrest-2.2.pom
2025-12-12 10:43:05,632 [Worker-35: Building] INFO  o.e.m.c.i.e.AbstractTransferListenerAdapter - Downloading https://repo.maven.apache.org/maven2/org/junit/jupiter/junit-jupiter/5.11.3/junit-jupiter-5.11.3.pom
2025-12-12 10:43:05,635 [Worker-35: Building] INFO  o.e.m.c.i.e.AbstractTransferListenerAdapter - Downloaded https://repo.maven.apache.org/maven2/org/junit/jupiter/junit-jupiter/5.11.3/junit-jupiter-5.11.3.pom
2025-12-12 10:43:05,670 [Worker-35: Building] INFO  o.e.m.c.i.e.AbstractTransferListenerAdapter - Downloading https://repo.maven.apache.org/maven2/org/junit/jupiter/junit-jupiter-api/5.11.3/junit-jupiter-api-5.11.3.pom
2025-12-12 10:43:05,673 [Worker-35: Building] INFO  o.e.m.c.i.e.AbstractTransferListenerAdapter - Downloaded https://repo.maven.apache.org/maven2/org/junit/jupiter/junit-jupiter-api/5.11.3/junit-jupiter-api-5.11.3.pom
2025-12-12 10:43:05,719 [Worker-35: Building] INFO  o.e.m.c.i.e.AbstractTransferListenerAdapter - Downloading https://repo.maven.apache.org/maven2/org/junit/platform/junit-platform-commons/1.11.3/junit-platform-commons-1.11.3.pom
2025-12-12 10:43:05,722 [Worker-35: Building] INFO  o.e.m.c.i.e.AbstractTransferListenerAdapter - Downloaded https://repo.maven.apache.org/maven2/org/junit/platform/junit-platform-commons/1.11.3/junit-platform-commons-1.11.3.pom
2025-12-12 10:43:05,763 [Worker-35: Building] INFO  o.e.m.c.i.e.AbstractTransferListenerAdapter - Downloading https://repo.maven.apache.org/maven2/org/junit/jupiter/junit-jupiter-params/5.11.3/junit-jupiter-params-5.11.3.pom
2025-12-12 10:43:05,766 [Worker-35: Building] INFO  o.e.m.c.i.e.AbstractTransferListenerAdapter - Downloaded https://repo.maven.apache.org/maven2/org/junit/jupiter/junit-jupiter-params/5.11.3/junit-jupiter-params-5.11.3.pom
2025-12-12 10:43:05,805 [Worker-35: Building] INFO  o.e.m.c.i.e.AbstractTransferListenerAdapter - Downloading https://repo.maven.apache.org/maven2/org/junit/jupiter/junit-jupiter-engine/5.11.3/junit-jupiter-engine-5.11.3.pom
2025-12-12 10:43:05,808 [Worker-35: Building] INFO  o.e.m.c.i.e.AbstractTransferListenerAdapter - Downloaded https://repo.maven.apache.org/maven2/org/junit/jupiter/junit-jupiter-engine/5.11.3/junit-jupiter-engine-5.11.3.pom
2025-12-12 10:43:05,847 [Worker-35: Building] INFO  o.e.m.c.i.e.AbstractTransferListenerAdapter - Downloading https://repo.maven.apache.org/maven2/org/junit/platform/junit-platform-engine/1.11.3/junit-platform-engine-1.11.3.pom
2025-12-12 10:43:05,850 [Worker-35: Building] INFO  o.e.m.c.i.e.AbstractTransferListenerAdapter - Downloaded https://repo.maven.apache.org/maven2/org/junit/platform/junit-platform-engine/1.11.3/junit-platform-engine-1.11.3.pom
2025-12-12 10:43:05,891 [Worker-35: Building] INFO  o.e.m.c.i.e.AbstractTransferListenerAdapter - Downloading https://repo.maven.apache.org/maven2/org/mockito/mockito-core/5.14.2/mockito-core-5.14.2.pom
2025-12-12 10:43:05,893 [Worker-35: Building] INFO  o.e.m.c.i.e.AbstractTransferListenerAdapter - Downloaded https://repo.maven.apache.org/maven2/org/mockito/mockito-core/5.14.2/mockito-core-5.14.2.pom
2025-12-12 10:43:05,939 [Worker-35: Building] INFO  o.e.m.c.i.e.AbstractTransferListenerAdapter - Downloading https://repo.maven.apache.org/maven2/net/bytebuddy/byte-buddy-agent/1.15.10/byte-buddy-agent-1.15.10.pom
2025-12-12 10:43:05,941 [Worker-35: Building] INFO  o.e.m.c.i.e.AbstractTransferListenerAdapter - Downloaded https://repo.maven.apache.org/maven2/net/bytebuddy/byte-buddy-agent/1.15.10/byte-buddy-agent-1.15.10.pom
2025-12-12 10:43:05,990 [Worker-35: Building] INFO  o.e.m.c.i.e.AbstractTransferListenerAdapter - Downloading https://repo.maven.apache.org/maven2/org/objenesis/objenesis/3.3/objenesis-3.3.pom
2025-12-12 10:43:05,993 [Worker-35: Building] INFO  o.e.m.c.i.e.AbstractTransferListenerAdapter - Downloaded https://repo.maven.apache.org/maven2/org/objenesis/objenesis/3.3/objenesis-3.3.pom
2025-12-12 10:43:06,039 [Worker-35: Building] INFO  o.e.m.c.i.e.AbstractTransferListenerAdapter - Downloading https://repo.maven.apache.org/maven2/org/objenesis/objenesis-parent/3.3/objenesis-parent-3.3.pom
2025-12-12 10:43:06,041 [Worker-35: Building] INFO  o.e.m.c.i.e.AbstractTransferListenerAdapter - Downloaded https://repo.maven.apache.org/maven2/org/objenesis/objenesis-parent/3.3/objenesis-parent-3.3.pom
2025-12-12 10:43:06,082 [Worker-35: Building] INFO  o.e.m.c.i.e.AbstractTransferListenerAdapter - Downloading https://repo.maven.apache.org/maven2/org/mockito/mockito-junit-jupiter/5.14.2/mockito-junit-jupiter-5.14.2.pom
2025-12-12 10:43:06,085 [Worker-35: Building] INFO  o.e.m.c.i.e.AbstractTransferListenerAdapter - Downloaded https://repo.maven.apache.org/maven2/org/mockito/mockito-junit-jupiter/5.14.2/mockito-junit-jupiter-5.14.2.pom
2025-12-12 10:43:06,121 [Worker-35: Building] INFO  o.e.m.c.i.e.AbstractTransferListenerAdapter - Downloading https://repo.maven.apache.org/maven2/org/skyscreamer/jsonassert/1.5.3/jsonassert-1.5.3.pom
2025-12-12 10:43:06,124 [Worker-35: Building] INFO  o.e.m.c.i.e.AbstractTransferListenerAdapter - Downloaded https://repo.maven.apache.org/maven2/org/skyscreamer/jsonassert/1.5.3/jsonassert-1.5.3.pom
2025-12-12 10:43:06,167 [Worker-35: Building] INFO  o.e.m.c.i.e.AbstractTransferListenerAdapter - Downloading https://repo.maven.apache.org/maven2/com/vaadin/external/google/android-json/0.0.20131108.vaadin1/android-json-0.0.20131108.vaadin1.pom
2025-12-12 10:43:06,169 [Worker-35: Building] INFO  o.e.m.c.i.e.AbstractTransferListenerAdapter - Downloaded https://repo.maven.apache.org/maven2/com/vaadin/external/google/android-json/0.0.20131108.vaadin1/android-json-0.0.20131108.vaadin1.pom
2025-12-12 10:43:06,208 [Worker-35: Building] INFO  o.e.m.c.i.e.AbstractTransferListenerAdapter - Downloading https://repo.maven.apache.org/maven2/org/xmlunit/xmlunit-core/2.10.0/xmlunit-core-2.10.0.pom
2025-12-12 10:43:06,210 [Worker-35: Building] INFO  o.e.m.c.i.e.AbstractTransferListenerAdapter - Downloaded https://repo.maven.apache.org/maven2/org/xmlunit/xmlunit-core/2.10.0/xmlunit-core-2.10.0.pom
2025-12-12 10:43:06,247 [Worker-35: Building] INFO  o.e.m.c.i.e.AbstractTransferListenerAdapter - Downloading https://repo.maven.apache.org/maven2/org/xmlunit/xmlunit-parent/2.10.0/xmlunit-parent-2.10.0.pom
2025-12-12 10:43:06,257 [Worker-35: Building] INFO  o.e.m.c.i.e.AbstractTransferListenerAdapter - Downloaded https://repo.maven.apache.org/maven2/org/xmlunit/xmlunit-parent/2.10.0/xmlunit-parent-2.10.0.pom
2025-12-12 10:43:06,295 [Worker-35: Building] INFO  o.e.m.c.i.e.AbstractTransferListenerAdapter - Downloading https://repo.maven.apache.org/maven2/org/openjfx/javafx-controls/23/javafx-controls-23.pom
2025-12-12 10:43:06,298 [Worker-35: Building] INFO  o.e.m.c.i.e.AbstractTransferListenerAdapter - Downloaded https://repo.maven.apache.org/maven2/org/openjfx/javafx-controls/23/javafx-controls-23.pom
2025-12-12 10:43:06,334 [Worker-35: Building] INFO  o.e.m.c.i.e.AbstractTransferListenerAdapter - Downloading https://repo.maven.apache.org/maven2/org/openjfx/javafx/23/javafx-23.pom
2025-12-12 10:43:06,337 [Worker-35: Building] INFO  o.e.m.c.i.e.AbstractTransferListenerAdapter - Downloaded https://repo.maven.apache.org/maven2/org/openjfx/javafx/23/javafx-23.pom
2025-12-12 10:43:06,377 [Worker-35: Building] INFO  o.e.m.c.i.e.AbstractTransferListenerAdapter - Downloading https://repo.maven.apache.org/maven2/org/openjfx/javafx-graphics/23/javafx-graphics-23.pom
2025-12-12 10:43:06,380 [Worker-35: Building] INFO  o.e.m.c.i.e.AbstractTransferListenerAdapter - Downloaded https://repo.maven.apache.org/maven2/org/openjfx/javafx-graphics/23/javafx-graphics-23.pom
2025-12-12 10:43:06,421 [Worker-35: Building] INFO  o.e.m.c.i.e.AbstractTransferListenerAdapter - Downloading https://repo.maven.apache.org/maven2/org/openjfx/javafx-base/23/javafx-base-23.pom
2025-12-12 10:43:06,424 [Worker-35: Building] INFO  o.e.m.c.i.e.AbstractTransferListenerAdapter - Downloaded https://repo.maven.apache.org/maven2/org/openjfx/javafx-base/23/javafx-base-23.pom
2025-12-12 10:43:06,468 [Worker-35: Building] INFO  o.e.m.c.i.e.AbstractTransferListenerAdapter - Downloading https://repo.maven.apache.org/maven2/org/openjfx/javafx-fxml/23/javafx-fxml-23.pom
2025-12-12 10:43:06,471 [Worker-35: Building] INFO  o.e.m.c.i.e.AbstractTransferListenerAdapter - Downloaded https://repo.maven.apache.org/maven2/org/openjfx/javafx-fxml/23/javafx-fxml-23.pom
2025-12-12 10:43:06,537 [Worker-35: Building] INFO  o.e.m.c.i.e.AbstractTransferListenerAdapter - Downloading https://repo.maven.apache.org/maven2/org/springframework/boot/spring-boot-starter-data-jpa/3.4.0/spring-boot-starter-data-jpa-3.4.0.jar
2025-12-12 10:43:06,539 [Worker-35: Building] INFO  o.e.m.c.i.e.AbstractTransferListenerAdapter - Downloaded https://repo.maven.apache.org/maven2/org/springframework/boot/spring-boot-starter-data-jpa/3.4.0/spring-boot-starter-data-jpa-3.4.0.jar
2025-12-12 10:43:06,576 [BasicRepositoryConnector-repo.maven.apache.org-0-1] INFO  o.e.m.c.i.e.AbstractTransferListenerAdapter - Downloading https://repo.maven.apache.org/maven2/org/springframework/boot/spring-boot/3.4.0/spring-boot-3.4.0.jar
2025-12-12 10:43:06,657 [BasicRepositoryConnector-repo.maven.apache.org-0-4] INFO  o.e.m.c.i.e.AbstractTransferListenerAdapter - Downloading https://repo.maven.apache.org/maven2/ch/qos/logback/logback-classic/1.5.12/logback-classic-1.5.12.jar
2025-12-12 10:43:06,673 [BasicRepositoryConnector-repo.maven.apache.org-0-2] INFO  o.e.m.c.i.e.AbstractTransferListenerAdapter - Downloading https://repo.maven.apache.org/maven2/org/springframework/boot/spring-boot-autoconfigure/3.4.0/spring-boot-autoconfigure-3.4.0.jar
2025-12-12 10:43:06,704 [BasicRepositoryConnector-repo.maven.apache.org-0-3] INFO  o.e.m.c.i.e.AbstractTransferListenerAdapter - Downloading https://repo.maven.apache.org/maven2/org/springframework/boot/spring-boot-starter-logging/3.4.0/spring-boot-starter-logging-3.4.0.jar
2025-12-12 10:43:06,704 [BasicRepositoryConnector-repo.maven.apache.org-0-0] INFO  o.e.m.c.i.e.AbstractTransferListenerAdapter - Downloading https://repo.maven.apache.org/maven2/org/springframework/boot/spring-boot-starter/3.4.0/spring-boot-starter-3.4.0.jar
2025-12-12 10:43:06,708 [BasicRepositoryConnector-repo.maven.apache.org-0-3] INFO  o.e.m.c.i.e.AbstractTransferListenerAdapter - Downloaded https://repo.maven.apache.org/maven2/org/springframework/boot/spring-boot-starter-logging/3.4.0/spring-boot-starter-logging-3.4.0.jar
2025-12-12 10:43:06,709 [BasicRepositoryConnector-repo.maven.apache.org-0-0] INFO  o.e.m.c.i.e.AbstractTransferListenerAdapter - Downloaded https://repo.maven.apache.org/maven2/org/springframework/boot/spring-boot-starter/3.4.0/spring-boot-starter-3.4.0.jar
2025-12-12 10:43:06,764 [BasicRepositoryConnector-repo.maven.apache.org-0-1] INFO  o.e.m.c.i.e.AbstractTransferListenerAdapter - Downloaded https://repo.maven.apache.org/maven2/org/springframework/boot/spring-boot/3.4.0/spring-boot-3.4.0.jar
2025-12-12 10:43:06,773 [BasicRepositoryConnector-repo.maven.apache.org-0-0] INFO  o.e.m.c.i.e.AbstractTransferListenerAdapter - Downloading https://repo.maven.apache.org/maven2/org/apache/logging/log4j/log4j-to-slf4j/2.24.1/log4j-to-slf4j-2.24.1.jar
2025-12-12 10:43:06,775 [BasicRepositoryConnector-repo.maven.apache.org-0-3] INFO  o.e.m.c.i.e.AbstractTransferListenerAdapter - Downloading https://repo.maven.apache.org/maven2/ch/qos/logback/logback-core/1.5.12/logback-core-1.5.12.jar
2025-12-12 10:43:06,778 [BasicRepositoryConnector-repo.maven.apache.org-0-0] INFO  o.e.m.c.i.e.AbstractTransferListenerAdapter - Downloaded https://repo.maven.apache.org/maven2/org/apache/logging/log4j/log4j-to-slf4j/2.24.1/log4j-to-slf4j-2.24.1.jar
2025-12-12 10:43:06,803 [BasicRepositoryConnector-repo.maven.apache.org-0-4] INFO  o.e.m.c.i.e.AbstractTransferListenerAdapter - Downloaded https://repo.maven.apache.org/maven2/ch/qos/logback/logback-classic/1.5.12/logback-classic-1.5.12.jar
2025-12-12 10:43:06,851 [BasicRepositoryConnector-repo.maven.apache.org-0-0] INFO  o.e.m.c.i.e.AbstractTransferListenerAdapter - Downloading https://repo.maven.apache.org/maven2/org/slf4j/jul-to-slf4j/2.0.16/jul-to-slf4j-2.0.16.jar
2025-12-12 10:43:06,855 [BasicRepositoryConnector-repo.maven.apache.org-0-0] INFO  o.e.m.c.i.e.AbstractTransferListenerAdapter - Downloaded https://repo.maven.apache.org/maven2/org/slf4j/jul-to-slf4j/2.0.16/jul-to-slf4j-2.0.16.jar
2025-12-12 10:43:06,860 [BasicRepositoryConnector-repo.maven.apache.org-0-1] INFO  o.e.m.c.i.e.AbstractTransferListenerAdapter - Downloading https://repo.maven.apache.org/maven2/org/apache/logging/log4j/log4j-api/2.24.1/log4j-api-2.24.1.jar
2025-12-12 10:43:06,895 [BasicRepositoryConnector-repo.maven.apache.org-0-1] INFO  o.e.m.c.i.e.AbstractTransferListenerAdapter - Downloaded https://repo.maven.apache.org/maven2/org/apache/logging/log4j/log4j-api/2.24.1/log4j-api-2.24.1.jar
2025-12-12 10:43:06,928 [BasicRepositoryConnector-repo.maven.apache.org-0-4] INFO  o.e.m.c.i.e.AbstractTransferListenerAdapter - Downloading https://repo.maven.apache.org/maven2/jakarta/annotation/jakarta.annotation-api/2.1.1/jakarta.annotation-api-2.1.1.jar
2025-12-12 10:43:06,932 [BasicRepositoryConnector-repo.maven.apache.org-0-4] INFO  o.e.m.c.i.e.AbstractTransferListenerAdapter - Downloaded https://repo.maven.apache.org/maven2/jakarta/annotation/jakarta.annotation-api/2.1.1/jakarta.annotation-api-2.1.1.jar
2025-12-12 10:43:06,945 [BasicRepositoryConnector-repo.maven.apache.org-0-0] INFO  o.e.m.c.i.e.AbstractTransferListenerAdapter - Downloading https://repo.maven.apache.org/maven2/org/yaml/snakeyaml/2.3/snakeyaml-2.3.jar
2025-12-12 10:43:06,997 [BasicRepositoryConnector-repo.maven.apache.org-0-1] INFO  o.e.m.c.i.e.AbstractTransferListenerAdapter - Downloading https://repo.maven.apache.org/maven2/org/springframework/boot/spring-boot-starter-jdbc/3.4.0/spring-boot-starter-jdbc-3.4.0.jar
2025-12-12 10:43:07,000 [BasicRepositoryConnector-repo.maven.apache.org-0-1] INFO  o.e.m.c.i.e.AbstractTransferListenerAdapter - Downloaded https://repo.maven.apache.org/maven2/org/springframework/boot/spring-boot-starter-jdbc/3.4.0/spring-boot-starter-jdbc-3.4.0.jar
2025-12-12 10:43:07,017 [BasicRepositoryConnector-repo.maven.apache.org-0-4] INFO  o.e.m.c.i.e.AbstractTransferListenerAdapter - Downloading https://repo.maven.apache.org/maven2/com/zaxxer/HikariCP/5.1.0/HikariCP-5.1.0.jar
2025-12-12 10:43:07,033 [BasicRepositoryConnector-repo.maven.apache.org-0-4] INFO  o.e.m.c.i.e.AbstractTransferListenerAdapter - Downloaded https://repo.maven.apache.org/maven2/com/zaxxer/HikariCP/5.1.0/HikariCP-5.1.0.jar
2025-12-12 10:43:07,066 [BasicRepositoryConnector-repo.maven.apache.org-0-2] INFO  o.e.m.c.i.e.AbstractTransferListenerAdapter - Downloaded https://repo.maven.apache.org/maven2/org/springframework/boot/spring-boot-autoconfigure/3.4.0/spring-boot-autoconfigure-3.4.0.jar
2025-12-12 10:43:07,073 [BasicRepositoryConnector-repo.maven.apache.org-0-1] INFO  o.e.m.c.i.e.AbstractTransferListenerAdapter - Downloading https://repo.maven.apache.org/maven2/org/springframework/spring-jdbc/6.2.0/spring-jdbc-6.2.0.jar
2025-12-12 10:43:07,075 [BasicRepositoryConnector-repo.maven.apache.org-0-0] INFO  o.e.m.c.i.e.AbstractTransferListenerAdapter - Downloaded https://repo.maven.apache.org/maven2/org/yaml/snakeyaml/2.3/snakeyaml-2.3.jar
2025-12-12 10:43:07,115 [BasicRepositoryConnector-repo.maven.apache.org-0-1] INFO  o.e.m.c.i.e.AbstractTransferListenerAdapter - Downloaded https://repo.maven.apache.org/maven2/org/springframework/spring-jdbc/6.2.0/spring-jdbc-6.2.0.jar
2025-12-12 10:43:07,121 [BasicRepositoryConnector-repo.maven.apache.org-0-4] INFO  o.e.m.c.i.e.AbstractTransferListenerAdapter - Downloading https://repo.maven.apache.org/maven2/org/hibernate/orm/hibernate-core/6.6.2.Final/hibernate-core-6.6.2.Final.jar
2025-12-12 10:43:07,155 [BasicRepositoryConnector-repo.maven.apache.org-0-2] INFO  o.e.m.c.i.e.AbstractTransferListenerAdapter - Downloading https://repo.maven.apache.org/maven2/jakarta/persistence/jakarta.persistence-api/3.1.0/jakarta.persistence-api-3.1.0.jar
2025-12-12 10:43:07,160 [BasicRepositoryConnector-repo.maven.apache.org-0-0] INFO  o.e.m.c.i.e.AbstractTransferListenerAdapter - Downloading https://repo.maven.apache.org/maven2/jakarta/transaction/jakarta.transaction-api/2.0.1/jakarta.transaction-api-2.0.1.jar
2025-12-12 10:43:07,163 [BasicRepositoryConnector-repo.maven.apache.org-0-0] INFO  o.e.m.c.i.e.AbstractTransferListenerAdapter - Downloaded https://repo.maven.apache.org/maven2/jakarta/transaction/jakarta.transaction-api/2.0.1/jakarta.transaction-api-2.0.1.jar
2025-12-12 10:43:07,175 [BasicRepositoryConnector-repo.maven.apache.org-0-2] INFO  o.e.m.c.i.e.AbstractTransferListenerAdapter - Downloaded https://repo.maven.apache.org/maven2/jakarta/persistence/jakarta.persistence-api/3.1.0/jakarta.persistence-api-3.1.0.jar
2025-12-12 10:43:07,176 [BasicRepositoryConnector-repo.maven.apache.org-0-3] INFO  o.e.m.c.i.e.AbstractTransferListenerAdapter - Downloaded https://repo.maven.apache.org/maven2/ch/qos/logback/logback-core/1.5.12/logback-core-1.5.12.jar
2025-12-12 10:43:07,209 [BasicRepositoryConnector-repo.maven.apache.org-0-1] INFO  o.e.m.c.i.e.AbstractTransferListenerAdapter - Downloading https://repo.maven.apache.org/maven2/org/jboss/logging/jboss-logging/3.6.1.Final/jboss-logging-3.6.1.Final.jar
2025-12-12 10:43:07,215 [BasicRepositoryConnector-repo.maven.apache.org-0-1] INFO  o.e.m.c.i.e.AbstractTransferListenerAdapter - Downloaded https://repo.maven.apache.org/maven2/org/jboss/logging/jboss-logging/3.6.1.Final/jboss-logging-3.6.1.Final.jar
2025-12-12 10:43:07,242 [BasicRepositoryConnector-repo.maven.apache.org-0-0] INFO  o.e.m.c.i.e.AbstractTransferListenerAdapter - Downloading https://repo.maven.apache.org/maven2/org/hibernate/common/hibernate-commons-annotations/7.0.3.Final/hibernate-commons-annotations-7.0.3.Final.jar
2025-12-12 10:43:07,250 [BasicRepositoryConnector-repo.maven.apache.org-0-0] INFO  o.e.m.c.i.e.AbstractTransferListenerAdapter - Downloaded https://repo.maven.apache.org/maven2/org/hibernate/common/hibernate-commons-annotations/7.0.3.Final/hibernate-commons-annotations-7.0.3.Final.jar
2025-12-12 10:43:07,255 [BasicRepositoryConnector-repo.maven.apache.org-0-2] INFO  o.e.m.c.i.e.AbstractTransferListenerAdapter - Downloading https://repo.maven.apache.org/maven2/io/smallrye/jandex/3.2.0/jandex-3.2.0.jar
2025-12-12 10:43:07,317 [BasicRepositoryConnector-repo.maven.apache.org-0-1] INFO  o.e.m.c.i.e.AbstractTransferListenerAdapter - Downloading https://repo.maven.apache.org/maven2/net/bytebuddy/byte-buddy/1.15.10/byte-buddy-1.15.10.jar
2025-12-12 10:43:07,353 [BasicRepositoryConnector-repo.maven.apache.org-0-3] INFO  o.e.m.c.i.e.AbstractTransferListenerAdapter - Downloading https://repo.maven.apache.org/maven2/com/fasterxml/classmate/1.7.0/classmate-1.7.0.jar
2025-12-12 10:43:07,368 [BasicRepositoryConnector-repo.maven.apache.org-0-0] INFO  o.e.m.c.i.e.AbstractTransferListenerAdapter - Downloading https://repo.maven.apache.org/maven2/org/glassfish/jaxb/jaxb-runtime/4.0.5/jaxb-runtime-4.0.5.jar
2025-12-12 10:43:07,455 [BasicRepositoryConnector-repo.maven.apache.org-0-3] INFO  o.e.m.c.i.e.AbstractTransferListenerAdapter - Downloaded https://repo.maven.apache.org/maven2/com/fasterxml/classmate/1.7.0/classmate-1.7.0.jar
2025-12-12 10:43:07,681 [BasicRepositoryConnector-repo.maven.apache.org-0-3] INFO  o.e.m.c.i.e.AbstractTransferListenerAdapter - Downloading https://repo.maven.apache.org/maven2/org/glassfish/jaxb/jaxb-core/4.0.5/jaxb-core-4.0.5.jar
2025-12-12 10:43:07,685 [BasicRepositoryConnector-repo.maven.apache.org-0-3] INFO  o.e.m.c.i.e.AbstractTransferListenerAdapter - Downloaded https://repo.maven.apache.org/maven2/org/glassfish/jaxb/jaxb-core/4.0.5/jaxb-core-4.0.5.jar
2025-12-12 10:43:07,695 [BasicRepositoryConnector-repo.maven.apache.org-0-2] INFO  o.e.m.c.i.e.AbstractTransferListenerAdapter - Downloaded https://repo.maven.apache.org/maven2/io/smallrye/jandex/3.2.0/jandex-3.2.0.jar
2025-12-12 10:43:07,777 [BasicRepositoryConnector-repo.maven.apache.org-0-3] INFO  o.e.m.c.i.e.AbstractTransferListenerAdapter - Downloading https://repo.maven.apache.org/maven2/org/eclipse/angus/angus-activation/2.0.2/angus-activation-2.0.2.jar
2025-12-12 10:43:07,781 [BasicRepositoryConnector-repo.maven.apache.org-0-3] INFO  o.e.m.c.i.e.AbstractTransferListenerAdapter - Downloaded https://repo.maven.apache.org/maven2/org/eclipse/angus/angus-activation/2.0.2/angus-activation-2.0.2.jar
2025-12-12 10:43:07,788 [BasicRepositoryConnector-repo.maven.apache.org-0-2] INFO  o.e.m.c.i.e.AbstractTransferListenerAdapter - Downloading https://repo.maven.apache.org/maven2/org/glassfish/jaxb/txw2/4.0.5/txw2-4.0.5.jar
2025-12-12 10:43:07,800 [BasicRepositoryConnector-repo.maven.apache.org-0-2] INFO  o.e.m.c.i.e.AbstractTransferListenerAdapter - Downloaded https://repo.maven.apache.org/maven2/org/glassfish/jaxb/txw2/4.0.5/txw2-4.0.5.jar
2025-12-12 10:43:07,845 [BasicRepositoryConnector-repo.maven.apache.org-0-0] INFO  o.e.m.c.i.e.AbstractTransferListenerAdapter - Downloaded https://repo.maven.apache.org/maven2/org/glassfish/jaxb/jaxb-runtime/4.0.5/jaxb-runtime-4.0.5.jar
2025-12-12 10:43:07,861 [BasicRepositoryConnector-repo.maven.apache.org-0-3] INFO  o.e.m.c.i.e.AbstractTransferListenerAdapter - Downloading https://repo.maven.apache.org/maven2/com/sun/istack/istack-commons-runtime/4.1.2/istack-commons-runtime-4.1.2.jar
2025-12-12 10:43:07,866 [BasicRepositoryConnector-repo.maven.apache.org-0-3] INFO  o.e.m.c.i.e.AbstractTransferListenerAdapter - Downloaded https://repo.maven.apache.org/maven2/com/sun/istack/istack-commons-runtime/4.1.2/istack-commons-runtime-4.1.2.jar
2025-12-12 10:43:07,874 [BasicRepositoryConnector-repo.maven.apache.org-0-2] INFO  o.e.m.c.i.e.AbstractTransferListenerAdapter - Downloading https://repo.maven.apache.org/maven2/jakarta/inject/jakarta.inject-api/2.0.1/jakarta.inject-api-2.0.1.jar
2025-12-12 10:43:07,878 [BasicRepositoryConnector-repo.maven.apache.org-0-2] INFO  o.e.m.c.i.e.AbstractTransferListenerAdapter - Downloaded https://repo.maven.apache.org/maven2/jakarta/inject/jakarta.inject-api/2.0.1/jakarta.inject-api-2.0.1.jar
2025-12-12 10:43:07,928 [BasicRepositoryConnector-repo.maven.apache.org-0-0] INFO  o.e.m.c.i.e.AbstractTransferListenerAdapter - Downloading https://repo.maven.apache.org/maven2/org/antlr/antlr4-runtime/4.13.0/antlr4-runtime-4.13.0.jar
2025-12-12 10:43:07,950 [BasicRepositoryConnector-repo.maven.apache.org-0-3] INFO  o.e.m.c.i.e.AbstractTransferListenerAdapter - Downloading https://repo.maven.apache.org/maven2/org/springframework/data/spring-data-jpa/3.4.0/spring-data-jpa-3.4.0.jar
2025-12-12 10:43:07,974 [BasicRepositoryConnector-repo.maven.apache.org-0-2] INFO  o.e.m.c.i.e.AbstractTransferListenerAdapter - Downloading https://repo.maven.apache.org/maven2/org/springframework/data/spring-data-commons/3.4.0/spring-data-commons-3.4.0.jar
2025-12-12 10:43:08,165 [BasicRepositoryConnector-repo.maven.apache.org-0-0] INFO  o.e.m.c.i.e.AbstractTransferListenerAdapter - Downloaded https://repo.maven.apache.org/maven2/org/antlr/antlr4-runtime/4.13.0/antlr4-runtime-4.13.0.jar
2025-12-12 10:43:08,267 [BasicRepositoryConnector-repo.maven.apache.org-0-0] INFO  o.e.m.c.i.e.AbstractTransferListenerAdapter - Downloading https://repo.maven.apache.org/maven2/org/springframework/spring-orm/6.2.0/spring-orm-6.2.0.jar
2025-12-12 10:43:08,380 [BasicRepositoryConnector-repo.maven.apache.org-0-0] INFO  o.e.m.c.i.e.AbstractTransferListenerAdapter - Downloaded https://repo.maven.apache.org/maven2/org/springframework/spring-orm/6.2.0/spring-orm-6.2.0.jar
2025-12-12 10:43:08,491 [BasicRepositoryConnector-repo.maven.apache.org-0-0] INFO  o.e.m.c.i.e.AbstractTransferListenerAdapter - Downloading https://repo.maven.apache.org/maven2/org/springframework/spring-context/6.2.0/spring-context-6.2.0.jar
2025-12-12 10:43:08,711 [BasicRepositoryConnector-repo.maven.apache.org-0-2] INFO  o.e.m.c.i.e.AbstractTransferListenerAdapter - Downloaded https://repo.maven.apache.org/maven2/org/springframework/data/spring-data-commons/3.4.0/spring-data-commons-3.4.0.jar
2025-12-12 10:43:08,819 [BasicRepositoryConnector-repo.maven.apache.org-0-2] INFO  o.e.m.c.i.e.AbstractTransferListenerAdapter - Downloading https://repo.maven.apache.org/maven2/org/springframework/spring-expression/6.2.0/spring-expression-6.2.0.jar
2025-12-12 10:43:08,937 [BasicRepositoryConnector-repo.maven.apache.org-0-3] INFO  o.e.m.c.i.e.AbstractTransferListenerAdapter - Downloaded https://repo.maven.apache.org/maven2/org/springframework/data/spring-data-jpa/3.4.0/spring-data-jpa-3.4.0.jar
2025-12-12 10:43:08,974 [BasicRepositoryConnector-repo.maven.apache.org-0-2] INFO  o.e.m.c.i.e.AbstractTransferListenerAdapter - Downloaded https://repo.maven.apache.org/maven2/org/springframework/spring-expression/6.2.0/spring-expression-6.2.0.jar
2025-12-12 10:43:09,026 [BasicRepositoryConnector-repo.maven.apache.org-0-3] INFO  o.e.m.c.i.e.AbstractTransferListenerAdapter - Downloading https://repo.maven.apache.org/maven2/io/micrometer/micrometer-observation/1.14.1/micrometer-observation-1.14.1.jar
2025-12-12 10:43:09,028 [BasicRepositoryConnector-repo.maven.apache.org-0-2] INFO  o.e.m.c.i.e.AbstractTransferListenerAdapter - Downloading https://repo.maven.apache.org/maven2/io/micrometer/micrometer-commons/1.14.1/micrometer-commons-1.14.1.jar
2025-12-12 10:43:09,043 [BasicRepositoryConnector-repo.maven.apache.org-0-2] INFO  o.e.m.c.i.e.AbstractTransferListenerAdapter - Downloaded https://repo.maven.apache.org/maven2/io/micrometer/micrometer-commons/1.14.1/micrometer-commons-1.14.1.jar
2025-12-12 10:43:09,076 [BasicRepositoryConnector-repo.maven.apache.org-0-3] INFO  o.e.m.c.i.e.AbstractTransferListenerAdapter - Downloaded https://repo.maven.apache.org/maven2/io/micrometer/micrometer-observation/1.14.1/micrometer-observation-1.14.1.jar
2025-12-12 10:43:09,107 [BasicRepositoryConnector-repo.maven.apache.org-0-2] INFO  o.e.m.c.i.e.AbstractTransferListenerAdapter - Downloading https://repo.maven.apache.org/maven2/org/springframework/spring-aop/6.2.0/spring-aop-6.2.0.jar
2025-12-12 10:43:09,111 [BasicRepositoryConnector-repo.maven.apache.org-0-0] INFO  o.e.m.c.i.e.AbstractTransferListenerAdapter - Downloaded https://repo.maven.apache.org/maven2/org/springframework/spring-context/6.2.0/spring-context-6.2.0.jar
2025-12-12 10:43:09,140 [BasicRepositoryConnector-repo.maven.apache.org-0-3] INFO  o.e.m.c.i.e.AbstractTransferListenerAdapter - Downloading https://repo.maven.apache.org/maven2/org/springframework/spring-tx/6.2.0/spring-tx-6.2.0.jar
2025-12-12 10:43:09,169 [BasicRepositoryConnector-repo.maven.apache.org-0-0] INFO  o.e.m.c.i.e.AbstractTransferListenerAdapter - Downloading https://repo.maven.apache.org/maven2/org/springframework/spring-beans/6.2.0/spring-beans-6.2.0.jar
2025-12-12 10:43:09,302 [BasicRepositoryConnector-repo.maven.apache.org-0-2] INFO  o.e.m.c.i.e.AbstractTransferListenerAdapter - Downloaded https://repo.maven.apache.org/maven2/org/springframework/spring-aop/6.2.0/spring-aop-6.2.0.jar
2025-12-12 10:43:09,345 [BasicRepositoryConnector-repo.maven.apache.org-0-3] INFO  o.e.m.c.i.e.AbstractTransferListenerAdapter - Downloaded https://repo.maven.apache.org/maven2/org/springframework/spring-tx/6.2.0/spring-tx-6.2.0.jar
2025-12-12 10:43:09,366 [BasicRepositoryConnector-repo.maven.apache.org-0-2] INFO  o.e.m.c.i.e.AbstractTransferListenerAdapter - Downloading https://repo.maven.apache.org/maven2/org/slf4j/slf4j-api/2.0.16/slf4j-api-2.0.16.jar
2025-12-12 10:43:09,396 [BasicRepositoryConnector-repo.maven.apache.org-0-2] INFO  o.e.m.c.i.e.AbstractTransferListenerAdapter - Downloaded https://repo.maven.apache.org/maven2/org/slf4j/slf4j-api/2.0.16/slf4j-api-2.0.16.jar
2025-12-12 10:43:09,419 [BasicRepositoryConnector-repo.maven.apache.org-0-3] INFO  o.e.m.c.i.e.AbstractTransferListenerAdapter - Downloading https://repo.maven.apache.org/maven2/org/springframework/spring-aspects/6.2.0/spring-aspects-6.2.0.jar
2025-12-12 10:43:09,444 [BasicRepositoryConnector-repo.maven.apache.org-0-3] INFO  o.e.m.c.i.e.AbstractTransferListenerAdapter - Downloaded https://repo.maven.apache.org/maven2/org/springframework/spring-aspects/6.2.0/spring-aspects-6.2.0.jar
2025-12-12 10:43:09,462 [BasicRepositoryConnector-repo.maven.apache.org-0-2] INFO  o.e.m.c.i.e.AbstractTransferListenerAdapter - Downloading https://repo.maven.apache.org/maven2/org/aspectj/aspectjweaver/1.9.22.1/aspectjweaver-1.9.22.1.jar
2025-12-12 10:43:09,541 [BasicRepositoryConnector-repo.maven.apache.org-0-3] INFO  o.e.m.c.i.e.AbstractTransferListenerAdapter - Downloading https://repo.maven.apache.org/maven2/com/mysql/mysql-connector-j/9.1.0/mysql-connector-j-9.1.0.jar
2025-12-12 10:43:09,551 [BasicRepositoryConnector-repo.maven.apache.org-0-0] INFO  o.e.m.c.i.e.AbstractTransferListenerAdapter - Downloaded https://repo.maven.apache.org/maven2/org/springframework/spring-beans/6.2.0/spring-beans-6.2.0.jar
2025-12-12 10:43:09,608 [BasicRepositoryConnector-repo.maven.apache.org-0-0] INFO  o.e.m.c.i.e.AbstractTransferListenerAdapter - Downloading https://repo.maven.apache.org/maven2/org/springframework/boot/spring-boot-starter-test/3.4.0/spring-boot-starter-test-3.4.0.jar
2025-12-12 10:43:09,611 [BasicRepositoryConnector-repo.maven.apache.org-0-0] INFO  o.e.m.c.i.e.AbstractTransferListenerAdapter - Downloaded https://repo.maven.apache.org/maven2/org/springframework/boot/spring-boot-starter-test/3.4.0/spring-boot-starter-test-3.4.0.jar
2025-12-12 10:43:09,681 [BasicRepositoryConnector-repo.maven.apache.org-0-0] INFO  o.e.m.c.i.e.AbstractTransferListenerAdapter - Downloading https://repo.maven.apache.org/maven2/org/springframework/boot/spring-boot-test/3.4.0/spring-boot-test-3.4.0.jar
2025-12-12 10:43:09,769 [BasicRepositoryConnector-repo.maven.apache.org-0-4] INFO  o.e.m.c.i.e.AbstractTransferListenerAdapter - Downloaded https://repo.maven.apache.org/maven2/org/hibernate/orm/hibernate-core/6.6.2.Final/hibernate-core-6.6.2.Final.jar
2025-12-12 10:43:09,775 [BasicRepositoryConnector-repo.maven.apache.org-0-0] INFO  o.e.m.c.i.e.AbstractTransferListenerAdapter - Downloaded https://repo.maven.apache.org/maven2/org/springframework/boot/spring-boot-test/3.4.0/spring-boot-test-3.4.0.jar
2025-12-12 10:43:09,819 [BasicRepositoryConnector-repo.maven.apache.org-0-4] INFO  o.e.m.c.i.e.AbstractTransferListenerAdapter - Downloading https://repo.maven.apache.org/maven2/org/springframework/boot/spring-boot-test-autoconfigure/3.4.0/spring-boot-test-autoconfigure-3.4.0.jar
2025-12-12 10:43:09,826 [BasicRepositoryConnector-repo.maven.apache.org-0-0] INFO  o.e.m.c.i.e.AbstractTransferListenerAdapter - Downloading https://repo.maven.apache.org/maven2/com/jayway/jsonpath/json-path/2.9.0/json-path-2.9.0.jar
2025-12-12 10:43:09,884 [BasicRepositoryConnector-repo.maven.apache.org-0-4] INFO  o.e.m.c.i.e.AbstractTransferListenerAdapter - Downloaded https://repo.maven.apache.org/maven2/org/springframework/boot/spring-boot-test-autoconfigure/3.4.0/spring-boot-test-autoconfigure-3.4.0.jar
2025-12-12 10:43:09,939 [BasicRepositoryConnector-repo.maven.apache.org-0-0] INFO  o.e.m.c.i.e.AbstractTransferListenerAdapter - Downloaded https://repo.maven.apache.org/maven2/com/jayway/jsonpath/json-path/2.9.0/json-path-2.9.0.jar
2025-12-12 10:43:09,946 [BasicRepositoryConnector-repo.maven.apache.org-0-4] INFO  o.e.m.c.i.e.AbstractTransferListenerAdapter - Downloading https://repo.maven.apache.org/maven2/jakarta/xml/bind/jakarta.xml.bind-api/4.0.2/jakarta.xml.bind-api-4.0.2.jar
2025-12-12 10:43:09,977 [BasicRepositoryConnector-repo.maven.apache.org-0-4] INFO  o.e.m.c.i.e.AbstractTransferListenerAdapter - Downloaded https://repo.maven.apache.org/maven2/jakarta/xml/bind/jakarta.xml.bind-api/4.0.2/jakarta.xml.bind-api-4.0.2.jar
2025-12-12 10:43:09,999 [BasicRepositoryConnector-repo.maven.apache.org-0-0] INFO  o.e.m.c.i.e.AbstractTransferListenerAdapter - Downloading https://repo.maven.apache.org/maven2/jakarta/activation/jakarta.activation-api/2.1.3/jakarta.activation-api-2.1.3.jar
2025-12-12 10:43:10,018 [BasicRepositoryConnector-repo.maven.apache.org-0-4] INFO  o.e.m.c.i.e.AbstractTransferListenerAdapter - Downloading https://repo.maven.apache.org/maven2/net/minidev/json-smart/2.5.1/json-smart-2.5.1.jar
2025-12-12 10:43:10,020 [BasicRepositoryConnector-repo.maven.apache.org-0-0] INFO  o.e.m.c.i.e.AbstractTransferListenerAdapter - Downloaded https://repo.maven.apache.org/maven2/jakarta/activation/jakarta.activation-api/2.1.3/jakarta.activation-api-2.1.3.jar
2025-12-12 10:43:10,046 [BasicRepositoryConnector-repo.maven.apache.org-0-4] INFO  o.e.m.c.i.e.AbstractTransferListenerAdapter - Downloaded https://repo.maven.apache.org/maven2/net/minidev/json-smart/2.5.1/json-smart-2.5.1.jar
2025-12-12 10:43:10,062 [BasicRepositoryConnector-repo.maven.apache.org-0-0] INFO  o.e.m.c.i.e.AbstractTransferListenerAdapter - Downloading https://repo.maven.apache.org/maven2/net/minidev/accessors-smart/2.5.1/accessors-smart-2.5.1.jar
2025-12-12 10:43:10,069 [BasicRepositoryConnector-repo.maven.apache.org-0-0] INFO  o.e.m.c.i.e.AbstractTransferListenerAdapter - Downloaded https://repo.maven.apache.org/maven2/net/minidev/accessors-smart/2.5.1/accessors-smart-2.5.1.jar
2025-12-12 10:43:10,109 [BasicRepositoryConnector-repo.maven.apache.org-0-4] INFO  o.e.m.c.i.e.AbstractTransferListenerAdapter - Downloading https://repo.maven.apache.org/maven2/org/assertj/assertj-core/3.26.3/assertj-core-3.26.3.jar
2025-12-12 10:43:10,120 [BasicRepositoryConnector-repo.maven.apache.org-0-0] INFO  o.e.m.c.i.e.AbstractTransferListenerAdapter - Downloading https://repo.maven.apache.org/maven2/org/awaitility/awaitility/4.2.2/awaitility-4.2.2.jar
2025-12-12 10:43:10,174 [BasicRepositoryConnector-repo.maven.apache.org-0-0] INFO  o.e.m.c.i.e.AbstractTransferListenerAdapter - Downloaded https://repo.maven.apache.org/maven2/org/awaitility/awaitility/4.2.2/awaitility-4.2.2.jar
2025-12-12 10:43:10,241 [BasicRepositoryConnector-repo.maven.apache.org-0-0] INFO  o.e.m.c.i.e.AbstractTransferListenerAdapter - Downloading https://repo.maven.apache.org/maven2/org/hamcrest/hamcrest/2.2/hamcrest-2.2.jar
2025-12-12 10:43:10,297 [BasicRepositoryConnector-repo.maven.apache.org-0-0] INFO  o.e.m.c.i.e.AbstractTransferListenerAdapter - Downloaded https://repo.maven.apache.org/maven2/org/hamcrest/hamcrest/2.2/hamcrest-2.2.jar
2025-12-12 10:43:10,306 [BasicRepositoryConnector-repo.maven.apache.org-0-1] INFO  o.e.m.c.i.e.AbstractTransferListenerAdapter - Downloaded https://repo.maven.apache.org/maven2/net/bytebuddy/byte-buddy/1.15.10/byte-buddy-1.15.10.jar
2025-12-12 10:43:10,329 [BasicRepositoryConnector-repo.maven.apache.org-0-2] INFO  o.e.m.c.i.e.AbstractTransferListenerAdapter - Downloaded https://repo.maven.apache.org/maven2/org/aspectj/aspectjweaver/1.9.22.1/aspectjweaver-1.9.22.1.jar
2025-12-12 10:43:10,343 [BasicRepositoryConnector-repo.maven.apache.org-0-1] INFO  o.e.m.c.i.e.AbstractTransferListenerAdapter - Downloading https://repo.maven.apache.org/maven2/org/junit/jupiter/junit-jupiter-api/5.11.3/junit-jupiter-api-5.11.3.jar
2025-12-12 10:43:10,354 [BasicRepositoryConnector-repo.maven.apache.org-0-0] INFO  o.e.m.c.i.e.AbstractTransferListenerAdapter - Downloading https://repo.maven.apache.org/maven2/org/junit/jupiter/junit-jupiter/5.11.3/junit-jupiter-5.11.3.jar
2025-12-12 10:43:10,357 [BasicRepositoryConnector-repo.maven.apache.org-0-0] INFO  o.e.m.c.i.e.AbstractTransferListenerAdapter - Downloaded https://repo.maven.apache.org/maven2/org/junit/jupiter/junit-jupiter/5.11.3/junit-jupiter-5.11.3.jar
2025-12-12 10:43:10,373 [BasicRepositoryConnector-repo.maven.apache.org-0-2] INFO  o.e.m.c.i.e.AbstractTransferListenerAdapter - Downloading https://repo.maven.apache.org/maven2/org/junit/platform/junit-platform-commons/1.11.3/junit-platform-commons-1.11.3.jar
2025-12-12 10:43:10,408 [BasicRepositoryConnector-repo.maven.apache.org-0-0] INFO  o.e.m.c.i.e.AbstractTransferListenerAdapter - Downloading https://repo.maven.apache.org/maven2/org/junit/jupiter/junit-jupiter-params/5.11.3/junit-jupiter-params-5.11.3.jar
2025-12-12 10:43:10,409 [BasicRepositoryConnector-repo.maven.apache.org-0-1] INFO  o.e.m.c.i.e.AbstractTransferListenerAdapter - Downloaded https://repo.maven.apache.org/maven2/org/junit/jupiter/junit-jupiter-api/5.11.3/junit-jupiter-api-5.11.3.jar
2025-12-12 10:43:10,421 [BasicRepositoryConnector-repo.maven.apache.org-0-2] INFO  o.e.m.c.i.e.AbstractTransferListenerAdapter - Downloaded https://repo.maven.apache.org/maven2/org/junit/platform/junit-platform-commons/1.11.3/junit-platform-commons-1.11.3.jar
2025-12-12 10:43:10,451 [BasicRepositoryConnector-repo.maven.apache.org-0-1] INFO  o.e.m.c.i.e.AbstractTransferListenerAdapter - Downloading https://repo.maven.apache.org/maven2/org/junit/jupiter/junit-jupiter-engine/5.11.3/junit-jupiter-engine-5.11.3.jar
2025-12-12 10:43:10,456 [BasicRepositoryConnector-repo.maven.apache.org-0-4] INFO  o.e.m.c.i.e.AbstractTransferListenerAdapter - Downloaded https://repo.maven.apache.org/maven2/org/assertj/assertj-core/3.26.3/assertj-core-3.26.3.jar
2025-12-12 10:43:10,470 [BasicRepositoryConnector-repo.maven.apache.org-0-2] INFO  o.e.m.c.i.e.AbstractTransferListenerAdapter - Downloading https://repo.maven.apache.org/maven2/org/junit/platform/junit-platform-engine/1.11.3/junit-platform-engine-1.11.3.jar
2025-12-12 10:43:10,504 [BasicRepositoryConnector-repo.maven.apache.org-0-4] INFO  o.e.m.c.i.e.AbstractTransferListenerAdapter - Downloading https://repo.maven.apache.org/maven2/org/mockito/mockito-core/5.14.2/mockito-core-5.14.2.jar
2025-12-12 10:43:10,531 [BasicRepositoryConnector-repo.maven.apache.org-0-1] INFO  o.e.m.c.i.e.AbstractTransferListenerAdapter - Downloaded https://repo.maven.apache.org/maven2/org/junit/jupiter/junit-jupiter-engine/5.11.3/junit-jupiter-engine-5.11.3.jar
2025-12-12 10:43:10,567 [BasicRepositoryConnector-repo.maven.apache.org-0-2] INFO  o.e.m.c.i.e.AbstractTransferListenerAdapter - Downloaded https://repo.maven.apache.org/maven2/org/junit/platform/junit-platform-engine/1.11.3/junit-platform-engine-1.11.3.jar
2025-12-12 10:43:10,587 [BasicRepositoryConnector-repo.maven.apache.org-0-1] INFO  o.e.m.c.i.e.AbstractTransferListenerAdapter - Downloading https://repo.maven.apache.org/maven2/net/bytebuddy/byte-buddy-agent/1.15.10/byte-buddy-agent-1.15.10.jar
2025-12-12 10:43:10,639 [BasicRepositoryConnector-repo.maven.apache.org-0-0] INFO  o.e.m.c.i.e.AbstractTransferListenerAdapter - Downloaded https://repo.maven.apache.org/maven2/org/junit/jupiter/junit-jupiter-params/5.11.3/junit-jupiter-params-5.11.3.jar
2025-12-12 10:43:10,660 [BasicRepositoryConnector-repo.maven.apache.org-0-2] INFO  o.e.m.c.i.e.AbstractTransferListenerAdapter - Downloading https://repo.maven.apache.org/maven2/org/objenesis/objenesis/3.3/objenesis-3.3.jar
2025-12-12 10:43:10,675 [BasicRepositoryConnector-repo.maven.apache.org-0-2] INFO  o.e.m.c.i.e.AbstractTransferListenerAdapter - Downloaded https://repo.maven.apache.org/maven2/org/objenesis/objenesis/3.3/objenesis-3.3.jar
2025-12-12 10:43:10,691 [BasicRepositoryConnector-repo.maven.apache.org-0-4] INFO  o.e.m.c.i.e.AbstractTransferListenerAdapter - Downloaded https://repo.maven.apache.org/maven2/org/mockito/mockito-core/5.14.2/mockito-core-5.14.2.jar
2025-12-12 10:43:10,696 [BasicRepositoryConnector-repo.maven.apache.org-0-0] INFO  o.e.m.c.i.e.AbstractTransferListenerAdapter - Downloading https://repo.maven.apache.org/maven2/org/mockito/mockito-junit-jupiter/5.14.2/mockito-junit-jupiter-5.14.2.jar
2025-12-12 10:43:10,699 [BasicRepositoryConnector-repo.maven.apache.org-0-0] INFO  o.e.m.c.i.e.AbstractTransferListenerAdapter - Downloaded https://repo.maven.apache.org/maven2/org/mockito/mockito-junit-jupiter/5.14.2/mockito-junit-jupiter-5.14.2.jar
2025-12-12 10:43:10,705 [BasicRepositoryConnector-repo.maven.apache.org-0-1] INFO  o.e.m.c.i.e.AbstractTransferListenerAdapter - Downloaded https://repo.maven.apache.org/maven2/net/bytebuddy/byte-buddy-agent/1.15.10/byte-buddy-agent-1.15.10.jar
2025-12-12 10:43:10,720 [BasicRepositoryConnector-repo.maven.apache.org-0-2] INFO  o.e.m.c.i.e.AbstractTransferListenerAdapter - Downloading https://repo.maven.apache.org/maven2/org/skyscreamer/jsonassert/1.5.3/jsonassert-1.5.3.jar
2025-12-12 10:43:10,724 [BasicRepositoryConnector-repo.maven.apache.org-0-4] INFO  o.e.m.c.i.e.AbstractTransferListenerAdapter - Downloading https://repo.maven.apache.org/maven2/com/vaadin/external/google/android-json/0.0.20131108.vaadin1/android-json-0.0.20131108.vaadin1.jar
2025-12-12 10:43:10,729 [BasicRepositoryConnector-repo.maven.apache.org-0-2] INFO  o.e.m.c.i.e.AbstractTransferListenerAdapter - Downloaded https://repo.maven.apache.org/maven2/org/skyscreamer/jsonassert/1.5.3/jsonassert-1.5.3.jar
2025-12-12 10:43:10,729 [BasicRepositoryConnector-repo.maven.apache.org-0-4] INFO  o.e.m.c.i.e.AbstractTransferListenerAdapter - Downloaded https://repo.maven.apache.org/maven2/com/vaadin/external/google/android-json/0.0.20131108.vaadin1/android-json-0.0.20131108.vaadin1.jar
2025-12-12 10:43:10,738 [BasicRepositoryConnector-repo.maven.apache.org-0-0] INFO  o.e.m.c.i.e.AbstractTransferListenerAdapter - Downloading https://repo.maven.apache.org/maven2/org/springframework/spring-core/6.2.0/spring-core-6.2.0.jar
2025-12-12 10:43:10,760 [BasicRepositoryConnector-repo.maven.apache.org-0-1] INFO  o.e.m.c.i.e.AbstractTransferListenerAdapter - Downloading https://repo.maven.apache.org/maven2/org/springframework/spring-jcl/6.2.0/spring-jcl-6.2.0.jar
2025-12-12 10:43:10,765 [BasicRepositoryConnector-repo.maven.apache.org-0-1] INFO  o.e.m.c.i.e.AbstractTransferListenerAdapter - Downloaded https://repo.maven.apache.org/maven2/org/springframework/spring-jcl/6.2.0/spring-jcl-6.2.0.jar
2025-12-12 10:43:10,766 [BasicRepositoryConnector-repo.maven.apache.org-0-2] INFO  o.e.m.c.i.e.AbstractTransferListenerAdapter - Downloading https://repo.maven.apache.org/maven2/org/springframework/spring-test/6.2.0/spring-test-6.2.0.jar
2025-12-12 10:43:10,769 [BasicRepositoryConnector-repo.maven.apache.org-0-4] INFO  o.e.m.c.i.e.AbstractTransferListenerAdapter - Downloading https://repo.maven.apache.org/maven2/org/xmlunit/xmlunit-core/2.10.0/xmlunit-core-2.10.0.jar
2025-12-12 10:43:10,803 [BasicRepositoryConnector-repo.maven.apache.org-0-3] INFO  o.e.m.c.i.e.AbstractTransferListenerAdapter - Downloaded https://repo.maven.apache.org/maven2/com/mysql/mysql-connector-j/9.1.0/mysql-connector-j-9.1.0.jar
2025-12-12 10:43:10,810 [BasicRepositoryConnector-repo.maven.apache.org-0-1] INFO  o.e.m.c.i.e.AbstractTransferListenerAdapter - Downloading https://repo.maven.apache.org/maven2/org/openjfx/javafx-controls/23/javafx-controls-23.jar
2025-12-12 10:43:10,813 [BasicRepositoryConnector-repo.maven.apache.org-0-1] INFO  o.e.m.c.i.e.AbstractTransferListenerAdapter - Downloaded https://repo.maven.apache.org/maven2/org/openjfx/javafx-controls/23/javafx-controls-23.jar
2025-12-12 10:43:10,832 [BasicRepositoryConnector-repo.maven.apache.org-0-4] INFO  o.e.m.c.i.e.AbstractTransferListenerAdapter - Downloaded https://repo.maven.apache.org/maven2/org/xmlunit/xmlunit-core/2.10.0/xmlunit-core-2.10.0.jar
2025-12-12 10:43:10,854 [BasicRepositoryConnector-repo.maven.apache.org-0-3] INFO  o.e.m.c.i.e.AbstractTransferListenerAdapter - Downloading https://repo.maven.apache.org/maven2/org/openjfx/javafx-controls/23/javafx-controls-23-win.jar
2025-12-12 10:43:10,857 [BasicRepositoryConnector-repo.maven.apache.org-0-1] INFO  o.e.m.c.i.e.AbstractTransferListenerAdapter - Downloading https://repo.maven.apache.org/maven2/org/openjfx/javafx-graphics/23/javafx-graphics-23.jar
2025-12-12 10:43:10,859 [BasicRepositoryConnector-repo.maven.apache.org-0-1] INFO  o.e.m.c.i.e.AbstractTransferListenerAdapter - Downloaded https://repo.maven.apache.org/maven2/org/openjfx/javafx-graphics/23/javafx-graphics-23.jar
2025-12-12 10:43:10,881 [BasicRepositoryConnector-repo.maven.apache.org-0-4] INFO  o.e.m.c.i.e.AbstractTransferListenerAdapter - Downloading https://repo.maven.apache.org/maven2/org/openjfx/javafx-graphics/23/javafx-graphics-23-win.jar
2025-12-12 10:43:10,904 [BasicRepositoryConnector-repo.maven.apache.org-0-1] INFO  o.e.m.c.i.e.AbstractTransferListenerAdapter - Downloading https://repo.maven.apache.org/maven2/org/openjfx/javafx-base/23/javafx-base-23.jar
2025-12-12 10:43:10,907 [BasicRepositoryConnector-repo.maven.apache.org-0-1] INFO  o.e.m.c.i.e.AbstractTransferListenerAdapter - Downloaded https://repo.maven.apache.org/maven2/org/openjfx/javafx-base/23/javafx-base-23.jar
2025-12-12 10:43:10,970 [BasicRepositoryConnector-repo.maven.apache.org-0-1] INFO  o.e.m.c.i.e.AbstractTransferListenerAdapter - Downloading https://repo.maven.apache.org/maven2/org/openjfx/javafx-base/23/javafx-base-23-win.jar
2025-12-12 10:43:11,011 [BasicRepositoryConnector-repo.maven.apache.org-0-2] INFO  o.e.m.c.i.e.AbstractTransferListenerAdapter - Downloaded https://repo.maven.apache.org/maven2/org/springframework/spring-test/6.2.0/spring-test-6.2.0.jar
2025-12-12 10:43:11,074 [BasicRepositoryConnector-repo.maven.apache.org-0-2] INFO  o.e.m.c.i.e.AbstractTransferListenerAdapter - Downloading https://repo.maven.apache.org/maven2/org/openjfx/javafx-fxml/23/javafx-fxml-23.jar
2025-12-12 10:43:11,077 [BasicRepositoryConnector-repo.maven.apache.org-0-2] INFO  o.e.m.c.i.e.AbstractTransferListenerAdapter - Downloaded https://repo.maven.apache.org/maven2/org/openjfx/javafx-fxml/23/javafx-fxml-23.jar
2025-12-12 10:43:11,138 [BasicRepositoryConnector-repo.maven.apache.org-0-2] INFO  o.e.m.c.i.e.AbstractTransferListenerAdapter - Downloading https://repo.maven.apache.org/maven2/org/openjfx/javafx-fxml/23/javafx-fxml-23-win.jar
2025-12-12 10:43:11,176 [BasicRepositoryConnector-repo.maven.apache.org-0-2] INFO  o.e.m.c.i.e.AbstractTransferListenerAdapter - Downloaded https://repo.maven.apache.org/maven2/org/openjfx/javafx-fxml/23/javafx-fxml-23-win.jar
2025-12-12 10:43:11,305 [BasicRepositoryConnector-repo.maven.apache.org-0-1] INFO  o.e.m.c.i.e.AbstractTransferListenerAdapter - Downloaded https://repo.maven.apache.org/maven2/org/openjfx/javafx-base/23/javafx-base-23-win.jar
2025-12-12 10:43:11,347 [BasicRepositoryConnector-repo.maven.apache.org-0-0] INFO  o.e.m.c.i.e.AbstractTransferListenerAdapter - Downloaded https://repo.maven.apache.org/maven2/org/springframework/spring-core/6.2.0/spring-core-6.2.0.jar
2025-12-12 10:43:11,601 [BasicRepositoryConnector-repo.maven.apache.org-0-3] INFO  o.e.m.c.i.e.AbstractTransferListenerAdapter - Downloaded https://repo.maven.apache.org/maven2/org/openjfx/javafx-controls/23/javafx-controls-23-win.jar
2025-12-12 10:43:11,979 [BasicRepositoryConnector-repo.maven.apache.org-0-4] INFO  o.e.m.c.i.e.AbstractTransferListenerAdapter - Downloaded https://repo.maven.apache.org/maven2/org/openjfx/javafx-graphics/23/javafx-graphics-23-win.jar
2025-12-12 10:43:12,381 [Worker-35: Building] INFO  o.a.m.s.f.DefaultMavenResourcesFiltering - skip non existing resourceDirectory C:\Users\ortiz\OneDrive\Documentos\proyecto\PROYECTO_ORTIZBLANCO_BRUNO\PROYECTO_ORTIZBLANCO_BRUNO\src\main\resources
2025-12-12 10:43:12,381 [Worker-35: Building] INFO  o.a.m.s.f.DefaultMavenResourcesFiltering - skip non existing resourceDirectory C:\Users\ortiz\OneDrive\Documentos\proyecto\PROYECTO_ORTIZBLANCO_BRUNO\PROYECTO_ORTIZBLANCO_BRUNO\src\main\resources
2025-12-12 10:43:12,384 [Worker-35: Building] INFO  o.a.m.s.f.DefaultMavenResourcesFiltering - skip non existing resourceDirectory C:\Users\ortiz\OneDrive\Documentos\proyecto\PROYECTO_ORTIZBLANCO_BRUNO\PROYECTO_ORTIZBLANCO_BRUNO\src\test\resources
2025-12-12 10:43:12,585 [Worker-35: Building] WARN  o.apache.maven.project.MavenProject - Direct modification of compileSourceRoots through clear() is deprecated and will not work in Maven 4.0.0. Please use the add/remove methods instead. If you're using a plugin that causes this warning, please upgrade to the latest version and report an issue if the warning persists. To disable these warnings, set -Dmaven.project.sourceRoots.warningsDisabled=true on the command line, in the .mvn/maven.config file, or in project POM properties.
2025-12-12 10:43:12,586 [Worker-35: Building] WARN  o.apache.maven.project.MavenProject - Direct modification of compileSourceRoots through add() is deprecated and will not work in Maven 4.0.0. Please use the add/remove methods instead. If you're using a plugin that causes this warning, please upgrade to the latest version and report an issue if the warning persists. To disable these warnings, set -Dmaven.project.sourceRoots.warningsDisabled=true on the command line, in the .mvn/maven.config file, or in project POM properties.
2025-12-12 10:43:12,587 [Worker-35: Building] WARN  o.apache.maven.project.MavenProject - Direct modification of testCompileSourceRoots through clear() is deprecated and will not work in Maven 4.0.0. Please use the add/remove methods instead. If you're using a plugin that causes this warning, please upgrade to the latest version and report an issue if the warning persists. To disable these warnings, set -Dmaven.project.sourceRoots.warningsDisabled=true on the command line, in the .mvn/maven.config file, or in project POM properties.
2025-12-12 10:43:12,587 [Worker-35: Building] WARN  o.apache.maven.project.MavenProject - Direct modification of testCompileSourceRoots through add() is deprecated and will not work in Maven 4.0.0. Please use the add/remove methods instead. If you're using a plugin that causes this warning, please upgrade to the latest version and report an issue if the warning persists. To disable these warnings, set -Dmaven.project.sourceRoots.warningsDisabled=true on the command line, in the .mvn/maven.config file, or in project POM properties.
2025-12-12 10:43:13,336 [Worker-37: Download sources and javadoc] INFO  o.e.m.c.i.e.AbstractTransferListenerAdapter - Downloading https://repo.maven.apache.org/maven2/org/springframework/boot/spring-boot-starter-data-jpa/3.4.0/spring-boot-starter-data-jpa-3.4.0-sources.jar
2025-12-12 10:43:13,340 [Worker-37: Download sources and javadoc] INFO  o.e.m.c.i.e.AbstractTransferListenerAdapter - Downloaded https://repo.maven.apache.org/maven2/org/springframework/boot/spring-boot-starter-data-jpa/3.4.0/spring-boot-starter-data-jpa-3.4.0-sources.jar
2025-12-12 10:43:13,345 [Worker-37: Download sources and javadoc] INFO  o.e.m.j.internal.DownloadSourcesJob - Downloaded sources for org.springframework.boot:spring-boot-starter-data-jpa:3.4.0
2025-12-12 10:43:13,435 [Worker-37: Download sources and javadoc] INFO  o.e.m.c.i.e.AbstractTransferListenerAdapter - Downloading https://repo.maven.apache.org/maven2/org/springframework/boot/spring-boot-starter/3.4.0/spring-boot-starter-3.4.0-sources.jar
2025-12-12 10:43:13,439 [Worker-37: Download sources and javadoc] INFO  o.e.m.c.i.e.AbstractTransferListenerAdapter - Downloaded https://repo.maven.apache.org/maven2/org/springframework/boot/spring-boot-starter/3.4.0/spring-boot-starter-3.4.0-sources.jar
2025-12-12 10:43:13,444 [Worker-37: Download sources and javadoc] INFO  o.e.m.j.internal.DownloadSourcesJob - Downloaded sources for org.springframework.boot:spring-boot-starter:3.4.0
2025-12-12 10:43:13,526 [Worker-37: Download sources and javadoc] INFO  o.e.m.c.i.e.AbstractTransferListenerAdapter - Downloading https://repo.maven.apache.org/maven2/org/springframework/boot/spring-boot/3.4.0/spring-boot-3.4.0-sources.jar
2025-12-12 10:43:13,658 [Worker-37: Download sources and javadoc] INFO  o.e.m.c.i.e.AbstractTransferListenerAdapter - Downloaded https://repo.maven.apache.org/maven2/org/springframework/boot/spring-boot/3.4.0/spring-boot-3.4.0-sources.jar
2025-12-12 10:43:13,661 [Worker-37: Download sources and javadoc] INFO  o.e.m.j.internal.DownloadSourcesJob - Downloaded sources for org.springframework.boot:spring-boot:3.4.0
2025-12-12 10:43:13,780 [Worker-37: Download sources and javadoc] INFO  o.e.m.c.i.e.AbstractTransferListenerAdapter - Downloading https://repo.maven.apache.org/maven2/org/springframework/boot/spring-boot-autoconfigure/3.4.0/spring-boot-autoconfigure-3.4.0-sources.jar
2025-12-12 10:43:13,904 [Worker-37: Download sources and javadoc] INFO  o.e.m.c.i.e.AbstractTransferListenerAdapter - Downloaded https://repo.maven.apache.org/maven2/org/springframework/boot/spring-boot-autoconfigure/3.4.0/spring-boot-autoconfigure-3.4.0-sources.jar
2025-12-12 10:43:13,908 [Worker-37: Download sources and javadoc] INFO  o.e.m.j.internal.DownloadSourcesJob - Downloaded sources for org.springframework.boot:spring-boot-autoconfigure:3.4.0
2025-12-12 10:43:13,998 [Worker-37: Download sources and javadoc] INFO  o.e.m.c.i.e.AbstractTransferListenerAdapter - Downloading https://repo.maven.apache.org/maven2/org/springframework/boot/spring-boot-starter-logging/3.4.0/spring-boot-starter-logging-3.4.0-sources.jar
2025-12-12 10:43:14,001 [Worker-37: Download sources and javadoc] INFO  o.e.m.c.i.e.AbstractTransferListenerAdapter - Downloaded https://repo.maven.apache.org/maven2/org/springframework/boot/spring-boot-starter-logging/3.4.0/spring-boot-starter-logging-3.4.0-sources.jar
2025-12-12 10:43:14,005 [Worker-37: Download sources and javadoc] INFO  o.e.m.j.internal.DownloadSourcesJob - Downloaded sources for org.springframework.boot:spring-boot-starter-logging:3.4.0
2025-12-12 10:43:14,122 [Worker-37: Download sources and javadoc] INFO  o.e.m.c.i.e.AbstractTransferListenerAdapter - Downloading https://repo.maven.apache.org/maven2/ch/qos/logback/logback-classic/1.5.12/logback-classic-1.5.12-sources.jar
2025-12-12 10:43:14,160 [Worker-37: Download sources and javadoc] INFO  o.e.m.c.i.e.AbstractTransferListenerAdapter - Downloaded https://repo.maven.apache.org/maven2/ch/qos/logback/logback-classic/1.5.12/logback-classic-1.5.12-sources.jar
2025-12-12 10:43:14,164 [Worker-37: Download sources and javadoc] INFO  o.e.m.j.internal.DownloadSourcesJob - Downloaded sources for ch.qos.logback:logback-classic:1.5.12
2025-12-12 10:43:14,242 [Worker-37: Download sources and javadoc] INFO  o.e.m.c.i.e.AbstractTransferListenerAdapter - Downloading https://repo.maven.apache.org/maven2/ch/qos/logback/logback-core/1.5.12/logback-core-1.5.12-sources.jar
2025-12-12 10:43:14,310 [Worker-37: Download sources and javadoc] INFO  o.e.m.c.i.e.AbstractTransferListenerAdapter - Downloaded https://repo.maven.apache.org/maven2/ch/qos/logback/logback-core/1.5.12/logback-core-1.5.12-sources.jar
2025-12-12 10:43:14,313 [Worker-37: Download sources and javadoc] INFO  o.e.m.j.internal.DownloadSourcesJob - Downloaded sources for ch.qos.logback:logback-core:1.5.12
2025-12-12 10:43:14,416 [Worker-37: Download sources and javadoc] INFO  o.e.m.c.i.e.AbstractTransferListenerAdapter - Downloading https://repo.maven.apache.org/maven2/org/apache/logging/log4j/log4j-to-slf4j/2.24.1/log4j-to-slf4j-2.24.1-sources.jar
2025-12-12 10:43:14,421 [Worker-37: Download sources and javadoc] INFO  o.e.m.c.i.e.AbstractTransferListenerAdapter - Downloaded https://repo.maven.apache.org/maven2/org/apache/logging/log4j/log4j-to-slf4j/2.24.1/log4j-to-slf4j-2.24.1-sources.jar
2025-12-12 10:43:14,423 [Worker-34: Building] INFO  o.a.m.s.f.DefaultMavenResourcesFiltering - skip non existing resourceDirectory C:\Users\ortiz\OneDrive\Documentos\proyecto\PROYECTO_ORTIZBLANCO_BRUNO\PROYECTO_ORTIZBLANCO_BRUNO\src\main\resources
2025-12-12 10:43:14,423 [Worker-34: Building] INFO  o.a.m.s.f.DefaultMavenResourcesFiltering - skip non existing resourceDirectory C:\Users\ortiz\OneDrive\Documentos\proyecto\PROYECTO_ORTIZBLANCO_BRUNO\PROYECTO_ORTIZBLANCO_BRUNO\src\main\resources
2025-12-12 10:43:14,425 [Worker-34: Building] INFO  o.a.m.s.f.DefaultMavenResourcesFiltering - skip non existing resourceDirectory C:\Users\ortiz\OneDrive\Documentos\proyecto\PROYECTO_ORTIZBLANCO_BRUNO\PROYECTO_ORTIZBLANCO_BRUNO\src\test\resources
2025-12-12 10:43:14,426 [Worker-37: Download sources and javadoc] INFO  o.e.m.j.internal.DownloadSourcesJob - Downloaded sources for org.apache.logging.log4j:log4j-to-slf4j:2.24.1
2025-12-12 10:43:14,440 [Worker-34: Building] WARN  o.apache.maven.project.MavenProject - Direct modification of compileSourceRoots through clear() is deprecated and will not work in Maven 4.0.0. Please use the add/remove methods instead. If you're using a plugin that causes this warning, please upgrade to the latest version and report an issue if the warning persists. To disable these warnings, set -Dmaven.project.sourceRoots.warningsDisabled=true on the command line, in the .mvn/maven.config file, or in project POM properties.
2025-12-12 10:43:14,440 [Worker-34: Building] WARN  o.apache.maven.project.MavenProject - Direct modification of compileSourceRoots through add() is deprecated and will not work in Maven 4.0.0. Please use the add/remove methods instead. If you're using a plugin that causes this warning, please upgrade to the latest version and report an issue if the warning persists. To disable these warnings, set -Dmaven.project.sourceRoots.warningsDisabled=true on the command line, in the .mvn/maven.config file, or in project POM properties.
2025-12-12 10:43:14,441 [Worker-34: Building] WARN  o.apache.maven.project.MavenProject - Direct modification of testCompileSourceRoots through clear() is deprecated and will not work in Maven 4.0.0. Please use the add/remove methods instead. If you're using a plugin that causes this warning, please upgrade to the latest version and report an issue if the warning persists. To disable these warnings, set -Dmaven.project.sourceRoots.warningsDisabled=true on the command line, in the .mvn/maven.config file, or in project POM properties.
2025-12-12 10:43:14,441 [Worker-34: Building] WARN  o.apache.maven.project.MavenProject - Direct modification of testCompileSourceRoots through add() is deprecated and will not work in Maven 4.0.0. Please use the add/remove methods instead. If you're using a plugin that causes this warning, please upgrade to the latest version and report an issue if the warning persists. To disable these warnings, set -Dmaven.project.sourceRoots.warningsDisabled=true on the command line, in the .mvn/maven.config file, or in project POM properties.
2025-12-12 10:43:14,541 [Worker-37: Download sources and javadoc] INFO  o.e.m.c.i.e.AbstractTransferListenerAdapter - Downloading https://repo.maven.apache.org/maven2/org/apache/logging/log4j/log4j-api/2.24.1/log4j-api-2.24.1-sources.jar
2025-12-12 10:43:14,590 [Worker-37: Download sources and javadoc] INFO  o.e.m.c.i.e.AbstractTransferListenerAdapter - Downloaded https://repo.maven.apache.org/maven2/org/apache/logging/log4j/log4j-api/2.24.1/log4j-api-2.24.1-sources.jar
2025-12-12 10:43:14,593 [Worker-37: Download sources and javadoc] INFO  o.e.m.j.internal.DownloadSourcesJob - Downloaded sources for org.apache.logging.log4j:log4j-api:2.24.1
2025-12-12 10:43:14,671 [Worker-37: Download sources and javadoc] INFO  o.e.m.c.i.e.AbstractTransferListenerAdapter - Downloading https://repo.maven.apache.org/maven2/org/slf4j/jul-to-slf4j/2.0.16/jul-to-slf4j-2.0.16-sources.jar
2025-12-12 10:43:14,675 [Worker-37: Download sources and javadoc] INFO  o.e.m.c.i.e.AbstractTransferListenerAdapter - Downloaded https://repo.maven.apache.org/maven2/org/slf4j/jul-to-slf4j/2.0.16/jul-to-slf4j-2.0.16-sources.jar
2025-12-12 10:43:14,678 [Worker-37: Download sources and javadoc] INFO  o.e.m.j.internal.DownloadSourcesJob - Downloaded sources for org.slf4j:jul-to-slf4j:2.0.16
2025-12-12 10:43:14,758 [Worker-37: Download sources and javadoc] INFO  o.e.m.c.i.e.AbstractTransferListenerAdapter - Downloading https://repo.maven.apache.org/maven2/jakarta/annotation/jakarta.annotation-api/2.1.1/jakarta.annotation-api-2.1.1-sources.jar
2025-12-12 10:43:14,764 [Worker-37: Download sources and javadoc] INFO  o.e.m.c.i.e.AbstractTransferListenerAdapter - Downloaded https://repo.maven.apache.org/maven2/jakarta/annotation/jakarta.annotation-api/2.1.1/jakarta.annotation-api-2.1.1-sources.jar
2025-12-12 10:43:14,768 [Worker-37: Download sources and javadoc] INFO  o.e.m.j.internal.DownloadSourcesJob - Downloaded sources for jakarta.annotation:jakarta.annotation-api:2.1.1
2025-12-12 10:43:14,856 [Worker-37: Download sources and javadoc] INFO  o.e.m.c.i.e.AbstractTransferListenerAdapter - Downloading https://repo.maven.apache.org/maven2/org/yaml/snakeyaml/2.3/snakeyaml-2.3-sources.jar
2025-12-12 10:43:14,901 [Worker-37: Download sources and javadoc] INFO  o.e.m.c.i.e.AbstractTransferListenerAdapter - Downloaded https://repo.maven.apache.org/maven2/org/yaml/snakeyaml/2.3/snakeyaml-2.3-sources.jar
2025-12-12 10:43:14,906 [Worker-37: Download sources and javadoc] INFO  o.e.m.j.internal.DownloadSourcesJob - Downloaded sources for org.yaml:snakeyaml:2.3
2025-12-12 10:43:14,988 [Worker-37: Download sources and javadoc] INFO  o.e.m.c.i.e.AbstractTransferListenerAdapter - Downloading https://repo.maven.apache.org/maven2/org/springframework/boot/spring-boot-starter-jdbc/3.4.0/spring-boot-starter-jdbc-3.4.0-sources.jar
2025-12-12 10:43:14,991 [Worker-37: Download sources and javadoc] INFO  o.e.m.c.i.e.AbstractTransferListenerAdapter - Downloaded https://repo.maven.apache.org/maven2/org/springframework/boot/spring-boot-starter-jdbc/3.4.0/spring-boot-starter-jdbc-3.4.0-sources.jar
2025-12-12 10:43:14,995 [Worker-37: Download sources and javadoc] INFO  o.e.m.j.internal.DownloadSourcesJob - Downloaded sources for org.springframework.boot:spring-boot-starter-jdbc:3.4.0
2025-12-12 10:43:15,075 [Worker-37: Download sources and javadoc] INFO  o.e.m.c.i.e.AbstractTransferListenerAdapter - Downloading https://repo.maven.apache.org/maven2/com/zaxxer/HikariCP/5.1.0/HikariCP-5.1.0-sources.jar
2025-12-12 10:43:15,114 [Worker-37: Download sources and javadoc] INFO  o.e.m.c.i.e.AbstractTransferListenerAdapter - Downloaded https://repo.maven.apache.org/maven2/com/zaxxer/HikariCP/5.1.0/HikariCP-5.1.0-sources.jar
2025-12-12 10:43:15,131 [Worker-37: Download sources and javadoc] INFO  o.e.m.j.internal.DownloadSourcesJob - Downloaded sources for com.zaxxer:HikariCP:5.1.0
2025-12-12 10:43:15,219 [Worker-37: Download sources and javadoc] INFO  o.e.m.c.i.e.AbstractTransferListenerAdapter - Downloading https://repo.maven.apache.org/maven2/org/springframework/spring-jdbc/6.2.0/spring-jdbc-6.2.0-sources.jar
2025-12-12 10:43:15,292 [Worker-37: Download sources and javadoc] INFO  o.e.m.c.i.e.AbstractTransferListenerAdapter - Downloaded https://repo.maven.apache.org/maven2/org/springframework/spring-jdbc/6.2.0/spring-jdbc-6.2.0-sources.jar
2025-12-12 10:43:15,298 [Worker-37: Download sources and javadoc] INFO  o.e.m.j.internal.DownloadSourcesJob - Downloaded sources for org.springframework:spring-jdbc:6.2.0
2025-12-12 10:43:15,381 [Worker-37: Download sources and javadoc] INFO  o.e.m.c.i.e.AbstractTransferListenerAdapter - Downloading https://repo.maven.apache.org/maven2/org/hibernate/orm/hibernate-core/6.6.2.Final/hibernate-core-6.6.2.Final-sources.jar
2025-12-12 10:43:16,096 [Worker-37: Download sources and javadoc] INFO  o.e.m.c.i.e.AbstractTransferListenerAdapter - Downloaded https://repo.maven.apache.org/maven2/org/hibernate/orm/hibernate-core/6.6.2.Final/hibernate-core-6.6.2.Final-sources.jar
2025-12-12 10:43:16,100 [Worker-37: Download sources and javadoc] INFO  o.e.m.j.internal.DownloadSourcesJob - Downloaded sources for org.hibernate.orm:hibernate-core:6.6.2.Final
2025-12-12 10:43:16,180 [Worker-37: Download sources and javadoc] INFO  o.e.m.c.i.e.AbstractTransferListenerAdapter - Downloading https://repo.maven.apache.org/maven2/jakarta/persistence/jakarta.persistence-api/3.1.0/jakarta.persistence-api-3.1.0-sources.jar
2025-12-12 10:43:16,223 [Worker-37: Download sources and javadoc] INFO  o.e.m.c.i.e.AbstractTransferListenerAdapter - Downloaded https://repo.maven.apache.org/maven2/jakarta/persistence/jakarta.persistence-api/3.1.0/jakarta.persistence-api-3.1.0-sources.jar
2025-12-12 10:43:16,226 [Worker-37: Download sources and javadoc] INFO  o.e.m.j.internal.DownloadSourcesJob - Downloaded sources for jakarta.persistence:jakarta.persistence-api:3.1.0
2025-12-12 10:43:16,312 [Worker-37: Download sources and javadoc] INFO  o.e.m.c.i.e.AbstractTransferListenerAdapter - Downloading https://repo.maven.apache.org/maven2/jakarta/transaction/jakarta.transaction-api/2.0.1/jakarta.transaction-api-2.0.1-sources.jar
2025-12-12 10:43:16,318 [Worker-37: Download sources and javadoc] INFO  o.e.m.c.i.e.AbstractTransferListenerAdapter - Downloaded https://repo.maven.apache.org/maven2/jakarta/transaction/jakarta.transaction-api/2.0.1/jakarta.transaction-api-2.0.1-sources.jar
2025-12-12 10:43:16,322 [Worker-37: Download sources and javadoc] INFO  o.e.m.j.internal.DownloadSourcesJob - Downloaded sources for jakarta.transaction:jakarta.transaction-api:2.0.1
2025-12-12 10:43:16,404 [Worker-37: Download sources and javadoc] INFO  o.e.m.c.i.e.AbstractTransferListenerAdapter - Downloading https://repo.maven.apache.org/maven2/org/jboss/logging/jboss-logging/3.6.1.Final/jboss-logging-3.6.1.Final-sources.jar
2025-12-12 10:43:16,410 [Worker-37: Download sources and javadoc] INFO  o.e.m.c.i.e.AbstractTransferListenerAdapter - Downloaded https://repo.maven.apache.org/maven2/org/jboss/logging/jboss-logging/3.6.1.Final/jboss-logging-3.6.1.Final-sources.jar
2025-12-12 10:43:16,413 [Worker-37: Download sources and javadoc] INFO  o.e.m.j.internal.DownloadSourcesJob - Downloaded sources for org.jboss.logging:jboss-logging:3.6.1.Final
2025-12-12 10:43:16,503 [Worker-37: Download sources and javadoc] INFO  o.e.m.c.i.e.AbstractTransferListenerAdapter - Downloading https://repo.maven.apache.org/maven2/org/hibernate/common/hibernate-commons-annotations/7.0.3.Final/hibernate-commons-annotations-7.0.3.Final-sources.jar
2025-12-12 10:43:16,508 [Worker-37: Download sources and javadoc] INFO  o.e.m.c.i.e.AbstractTransferListenerAdapter - Downloaded https://repo.maven.apache.org/maven2/org/hibernate/common/hibernate-commons-annotations/7.0.3.Final/hibernate-commons-annotations-7.0.3.Final-sources.jar
2025-12-12 10:43:16,512 [Worker-37: Download sources and javadoc] INFO  o.e.m.j.internal.DownloadSourcesJob - Downloaded sources for org.hibernate.common:hibernate-commons-annotations:7.0.3.Final
2025-12-12 10:43:16,620 [Worker-37: Download sources and javadoc] INFO  o.e.m.c.i.e.AbstractTransferListenerAdapter - Downloading https://repo.maven.apache.org/maven2/io/smallrye/jandex/3.2.0/jandex-3.2.0-sources.jar
2025-12-12 10:43:16,658 [Worker-37: Download sources and javadoc] INFO  o.e.m.c.i.e.AbstractTransferListenerAdapter - Downloaded https://repo.maven.apache.org/maven2/io/smallrye/jandex/3.2.0/jandex-3.2.0-sources.jar
2025-12-12 10:43:16,660 [Worker-37: Download sources and javadoc] INFO  o.e.m.j.internal.DownloadSourcesJob - Downloaded sources for io.smallrye:jandex:3.2.0
2025-12-12 10:43:16,738 [Worker-37: Download sources and javadoc] INFO  o.e.m.c.i.e.AbstractTransferListenerAdapter - Downloading https://repo.maven.apache.org/maven2/com/fasterxml/classmate/1.7.0/classmate-1.7.0-sources.jar
2025-12-12 10:43:16,768 [Worker-37: Download sources and javadoc] INFO  o.e.m.c.i.e.AbstractTransferListenerAdapter - Downloaded https://repo.maven.apache.org/maven2/com/fasterxml/classmate/1.7.0/classmate-1.7.0-sources.jar
2025-12-12 10:43:16,770 [Worker-37: Download sources and javadoc] INFO  o.e.m.j.internal.DownloadSourcesJob - Downloaded sources for com.fasterxml:classmate:1.7.0
2025-12-12 10:43:16,854 [Worker-37: Download sources and javadoc] INFO  o.e.m.c.i.e.AbstractTransferListenerAdapter - Downloading https://repo.maven.apache.org/maven2/net/bytebuddy/byte-buddy/1.15.10/byte-buddy-1.15.10-sources.jar
2025-12-12 10:43:17,004 [Worker-37: Download sources and javadoc] INFO  o.e.m.c.i.e.AbstractTransferListenerAdapter - Downloaded https://repo.maven.apache.org/maven2/net/bytebuddy/byte-buddy/1.15.10/byte-buddy-1.15.10-sources.jar
2025-12-12 10:43:17,007 [Worker-37: Download sources and javadoc] INFO  o.e.m.j.internal.DownloadSourcesJob - Downloaded sources for net.bytebuddy:byte-buddy:1.15.10
2025-12-12 10:43:17,090 [Worker-37: Download sources and javadoc] INFO  o.e.m.c.i.e.AbstractTransferListenerAdapter - Downloading https://repo.maven.apache.org/maven2/org/glassfish/jaxb/jaxb-runtime/4.0.5/jaxb-runtime-4.0.5-sources.jar
2025-12-12 10:43:17,168 [Worker-37: Download sources and javadoc] INFO  o.e.m.c.i.e.AbstractTransferListenerAdapter - Downloaded https://repo.maven.apache.org/maven2/org/glassfish/jaxb/jaxb-runtime/4.0.5/jaxb-runtime-4.0.5-sources.jar
2025-12-12 10:43:17,173 [Worker-37: Download sources and javadoc] INFO  o.e.m.j.internal.DownloadSourcesJob - Downloaded sources for org.glassfish.jaxb:jaxb-runtime:4.0.5
2025-12-12 10:43:17,251 [Worker-37: Download sources and javadoc] INFO  o.e.m.c.i.e.AbstractTransferListenerAdapter - Downloading https://repo.maven.apache.org/maven2/org/glassfish/jaxb/jaxb-core/4.0.5/jaxb-core-4.0.5-sources.jar
2025-12-12 10:43:17,282 [Worker-37: Download sources and javadoc] INFO  o.e.m.c.i.e.AbstractTransferListenerAdapter - Downloaded https://repo.maven.apache.org/maven2/org/glassfish/jaxb/jaxb-core/4.0.5/jaxb-core-4.0.5-sources.jar
2025-12-12 10:43:17,284 [Worker-37: Download sources and javadoc] INFO  o.e.m.j.internal.DownloadSourcesJob - Downloaded sources for org.glassfish.jaxb:jaxb-core:4.0.5
2025-12-12 10:43:17,375 [Worker-37: Download sources and javadoc] INFO  o.e.m.c.i.e.AbstractTransferListenerAdapter - Downloading https://repo.maven.apache.org/maven2/org/eclipse/angus/angus-activation/2.0.2/angus-activation-2.0.2-sources.jar
2025-12-12 10:43:17,381 [Worker-37: Download sources and javadoc] INFO  o.e.m.c.i.e.AbstractTransferListenerAdapter - Downloaded https://repo.maven.apache.org/maven2/org/eclipse/angus/angus-activation/2.0.2/angus-activation-2.0.2-sources.jar
2025-12-12 10:43:17,385 [Worker-37: Download sources and javadoc] INFO  o.e.m.j.internal.DownloadSourcesJob - Downloaded sources for org.eclipse.angus:angus-activation:2.0.2
2025-12-12 10:43:17,554 [Worker-37: Download sources and javadoc] INFO  o.e.m.c.i.e.AbstractTransferListenerAdapter - Downloading https://repo.maven.apache.org/maven2/org/glassfish/jaxb/txw2/4.0.5/txw2-4.0.5-sources.jar
2025-12-12 10:43:17,570 [Worker-37: Download sources and javadoc] INFO  o.e.m.c.i.e.AbstractTransferListenerAdapter - Downloaded https://repo.maven.apache.org/maven2/org/glassfish/jaxb/txw2/4.0.5/txw2-4.0.5-sources.jar
2025-12-12 10:43:17,573 [Worker-37: Download sources and javadoc] INFO  o.e.m.j.internal.DownloadSourcesJob - Downloaded sources for org.glassfish.jaxb:txw2:4.0.5
2025-12-12 10:43:17,651 [Worker-37: Download sources and javadoc] INFO  o.e.m.c.i.e.AbstractTransferListenerAdapter - Downloading https://repo.maven.apache.org/maven2/com/sun/istack/istack-commons-runtime/4.1.2/istack-commons-runtime-4.1.2-sources.jar
2025-12-12 10:43:17,653 [Worker-37: Download sources and javadoc] INFO  o.e.m.c.i.e.AbstractTransferListenerAdapter - Downloaded https://repo.maven.apache.org/maven2/com/sun/istack/istack-commons-runtime/4.1.2/istack-commons-runtime-4.1.2-sources.jar
2025-12-12 10:43:17,657 [Worker-37: Download sources and javadoc] INFO  o.e.m.j.internal.DownloadSourcesJob - Downloaded sources for com.sun.istack:istack-commons-runtime:4.1.2
2025-12-12 10:43:17,837 [Worker-37: Download sources and javadoc] INFO  o.e.m.c.i.e.AbstractTransferListenerAdapter - Downloading https://repo.maven.apache.org/maven2/jakarta/inject/jakarta.inject-api/2.0.1/jakarta.inject-api-2.0.1-sources.jar
2025-12-12 10:43:17,840 [Worker-37: Download sources and javadoc] INFO  o.e.m.c.i.e.AbstractTransferListenerAdapter - Downloaded https://repo.maven.apache.org/maven2/jakarta/inject/jakarta.inject-api/2.0.1/jakarta.inject-api-2.0.1-sources.jar
2025-12-12 10:43:17,845 [Worker-37: Download sources and javadoc] INFO  o.e.m.j.internal.DownloadSourcesJob - Downloaded sources for jakarta.inject:jakarta.inject-api:2.0.1
2025-12-12 10:43:17,927 [Worker-37: Download sources and javadoc] INFO  o.e.m.c.i.e.AbstractTransferListenerAdapter - Downloading https://repo.maven.apache.org/maven2/org/antlr/antlr4-runtime/4.13.0/antlr4-runtime-4.13.0-sources.jar
2025-12-12 10:43:17,977 [Worker-37: Download sources and javadoc] INFO  o.e.m.c.i.e.AbstractTransferListenerAdapter - Downloaded https://repo.maven.apache.org/maven2/org/antlr/antlr4-runtime/4.13.0/antlr4-runtime-4.13.0-sources.jar
2025-12-12 10:43:17,980 [Worker-37: Download sources and javadoc] INFO  o.e.m.j.internal.DownloadSourcesJob - Downloaded sources for org.antlr:antlr4-runtime:4.13.0
2025-12-12 10:43:18,064 [Worker-37: Download sources and javadoc] INFO  o.e.m.c.i.e.AbstractTransferListenerAdapter - Downloading https://repo.maven.apache.org/maven2/org/springframework/data/spring-data-jpa/3.4.0/spring-data-jpa-3.4.0-sources.jar
2025-12-12 10:43:18,146 [Worker-37: Download sources and javadoc] INFO  o.e.m.c.i.e.AbstractTransferListenerAdapter - Downloaded https://repo.maven.apache.org/maven2/org/springframework/data/spring-data-jpa/3.4.0/spring-data-jpa-3.4.0-sources.jar
2025-12-12 10:43:18,149 [Worker-37: Download sources and javadoc] INFO  o.e.m.j.internal.DownloadSourcesJob - Downloaded sources for org.springframework.data:spring-data-jpa:3.4.0
2025-12-12 10:43:18,230 [Worker-37: Download sources and javadoc] INFO  o.e.m.c.i.e.AbstractTransferListenerAdapter - Downloading https://repo.maven.apache.org/maven2/org/springframework/data/spring-data-commons/3.4.0/spring-data-commons-3.4.0-sources.jar
2025-12-12 10:43:18,337 [Worker-37: Download sources and javadoc] INFO  o.e.m.c.i.e.AbstractTransferListenerAdapter - Downloaded https://repo.maven.apache.org/maven2/org/springframework/data/spring-data-commons/3.4.0/spring-data-commons-3.4.0-sources.jar
2025-12-12 10:43:18,339 [Worker-37: Download sources and javadoc] INFO  o.e.m.j.internal.DownloadSourcesJob - Downloaded sources for org.springframework.data:spring-data-commons:3.4.0
2025-12-12 10:43:18,487 [Worker-37: Download sources and javadoc] INFO  o.e.m.c.i.e.AbstractTransferListenerAdapter - Downloading https://repo.maven.apache.org/maven2/org/springframework/spring-orm/6.2.0/spring-orm-6.2.0-sources.jar
2025-12-12 10:43:18,526 [Worker-37: Download sources and javadoc] INFO  o.e.m.c.i.e.AbstractTransferListenerAdapter - Downloaded https://repo.maven.apache.org/maven2/org/springframework/spring-orm/6.2.0/spring-orm-6.2.0-sources.jar
2025-12-12 10:43:18,529 [Worker-37: Download sources and javadoc] INFO  o.e.m.j.internal.DownloadSourcesJob - Downloaded sources for org.springframework:spring-orm:6.2.0
2025-12-12 10:43:18,618 [Worker-37: Download sources and javadoc] INFO  o.e.m.c.i.e.AbstractTransferListenerAdapter - Downloading https://repo.maven.apache.org/maven2/org/springframework/spring-context/6.2.0/spring-context-6.2.0-sources.jar
2025-12-12 10:43:18,762 [Worker-37: Download sources and javadoc] INFO  o.e.m.c.i.e.AbstractTransferListenerAdapter - Downloaded https://repo.maven.apache.org/maven2/org/springframework/spring-context/6.2.0/spring-context-6.2.0-sources.jar
2025-12-12 10:43:18,764 [Worker-37: Download sources and javadoc] INFO  o.e.m.j.internal.DownloadSourcesJob - Downloaded sources for org.springframework:spring-context:6.2.0
2025-12-12 10:43:18,841 [Worker-37: Download sources and javadoc] INFO  o.e.m.c.i.e.AbstractTransferListenerAdapter - Downloading https://repo.maven.apache.org/maven2/org/springframework/spring-expression/6.2.0/spring-expression-6.2.0-sources.jar
2025-12-12 10:43:18,884 [Worker-37: Download sources and javadoc] INFO  o.e.m.c.i.e.AbstractTransferListenerAdapter - Downloaded https://repo.maven.apache.org/maven2/org/springframework/spring-expression/6.2.0/spring-expression-6.2.0-sources.jar
2025-12-12 10:43:18,887 [Worker-37: Download sources and javadoc] INFO  o.e.m.j.internal.DownloadSourcesJob - Downloaded sources for org.springframework:spring-expression:6.2.0
2025-12-12 10:43:18,962 [Worker-37: Download sources and javadoc] INFO  o.e.m.c.i.e.AbstractTransferListenerAdapter - Downloading https://repo.maven.apache.org/maven2/io/micrometer/micrometer-observation/1.14.1/micrometer-observation-1.14.1-sources.jar
2025-12-12 10:43:18,969 [Worker-37: Download sources and javadoc] INFO  o.e.m.c.i.e.AbstractTransferListenerAdapter - Downloaded https://repo.maven.apache.org/maven2/io/micrometer/micrometer-observation/1.14.1/micrometer-observation-1.14.1-sources.jar
2025-12-12 10:43:18,972 [Worker-37: Download sources and javadoc] INFO  o.e.m.j.internal.DownloadSourcesJob - Downloaded sources for io.micrometer:micrometer-observation:1.14.1
2025-12-12 10:43:19,081 [Worker-37: Download sources and javadoc] INFO  o.e.m.c.i.e.AbstractTransferListenerAdapter - Downloading https://repo.maven.apache.org/maven2/io/micrometer/micrometer-commons/1.14.1/micrometer-commons-1.14.1-sources.jar
2025-12-12 10:43:19,086 [Worker-37: Download sources and javadoc] INFO  o.e.m.c.i.e.AbstractTransferListenerAdapter - Downloaded https://repo.maven.apache.org/maven2/io/micrometer/micrometer-commons/1.14.1/micrometer-commons-1.14.1-sources.jar
2025-12-12 10:43:19,089 [Worker-37: Download sources and javadoc] INFO  o.e.m.j.internal.DownloadSourcesJob - Downloaded sources for io.micrometer:micrometer-commons:1.14.1
2025-12-12 10:43:19,167 [Worker-37: Download sources and javadoc] INFO  o.e.m.c.i.e.AbstractTransferListenerAdapter - Downloading https://repo.maven.apache.org/maven2/org/springframework/spring-aop/6.2.0/spring-aop-6.2.0-sources.jar
2025-12-12 10:43:19,217 [Worker-37: Download sources and javadoc] INFO  o.e.m.c.i.e.AbstractTransferListenerAdapter - Downloaded https://repo.maven.apache.org/maven2/org/springframework/spring-aop/6.2.0/spring-aop-6.2.0-sources.jar
2025-12-12 10:43:19,220 [Worker-37: Download sources and javadoc] INFO  o.e.m.j.internal.DownloadSourcesJob - Downloaded sources for org.springframework:spring-aop:6.2.0
2025-12-12 10:43:19,314 [Worker-37: Download sources and javadoc] INFO  o.e.m.c.i.e.AbstractTransferListenerAdapter - Downloading https://repo.maven.apache.org/maven2/org/springframework/spring-tx/6.2.0/spring-tx-6.2.0-sources.jar
2025-12-12 10:43:19,362 [Worker-37: Download sources and javadoc] INFO  o.e.m.c.i.e.AbstractTransferListenerAdapter - Downloaded https://repo.maven.apache.org/maven2/org/springframework/spring-tx/6.2.0/spring-tx-6.2.0-sources.jar
2025-12-12 10:43:19,364 [Worker-37: Download sources and javadoc] INFO  o.e.m.j.internal.DownloadSourcesJob - Downloaded sources for org.springframework:spring-tx:6.2.0
2025-12-12 10:43:19,451 [Worker-37: Download sources and javadoc] INFO  o.e.m.c.i.e.AbstractTransferListenerAdapter - Downloading https://repo.maven.apache.org/maven2/org/springframework/spring-beans/6.2.0/spring-beans-6.2.0-sources.jar
2025-12-12 10:43:19,539 [Worker-37: Download sources and javadoc] INFO  o.e.m.c.i.e.AbstractTransferListenerAdapter - Downloaded https://repo.maven.apache.org/maven2/org/springframework/spring-beans/6.2.0/spring-beans-6.2.0-sources.jar
2025-12-12 10:43:19,541 [Worker-37: Download sources and javadoc] INFO  o.e.m.j.internal.DownloadSourcesJob - Downloaded sources for org.springframework:spring-beans:6.2.0
2025-12-12 10:43:19,619 [Worker-37: Download sources and javadoc] INFO  o.e.m.c.i.e.AbstractTransferListenerAdapter - Downloading https://repo.maven.apache.org/maven2/org/slf4j/slf4j-api/2.0.16/slf4j-api-2.0.16-sources.jar
2025-12-12 10:43:19,636 [Worker-37: Download sources and javadoc] INFO  o.e.m.c.i.e.AbstractTransferListenerAdapter - Downloaded https://repo.maven.apache.org/maven2/org/slf4j/slf4j-api/2.0.16/slf4j-api-2.0.16-sources.jar
2025-12-12 10:43:19,638 [Worker-37: Download sources and javadoc] INFO  o.e.m.j.internal.DownloadSourcesJob - Downloaded sources for org.slf4j:slf4j-api:2.0.16
2025-12-12 10:43:19,715 [Worker-37: Download sources and javadoc] INFO  o.e.m.c.i.e.AbstractTransferListenerAdapter - Downloading https://repo.maven.apache.org/maven2/org/springframework/spring-aspects/6.2.0/spring-aspects-6.2.0-sources.jar
2025-12-12 10:43:19,719 [Worker-37: Download sources and javadoc] INFO  o.e.m.c.i.e.AbstractTransferListenerAdapter - Downloaded https://repo.maven.apache.org/maven2/org/springframework/spring-aspects/6.2.0/spring-aspects-6.2.0-sources.jar
2025-12-12 10:43:19,721 [Worker-37: Download sources and javadoc] INFO  o.e.m.j.internal.DownloadSourcesJob - Downloaded sources for org.springframework:spring-aspects:6.2.0
2025-12-12 10:43:19,790 [Worker-37: Download sources and javadoc] INFO  o.e.m.c.i.e.AbstractTransferListenerAdapter - Downloading https://repo.maven.apache.org/maven2/org/aspectj/aspectjweaver/1.9.22.1/aspectjweaver-1.9.22.1-sources.jar
2025-12-12 10:43:19,966 [Worker-37: Download sources and javadoc] INFO  o.e.m.c.i.e.AbstractTransferListenerAdapter - Downloaded https://repo.maven.apache.org/maven2/org/aspectj/aspectjweaver/1.9.22.1/aspectjweaver-1.9.22.1-sources.jar
2025-12-12 10:43:19,968 [Worker-37: Download sources and javadoc] INFO  o.e.m.j.internal.DownloadSourcesJob - Downloaded sources for org.aspectj:aspectjweaver:1.9.22.1
2025-12-12 10:43:20,038 [Worker-37: Download sources and javadoc] INFO  o.e.m.c.i.e.AbstractTransferListenerAdapter - Downloading https://repo.maven.apache.org/maven2/com/mysql/mysql-connector-j/9.1.0/mysql-connector-j-9.1.0-sources.jar
2025-12-12 10:43:20,218 [Worker-37: Download sources and javadoc] INFO  o.e.m.c.i.e.AbstractTransferListenerAdapter - Downloaded https://repo.maven.apache.org/maven2/com/mysql/mysql-connector-j/9.1.0/mysql-connector-j-9.1.0-sources.jar
2025-12-12 10:43:20,222 [Worker-37: Download sources and javadoc] INFO  o.e.m.j.internal.DownloadSourcesJob - Downloaded sources for com.mysql:mysql-connector-j:9.1.0
2025-12-12 10:43:20,308 [Worker-37: Download sources and javadoc] INFO  o.e.m.c.i.e.AbstractTransferListenerAdapter - Downloading https://repo.maven.apache.org/maven2/org/springframework/boot/spring-boot-starter-test/3.4.0/spring-boot-starter-test-3.4.0-sources.jar
2025-12-12 10:43:20,311 [Worker-37: Download sources and javadoc] INFO  o.e.m.c.i.e.AbstractTransferListenerAdapter - Downloaded https://repo.maven.apache.org/maven2/org/springframework/boot/spring-boot-starter-test/3.4.0/spring-boot-starter-test-3.4.0-sources.jar
2025-12-12 10:43:20,313 [Worker-37: Download sources and javadoc] INFO  o.e.m.j.internal.DownloadSourcesJob - Downloaded sources for org.springframework.boot:spring-boot-starter-test:3.4.0
2025-12-12 10:43:20,421 [Worker-37: Download sources and javadoc] INFO  o.e.m.c.i.e.AbstractTransferListenerAdapter - Downloading https://repo.maven.apache.org/maven2/org/springframework/boot/spring-boot-test/3.4.0/spring-boot-test-3.4.0-sources.jar
2025-12-12 10:43:20,453 [Worker-37: Download sources and javadoc] INFO  o.e.m.c.i.e.AbstractTransferListenerAdapter - Downloaded https://repo.maven.apache.org/maven2/org/springframework/boot/spring-boot-test/3.4.0/spring-boot-test-3.4.0-sources.jar
2025-12-12 10:43:20,456 [Worker-37: Download sources and javadoc] INFO  o.e.m.j.internal.DownloadSourcesJob - Downloaded sources for org.springframework.boot:spring-boot-test:3.4.0
2025-12-12 10:43:20,547 [Worker-37: Download sources and javadoc] INFO  o.e.m.c.i.e.AbstractTransferListenerAdapter - Downloading https://repo.maven.apache.org/maven2/org/springframework/boot/spring-boot-test-autoconfigure/3.4.0/spring-boot-test-autoconfigure-3.4.0-sources.jar
2025-12-12 10:43:20,585 [Worker-37: Download sources and javadoc] INFO  o.e.m.c.i.e.AbstractTransferListenerAdapter - Downloaded https://repo.maven.apache.org/maven2/org/springframework/boot/spring-boot-test-autoconfigure/3.4.0/spring-boot-test-autoconfigure-3.4.0-sources.jar
2025-12-12 10:43:20,587 [Worker-37: Download sources and javadoc] INFO  o.e.m.j.internal.DownloadSourcesJob - Downloaded sources for org.springframework.boot:spring-boot-test-autoconfigure:3.4.0
2025-12-12 10:43:20,675 [Worker-37: Download sources and javadoc] INFO  o.e.m.c.i.e.AbstractTransferListenerAdapter - Downloading https://repo.maven.apache.org/maven2/com/jayway/jsonpath/json-path/2.9.0/json-path-2.9.0-sources.jar
2025-12-12 10:43:20,707 [Worker-37: Download sources and javadoc] INFO  o.e.m.c.i.e.AbstractTransferListenerAdapter - Downloaded https://repo.maven.apache.org/maven2/com/jayway/jsonpath/json-path/2.9.0/json-path-2.9.0-sources.jar
2025-12-12 10:43:20,709 [Worker-37: Download sources and javadoc] INFO  o.e.m.j.internal.DownloadSourcesJob - Downloaded sources for com.jayway.jsonpath:json-path:2.9.0
2025-12-12 10:43:20,804 [Worker-37: Download sources and javadoc] INFO  o.e.m.c.i.e.AbstractTransferListenerAdapter - Downloading https://repo.maven.apache.org/maven2/jakarta/xml/bind/jakarta.xml.bind-api/4.0.2/jakarta.xml.bind-api-4.0.2-sources.jar
2025-12-12 10:43:20,840 [Worker-37: Download sources and javadoc] INFO  o.e.m.c.i.e.AbstractTransferListenerAdapter - Downloaded https://repo.maven.apache.org/maven2/jakarta/xml/bind/jakarta.xml.bind-api/4.0.2/jakarta.xml.bind-api-4.0.2-sources.jar
2025-12-12 10:43:20,845 [Worker-37: Download sources and javadoc] INFO  o.e.m.j.internal.DownloadSourcesJob - Downloaded sources for jakarta.xml.bind:jakarta.xml.bind-api:4.0.2
2025-12-12 10:43:20,934 [Worker-37: Download sources and javadoc] INFO  o.e.m.c.i.e.AbstractTransferListenerAdapter - Downloading https://repo.maven.apache.org/maven2/jakarta/activation/jakarta.activation-api/2.1.3/jakarta.activation-api-2.1.3-sources.jar
2025-12-12 10:43:20,940 [Worker-37: Download sources and javadoc] INFO  o.e.m.c.i.e.AbstractTransferListenerAdapter - Downloaded https://repo.maven.apache.org/maven2/jakarta/activation/jakarta.activation-api/2.1.3/jakarta.activation-api-2.1.3-sources.jar
2025-12-12 10:43:20,944 [Worker-37: Download sources and javadoc] INFO  o.e.m.j.internal.DownloadSourcesJob - Downloaded sources for jakarta.activation:jakarta.activation-api:2.1.3
2025-12-12 10:43:21,019 [Worker-37: Download sources and javadoc] INFO  o.e.m.c.i.e.AbstractTransferListenerAdapter - Downloading https://repo.maven.apache.org/maven2/net/minidev/json-smart/2.5.1/json-smart-2.5.1-sources.jar
2025-12-12 10:43:21,034 [Worker-37: Download sources and javadoc] INFO  o.e.m.c.i.e.AbstractTransferListenerAdapter - Downloaded https://repo.maven.apache.org/maven2/net/minidev/json-smart/2.5.1/json-smart-2.5.1-sources.jar
2025-12-12 10:43:21,036 [Worker-37: Download sources and javadoc] INFO  o.e.m.j.internal.DownloadSourcesJob - Downloaded sources for net.minidev:json-smart:2.5.1
2025-12-12 10:43:21,112 [Worker-37: Download sources and javadoc] INFO  o.e.m.c.i.e.AbstractTransferListenerAdapter - Downloading https://repo.maven.apache.org/maven2/net/minidev/accessors-smart/2.5.1/accessors-smart-2.5.1-sources.jar
2025-12-12 10:43:21,115 [Worker-37: Download sources and javadoc] INFO  o.e.m.c.i.e.AbstractTransferListenerAdapter - Downloaded https://repo.maven.apache.org/maven2/net/minidev/accessors-smart/2.5.1/accessors-smart-2.5.1-sources.jar
2025-12-12 10:43:21,117 [Worker-37: Download sources and javadoc] INFO  o.e.m.j.internal.DownloadSourcesJob - Downloaded sources for net.minidev:accessors-smart:2.5.1
2025-12-12 10:43:21,195 [Worker-37: Download sources and javadoc] INFO  o.e.m.c.i.e.AbstractTransferListenerAdapter - Downloading https://repo.maven.apache.org/maven2/org/ow2/asm/asm/9.6/asm-9.6-sources.jar
2025-12-12 10:43:21,229 [Worker-37: Download sources and javadoc] INFO  o.e.m.c.i.e.AbstractTransferListenerAdapter - Downloaded https://repo.maven.apache.org/maven2/org/ow2/asm/asm/9.6/asm-9.6-sources.jar
2025-12-12 10:43:21,232 [Worker-37: Download sources and javadoc] INFO  o.e.m.j.internal.DownloadSourcesJob - Downloaded sources for org.ow2.asm:asm:9.6
2025-12-12 10:43:21,311 [Worker-37: Download sources and javadoc] INFO  o.e.m.c.i.e.AbstractTransferListenerAdapter - Downloading https://repo.maven.apache.org/maven2/org/assertj/assertj-core/3.26.3/assertj-core-3.26.3-sources.jar
2025-12-12 10:43:21,463 [Worker-37: Download sources and javadoc] INFO  o.e.m.c.i.e.AbstractTransferListenerAdapter - Downloaded https://repo.maven.apache.org/maven2/org/assertj/assertj-core/3.26.3/assertj-core-3.26.3-sources.jar
2025-12-12 10:43:21,465 [Worker-37: Download sources and javadoc] INFO  o.e.m.j.internal.DownloadSourcesJob - Downloaded sources for org.assertj:assertj-core:3.26.3
2025-12-12 10:43:21,553 [Worker-37: Download sources and javadoc] INFO  o.e.m.c.i.e.AbstractTransferListenerAdapter - Downloading https://repo.maven.apache.org/maven2/org/awaitility/awaitility/4.2.2/awaitility-4.2.2-sources.jar
2025-12-12 10:43:21,566 [Worker-37: Download sources and javadoc] INFO  o.e.m.c.i.e.AbstractTransferListenerAdapter - Downloaded https://repo.maven.apache.org/maven2/org/awaitility/awaitility/4.2.2/awaitility-4.2.2-sources.jar
2025-12-12 10:43:21,568 [Worker-37: Download sources and javadoc] INFO  o.e.m.j.internal.DownloadSourcesJob - Downloaded sources for org.awaitility:awaitility:4.2.2
2025-12-12 10:43:21,666 [Worker-37: Download sources and javadoc] INFO  o.e.m.c.i.e.AbstractTransferListenerAdapter - Downloading https://repo.maven.apache.org/maven2/org/hamcrest/hamcrest/2.2/hamcrest-2.2-sources.jar
2025-12-12 10:43:21,684 [Worker-37: Download sources and javadoc] INFO  o.e.m.c.i.e.AbstractTransferListenerAdapter - Downloaded https://repo.maven.apache.org/maven2/org/hamcrest/hamcrest/2.2/hamcrest-2.2-sources.jar
2025-12-12 10:43:21,686 [Worker-37: Download sources and javadoc] INFO  o.e.m.j.internal.DownloadSourcesJob - Downloaded sources for org.hamcrest:hamcrest:2.2
2025-12-12 10:43:21,773 [Worker-37: Download sources and javadoc] INFO  o.e.m.c.i.e.AbstractTransferListenerAdapter - Downloading https://repo.maven.apache.org/maven2/org/junit/jupiter/junit-jupiter/5.11.3/junit-jupiter-5.11.3-sources.jar
2025-12-12 10:43:21,776 [Worker-37: Download sources and javadoc] INFO  o.e.m.c.i.e.AbstractTransferListenerAdapter - Downloaded https://repo.maven.apache.org/maven2/org/junit/jupiter/junit-jupiter/5.11.3/junit-jupiter-5.11.3-sources.jar
2025-12-12 10:43:21,780 [Worker-37: Download sources and javadoc] INFO  o.e.m.j.internal.DownloadSourcesJob - Downloaded sources for org.junit.jupiter:junit-jupiter:5.11.3
2025-12-12 10:43:21,858 [Worker-37: Download sources and javadoc] INFO  o.e.m.c.i.e.AbstractTransferListenerAdapter - Downloading https://repo.maven.apache.org/maven2/org/junit/jupiter/junit-jupiter-api/5.11.3/junit-jupiter-api-5.11.3-sources.jar
2025-12-12 10:43:21,894 [Worker-37: Download sources and javadoc] INFO  o.e.m.c.i.e.AbstractTransferListenerAdapter - Downloaded https://repo.maven.apache.org/maven2/org/junit/jupiter/junit-jupiter-api/5.11.3/junit-jupiter-api-5.11.3-sources.jar
2025-12-12 10:43:21,896 [Worker-37: Download sources and javadoc] INFO  o.e.m.j.internal.DownloadSourcesJob - Downloaded sources for org.junit.jupiter:junit-jupiter-api:5.11.3
2025-12-12 10:43:21,989 [Worker-37: Download sources and javadoc] INFO  o.e.m.c.i.e.AbstractTransferListenerAdapter - Downloading https://repo.maven.apache.org/maven2/org/opentest4j/opentest4j/1.3.0/opentest4j-1.3.0-sources.jar
2025-12-12 10:43:21,991 [Worker-37: Download sources and javadoc] INFO  o.e.m.c.i.e.AbstractTransferListenerAdapter - Downloaded https://repo.maven.apache.org/maven2/org/opentest4j/opentest4j/1.3.0/opentest4j-1.3.0-sources.jar
2025-12-12 10:43:21,994 [Worker-37: Download sources and javadoc] INFO  o.e.m.j.internal.DownloadSourcesJob - Downloaded sources for org.opentest4j:opentest4j:1.3.0
2025-12-12 10:43:22,068 [Worker-37: Download sources and javadoc] INFO  o.e.m.c.i.e.AbstractTransferListenerAdapter - Downloading https://repo.maven.apache.org/maven2/org/junit/platform/junit-platform-commons/1.11.3/junit-platform-commons-1.11.3-sources.jar
2025-12-12 10:43:22,087 [Worker-37: Download sources and javadoc] INFO  o.e.m.c.i.e.AbstractTransferListenerAdapter - Downloaded https://repo.maven.apache.org/maven2/org/junit/platform/junit-platform-commons/1.11.3/junit-platform-commons-1.11.3-sources.jar
2025-12-12 10:43:22,089 [Worker-37: Download sources and javadoc] INFO  o.e.m.j.internal.DownloadSourcesJob - Downloaded sources for org.junit.platform:junit-platform-commons:1.11.3
2025-12-12 10:43:22,164 [Worker-37: Download sources and javadoc] INFO  o.e.m.c.i.e.AbstractTransferListenerAdapter - Downloading https://repo.maven.apache.org/maven2/org/apiguardian/apiguardian-api/1.1.2/apiguardian-api-1.1.2-sources.jar
2025-12-12 10:43:22,166 [Worker-37: Download sources and javadoc] INFO  o.e.m.c.i.e.AbstractTransferListenerAdapter - Downloaded https://repo.maven.apache.org/maven2/org/apiguardian/apiguardian-api/1.1.2/apiguardian-api-1.1.2-sources.jar
2025-12-12 10:43:22,169 [Worker-37: Download sources and javadoc] INFO  o.e.m.j.internal.DownloadSourcesJob - Downloaded sources for org.apiguardian:apiguardian-api:1.1.2
2025-12-12 10:43:22,248 [Worker-37: Download sources and javadoc] INFO  o.e.m.c.i.e.AbstractTransferListenerAdapter - Downloading https://repo.maven.apache.org/maven2/org/junit/jupiter/junit-jupiter-params/5.11.3/junit-jupiter-params-5.11.3-sources.jar
2025-12-12 10:43:22,267 [Worker-37: Download sources and javadoc] INFO  o.e.m.c.i.e.AbstractTransferListenerAdapter - Downloaded https://repo.maven.apache.org/maven2/org/junit/jupiter/junit-jupiter-params/5.11.3/junit-jupiter-params-5.11.3-sources.jar
2025-12-12 10:43:22,270 [Worker-37: Download sources and javadoc] INFO  o.e.m.j.internal.DownloadSourcesJob - Downloaded sources for org.junit.jupiter:junit-jupiter-params:5.11.3
2025-12-12 10:43:22,348 [Worker-37: Download sources and javadoc] INFO  o.e.m.c.i.e.AbstractTransferListenerAdapter - Downloading https://repo.maven.apache.org/maven2/org/junit/jupiter/junit-jupiter-engine/5.11.3/junit-jupiter-engine-5.11.3-sources.jar
2025-12-12 10:43:22,377 [Worker-37: Download sources and javadoc] INFO  o.e.m.c.i.e.AbstractTransferListenerAdapter - Downloaded https://repo.maven.apache.org/maven2/org/junit/jupiter/junit-jupiter-engine/5.11.3/junit-jupiter-engine-5.11.3-sources.jar
2025-12-12 10:43:22,380 [Worker-37: Download sources and javadoc] INFO  o.e.m.j.internal.DownloadSourcesJob - Downloaded sources for org.junit.jupiter:junit-jupiter-engine:5.11.3
2025-12-12 10:43:22,462 [Worker-37: Download sources and javadoc] INFO  o.e.m.c.i.e.AbstractTransferListenerAdapter - Downloading https://repo.maven.apache.org/maven2/org/junit/platform/junit-platform-engine/1.11.3/junit-platform-engine-1.11.3-sources.jar
2025-12-12 10:43:22,494 [Worker-37: Download sources and javadoc] INFO  o.e.m.c.i.e.AbstractTransferListenerAdapter - Downloaded https://repo.maven.apache.org/maven2/org/junit/platform/junit-platform-engine/1.11.3/junit-platform-engine-1.11.3-sources.jar
2025-12-12 10:43:22,496 [Worker-37: Download sources and javadoc] INFO  o.e.m.j.internal.DownloadSourcesJob - Downloaded sources for org.junit.platform:junit-platform-engine:1.11.3
2025-12-12 10:43:22,572 [Worker-37: Download sources and javadoc] INFO  o.e.m.c.i.e.AbstractTransferListenerAdapter - Downloading https://repo.maven.apache.org/maven2/org/mockito/mockito-core/5.14.2/mockito-core-5.14.2-sources.jar
2025-12-12 10:43:22,642 [Worker-37: Download sources and javadoc] INFO  o.e.m.c.i.e.AbstractTransferListenerAdapter - Downloaded https://repo.maven.apache.org/maven2/org/mockito/mockito-core/5.14.2/mockito-core-5.14.2-sources.jar
2025-12-12 10:43:22,644 [Worker-37: Download sources and javadoc] INFO  o.e.m.j.internal.DownloadSourcesJob - Downloaded sources for org.mockito:mockito-core:5.14.2
2025-12-12 10:43:22,741 [Worker-37: Download sources and javadoc] INFO  o.e.m.c.i.e.AbstractTransferListenerAdapter - Downloading https://repo.maven.apache.org/maven2/net/bytebuddy/byte-buddy-agent/1.15.10/byte-buddy-agent-1.15.10-sources.jar
2025-12-12 10:43:22,777 [Worker-37: Download sources and javadoc] INFO  o.e.m.c.i.e.AbstractTransferListenerAdapter - Downloaded https://repo.maven.apache.org/maven2/net/bytebuddy/byte-buddy-agent/1.15.10/byte-buddy-agent-1.15.10-sources.jar
2025-12-12 10:43:22,780 [Worker-37: Download sources and javadoc] INFO  o.e.m.j.internal.DownloadSourcesJob - Downloaded sources for net.bytebuddy:byte-buddy-agent:1.15.10
2025-12-12 10:43:22,858 [Worker-37: Download sources and javadoc] INFO  o.e.m.c.i.e.AbstractTransferListenerAdapter - Downloading https://repo.maven.apache.org/maven2/org/objenesis/objenesis/3.3/objenesis-3.3-sources.jar
2025-12-12 10:43:22,863 [Worker-37: Download sources and javadoc] INFO  o.e.m.c.i.e.AbstractTransferListenerAdapter - Downloaded https://repo.maven.apache.org/maven2/org/objenesis/objenesis/3.3/objenesis-3.3-sources.jar
2025-12-12 10:43:22,866 [Worker-37: Download sources and javadoc] INFO  o.e.m.j.internal.DownloadSourcesJob - Downloaded sources for org.objenesis:objenesis:3.3
2025-12-12 10:43:22,958 [Worker-37: Download sources and javadoc] INFO  o.e.m.c.i.e.AbstractTransferListenerAdapter - Downloading https://repo.maven.apache.org/maven2/org/mockito/mockito-junit-jupiter/5.14.2/mockito-junit-jupiter-5.14.2-sources.jar
2025-12-12 10:43:22,960 [Worker-37: Download sources and javadoc] INFO  o.e.m.c.i.e.AbstractTransferListenerAdapter - Downloaded https://repo.maven.apache.org/maven2/org/mockito/mockito-junit-jupiter/5.14.2/mockito-junit-jupiter-5.14.2-sources.jar
2025-12-12 10:43:22,962 [Worker-37: Download sources and javadoc] INFO  o.e.m.j.internal.DownloadSourcesJob - Downloaded sources for org.mockito:mockito-junit-jupiter:5.14.2
2025-12-12 10:43:23,059 [Worker-37: Download sources and javadoc] INFO  o.e.m.c.i.e.AbstractTransferListenerAdapter - Downloading https://repo.maven.apache.org/maven2/org/skyscreamer/jsonassert/1.5.3/jsonassert-1.5.3-sources.jar
2025-12-12 10:43:23,062 [Worker-37: Download sources and javadoc] INFO  o.e.m.c.i.e.AbstractTransferListenerAdapter - Downloaded https://repo.maven.apache.org/maven2/org/skyscreamer/jsonassert/1.5.3/jsonassert-1.5.3-sources.jar
2025-12-12 10:43:23,064 [Worker-37: Download sources and javadoc] INFO  o.e.m.j.internal.DownloadSourcesJob - Downloaded sources for org.skyscreamer:jsonassert:1.5.3
2025-12-12 10:43:23,138 [Worker-37: Download sources and javadoc] INFO  o.e.m.c.i.e.AbstractTransferListenerAdapter - Downloading https://repo.maven.apache.org/maven2/com/vaadin/external/google/android-json/0.0.20131108.vaadin1/android-json-0.0.20131108.vaadin1-sources.jar
2025-12-12 10:43:23,141 [Worker-37: Download sources and javadoc] INFO  o.e.m.c.i.e.AbstractTransferListenerAdapter - Downloaded https://repo.maven.apache.org/maven2/com/vaadin/external/google/android-json/0.0.20131108.vaadin1/android-json-0.0.20131108.vaadin1-sources.jar
2025-12-12 10:43:23,143 [Worker-37: Download sources and javadoc] INFO  o.e.m.j.internal.DownloadSourcesJob - Downloaded sources for com.vaadin.external.google:android-json:0.0.20131108.vaadin1
2025-12-12 10:43:23,225 [Worker-37: Download sources and javadoc] INFO  o.e.m.c.i.e.AbstractTransferListenerAdapter - Downloading https://repo.maven.apache.org/maven2/org/springframework/spring-core/6.2.0/spring-core-6.2.0-sources.jar
2025-12-12 10:43:23,377 [Worker-37: Download sources and javadoc] INFO  o.e.m.c.i.e.AbstractTransferListenerAdapter - Downloaded https://repo.maven.apache.org/maven2/org/springframework/spring-core/6.2.0/spring-core-6.2.0-sources.jar
2025-12-12 10:43:23,379 [Worker-37: Download sources and javadoc] INFO  o.e.m.j.internal.DownloadSourcesJob - Downloaded sources for org.springframework:spring-core:6.2.0
2025-12-12 10:43:23,464 [Worker-37: Download sources and javadoc] INFO  o.e.m.c.i.e.AbstractTransferListenerAdapter - Downloading https://repo.maven.apache.org/maven2/org/springframework/spring-jcl/6.2.0/spring-jcl-6.2.0-sources.jar
2025-12-12 10:43:23,467 [Worker-37: Download sources and javadoc] INFO  o.e.m.c.i.e.AbstractTransferListenerAdapter - Downloaded https://repo.maven.apache.org/maven2/org/springframework/spring-jcl/6.2.0/spring-jcl-6.2.0-sources.jar
2025-12-12 10:43:23,469 [Worker-37: Download sources and javadoc] INFO  o.e.m.j.internal.DownloadSourcesJob - Downloaded sources for org.springframework:spring-jcl:6.2.0
2025-12-12 10:43:23,555 [Worker-37: Download sources and javadoc] INFO  o.e.m.c.i.e.AbstractTransferListenerAdapter - Downloading https://repo.maven.apache.org/maven2/org/springframework/spring-test/6.2.0/spring-test-6.2.0-sources.jar
2025-12-12 10:43:23,647 [Worker-37: Download sources and javadoc] INFO  o.e.m.c.i.e.AbstractTransferListenerAdapter - Downloaded https://repo.maven.apache.org/maven2/org/springframework/spring-test/6.2.0/spring-test-6.2.0-sources.jar
2025-12-12 10:43:23,650 [Worker-37: Download sources and javadoc] INFO  o.e.m.j.internal.DownloadSourcesJob - Downloaded sources for org.springframework:spring-test:6.2.0
2025-12-12 10:43:23,723 [Worker-37: Download sources and javadoc] INFO  o.e.m.c.i.e.AbstractTransferListenerAdapter - Downloading https://repo.maven.apache.org/maven2/org/xmlunit/xmlunit-core/2.10.0/xmlunit-core-2.10.0-sources.jar
2025-12-12 10:43:23,743 [Worker-37: Download sources and javadoc] INFO  o.e.m.c.i.e.AbstractTransferListenerAdapter - Downloaded https://repo.maven.apache.org/maven2/org/xmlunit/xmlunit-core/2.10.0/xmlunit-core-2.10.0-sources.jar
2025-12-12 10:43:23,745 [Worker-37: Download sources and javadoc] INFO  o.e.m.j.internal.DownloadSourcesJob - Downloaded sources for org.xmlunit:xmlunit-core:2.10.0
2025-12-12 10:43:23,823 [Worker-37: Download sources and javadoc] INFO  o.e.m.c.i.e.AbstractTransferListenerAdapter - Downloading https://repo.maven.apache.org/maven2/org/openjfx/javafx-controls/23/javafx-controls-23-sources.jar
2025-12-12 10:43:23,961 [Worker-37: Download sources and javadoc] INFO  o.e.m.c.i.e.AbstractTransferListenerAdapter - Downloaded https://repo.maven.apache.org/maven2/org/openjfx/javafx-controls/23/javafx-controls-23-sources.jar
2025-12-12 10:43:23,963 [Worker-37: Download sources and javadoc] INFO  o.e.m.j.internal.DownloadSourcesJob - Downloaded sources for org.openjfx:javafx-controls:23
2025-12-12 10:43:23,966 [Worker-37: Download sources and javadoc] INFO  o.e.m.j.internal.DownloadSourcesJob - Downloaded sources for org.openjfx:javafx-controls:23win
2025-12-12 10:43:24,044 [Worker-37: Download sources and javadoc] INFO  o.e.m.c.i.e.AbstractTransferListenerAdapter - Downloading https://repo.maven.apache.org/maven2/org/openjfx/javafx-graphics/23/javafx-graphics-23-sources.jar
2025-12-12 10:43:24,428 [Worker-37: Download sources and javadoc] INFO  o.e.m.c.i.e.AbstractTransferListenerAdapter - Downloaded https://repo.maven.apache.org/maven2/org/openjfx/javafx-graphics/23/javafx-graphics-23-sources.jar
2025-12-12 10:43:24,430 [Worker-37: Download sources and javadoc] INFO  o.e.m.j.internal.DownloadSourcesJob - Downloaded sources for org.openjfx:javafx-graphics:23
2025-12-12 10:43:24,433 [Worker-37: Download sources and javadoc] INFO  o.e.m.j.internal.DownloadSourcesJob - Downloaded sources for org.openjfx:javafx-graphics:23win
2025-12-12 10:43:24,515 [Worker-37: Download sources and javadoc] INFO  o.e.m.c.i.e.AbstractTransferListenerAdapter - Downloading https://repo.maven.apache.org/maven2/org/openjfx/javafx-base/23/javafx-base-23-sources.jar
2025-12-12 10:43:24,592 [Worker-37: Download sources and javadoc] INFO  o.e.m.c.i.e.AbstractTransferListenerAdapter - Downloaded https://repo.maven.apache.org/maven2/org/openjfx/javafx-base/23/javafx-base-23-sources.jar
2025-12-12 10:43:24,595 [Worker-37: Download sources and javadoc] INFO  o.e.m.j.internal.DownloadSourcesJob - Downloaded sources for org.openjfx:javafx-base:23
2025-12-12 10:43:24,597 [Worker-37: Download sources and javadoc] INFO  o.e.m.j.internal.DownloadSourcesJob - Downloaded sources for org.openjfx:javafx-base:23win
2025-12-12 10:43:24,701 [Worker-37: Download sources and javadoc] INFO  o.e.m.c.i.e.AbstractTransferListenerAdapter - Downloading https://repo.maven.apache.org/maven2/org/openjfx/javafx-fxml/23/javafx-fxml-23-sources.jar
2025-12-12 10:43:24,722 [Worker-37: Download sources and javadoc] INFO  o.e.m.c.i.e.AbstractTransferListenerAdapter - Downloaded https://repo.maven.apache.org/maven2/org/openjfx/javafx-fxml/23/javafx-fxml-23-sources.jar
2025-12-12 10:43:24,723 [Worker-37: Download sources and javadoc] INFO  o.e.m.j.internal.DownloadSourcesJob - Downloaded sources for org.openjfx:javafx-fxml:23
2025-12-12 10:43:24,725 [Worker-37: Download sources and javadoc] INFO  o.e.m.j.internal.DownloadSourcesJob - Downloaded sources for org.openjfx:javafx-fxml:23win
2025-12-12 10:43:59,750 [Worker-32: Building] INFO  o.a.m.s.f.DefaultMavenResourcesFiltering - skip non existing resourceDirectory C:\Users\ortiz\OneDrive\Documentos\proyecto\PROYECTO_ORTIZBLANCO_BRUNO\PROYECTO_ORTIZBLANCO_BRUNO\src\main\resources
2025-12-12 10:43:59,750 [Worker-32: Building] INFO  o.a.m.s.f.DefaultMavenResourcesFiltering - skip non existing resourceDirectory C:\Users\ortiz\OneDrive\Documentos\proyecto\PROYECTO_ORTIZBLANCO_BRUNO\PROYECTO_ORTIZBLANCO_BRUNO\src\main\resources
2025-12-12 10:43:59,752 [Worker-32: Building] INFO  o.a.m.s.f.DefaultMavenResourcesFiltering - skip non existing resourceDirectory C:\Users\ortiz\OneDrive\Documentos\proyecto\PROYECTO_ORTIZBLANCO_BRUNO\PROYECTO_ORTIZBLANCO_BRUNO\src\test\resources
2025-12-12 10:43:59,752 [Worker-32: Building] WARN  o.apache.maven.project.MavenProject - Direct modification of compileSourceRoots through clear() is deprecated and will not work in Maven 4.0.0. Please use the add/remove methods instead. If you're using a plugin that causes this warning, please upgrade to the latest version and report an issue if the warning persists. To disable these warnings, set -Dmaven.project.sourceRoots.warningsDisabled=true on the command line, in the .mvn/maven.config file, or in project POM properties.
2025-12-12 10:43:59,753 [Worker-32: Building] WARN  o.apache.maven.project.MavenProject - Direct modification of compileSourceRoots through add() is deprecated and will not work in Maven 4.0.0. Please use the add/remove methods instead. If you're using a plugin that causes this warning, please upgrade to the latest version and report an issue if the warning persists. To disable these warnings, set -Dmaven.project.sourceRoots.warningsDisabled=true on the command line, in the .mvn/maven.config file, or in project POM properties.
2025-12-12 10:43:59,753 [Worker-32: Building] WARN  o.apache.maven.project.MavenProject - Direct modification of testCompileSourceRoots through clear() is deprecated and will not work in Maven 4.0.0. Please use the add/remove methods instead. If you're using a plugin that causes this warning, please upgrade to the latest version and report an issue if the warning persists. To disable these warnings, set -Dmaven.project.sourceRoots.warningsDisabled=true on the command line, in the .mvn/maven.config file, or in project POM properties.
2025-12-12 10:43:59,754 [Worker-32: Building] WARN  o.apache.maven.project.MavenProject - Direct modification of testCompileSourceRoots through add() is deprecated and will not work in Maven 4.0.0. Please use the add/remove methods instead. If you're using a plugin that causes this warning, please upgrade to the latest version and report an issue if the warning persists. To disable these warnings, set -Dmaven.project.sourceRoots.warningsDisabled=true on the command line, in the .mvn/maven.config file, or in project POM properties.
2025-12-12 10:45:38,192 [Worker-36: Building] INFO  o.a.m.s.f.DefaultMavenResourcesFiltering - skip non existing resourceDirectory C:\Users\ortiz\OneDrive\Documentos\proyecto\PROYECTO_ORTIZBLANCO_BRUNO\PROYECTO_ORTIZBLANCO_BRUNO\src\main\resources
2025-12-12 10:45:38,193 [Worker-36: Building] INFO  o.a.m.s.f.DefaultMavenResourcesFiltering - skip non existing resourceDirectory C:\Users\ortiz\OneDrive\Documentos\proyecto\PROYECTO_ORTIZBLANCO_BRUNO\PROYECTO_ORTIZBLANCO_BRUNO\src\main\resources
2025-12-12 10:45:38,195 [Worker-36: Building] INFO  o.a.m.s.f.DefaultMavenResourcesFiltering - skip non existing resourceDirectory C:\Users\ortiz\OneDrive\Documentos\proyecto\PROYECTO_ORTIZBLANCO_BRUNO\PROYECTO_ORTIZBLANCO_BRUNO\src\test\resources
2025-12-12 10:45:38,195 [Worker-36: Building] WARN  o.apache.maven.project.MavenProject - Direct modification of compileSourceRoots through clear() is deprecated and will not work in Maven 4.0.0. Please use the add/remove methods instead. If you're using a plugin that causes this warning, please upgrade to the latest version and report an issue if the warning persists. To disable these warnings, set -Dmaven.project.sourceRoots.warningsDisabled=true on the command line, in the .mvn/maven.config file, or in project POM properties.
2025-12-12 10:45:38,196 [Worker-36: Building] WARN  o.apache.maven.project.MavenProject - Direct modification of compileSourceRoots through add() is deprecated and will not work in Maven 4.0.0. Please use the add/remove methods instead. If you're using a plugin that causes this warning, please upgrade to the latest version and report an issue if the warning persists. To disable these warnings, set -Dmaven.project.sourceRoots.warningsDisabled=true on the command line, in the .mvn/maven.config file, or in project POM properties.
2025-12-12 10:45:38,197 [Worker-36: Building] WARN  o.apache.maven.project.MavenProject - Direct modification of testCompileSourceRoots through clear() is deprecated and will not work in Maven 4.0.0. Please use the add/remove methods instead. If you're using a plugin that causes this warning, please upgrade to the latest version and report an issue if the warning persists. To disable these warnings, set -Dmaven.project.sourceRoots.warningsDisabled=true on the command line, in the .mvn/maven.config file, or in project POM properties.
2025-12-12 10:45:38,197 [Worker-36: Building] WARN  o.apache.maven.project.MavenProject - Direct modification of testCompileSourceRoots through add() is deprecated and will not work in Maven 4.0.0. Please use the add/remove methods instead. If you're using a plugin that causes this warning, please upgrade to the latest version and report an issue if the warning persists. To disable these warnings, set -Dmaven.project.sourceRoots.warningsDisabled=true on the command line, in the .mvn/maven.config file, or in project POM properties.
2025-12-12 10:46:09,633 [Worker-37: Building] INFO  o.a.m.s.f.DefaultMavenResourcesFiltering - skip non existing resourceDirectory C:\Users\ortiz\OneDrive\Documentos\proyecto\PROYECTO_ORTIZBLANCO_BRUNO\PROYECTO_ORTIZBLANCO_BRUNO\src\main\resources
2025-12-12 10:46:09,633 [Worker-37: Building] INFO  o.a.m.s.f.DefaultMavenResourcesFiltering - skip non existing resourceDirectory C:\Users\ortiz\OneDrive\Documentos\proyecto\PROYECTO_ORTIZBLANCO_BRUNO\PROYECTO_ORTIZBLANCO_BRUNO\src\main\resources
2025-12-12 10:46:09,635 [Worker-37: Building] INFO  o.a.m.s.f.DefaultMavenResourcesFiltering - skip non existing resourceDirectory C:\Users\ortiz\OneDrive\Documentos\proyecto\PROYECTO_ORTIZBLANCO_BRUNO\PROYECTO_ORTIZBLANCO_BRUNO\src\test\resources
2025-12-12 10:46:09,636 [Worker-37: Building] WARN  o.apache.maven.project.MavenProject - Direct modification of compileSourceRoots through clear() is deprecated and will not work in Maven 4.0.0. Please use the add/remove methods instead. If you're using a plugin that causes this warning, please upgrade to the latest version and report an issue if the warning persists. To disable these warnings, set -Dmaven.project.sourceRoots.warningsDisabled=true on the command line, in the .mvn/maven.config file, or in project POM properties.
2025-12-12 10:46:09,636 [Worker-37: Building] WARN  o.apache.maven.project.MavenProject - Direct modification of compileSourceRoots through add() is deprecated and will not work in Maven 4.0.0. Please use the add/remove methods instead. If you're using a plugin that causes this warning, please upgrade to the latest version and report an issue if the warning persists. To disable these warnings, set -Dmaven.project.sourceRoots.warningsDisabled=true on the command line, in the .mvn/maven.config file, or in project POM properties.
2025-12-12 10:46:09,637 [Worker-37: Building] WARN  o.apache.maven.project.MavenProject - Direct modification of testCompileSourceRoots through clear() is deprecated and will not work in Maven 4.0.0. Please use the add/remove methods instead. If you're using a plugin that causes this warning, please upgrade to the latest version and report an issue if the warning persists. To disable these warnings, set -Dmaven.project.sourceRoots.warningsDisabled=true on the command line, in the .mvn/maven.config file, or in project POM properties.
2025-12-12 10:46:09,637 [Worker-37: Building] WARN  o.apache.maven.project.MavenProject - Direct modification of testCompileSourceRoots through add() is deprecated and will not work in Maven 4.0.0. Please use the add/remove methods instead. If you're using a plugin that causes this warning, please upgrade to the latest version and report an issue if the warning persists. To disable these warnings, set -Dmaven.project.sourceRoots.warningsDisabled=true on the command line, in the .mvn/maven.config file, or in project POM properties.
2025-12-12 10:46:41,157 [Worker-38: Building] INFO  o.a.m.s.f.DefaultMavenResourcesFiltering - skip non existing resourceDirectory C:\Users\ortiz\OneDrive\Documentos\proyecto\PROYECTO_ORTIZBLANCO_BRUNO\PROYECTO_ORTIZBLANCO_BRUNO\src\main\resources
2025-12-12 10:46:41,157 [Worker-38: Building] INFO  o.a.m.s.f.DefaultMavenResourcesFiltering - skip non existing resourceDirectory C:\Users\ortiz\OneDrive\Documentos\proyecto\PROYECTO_ORTIZBLANCO_BRUNO\PROYECTO_ORTIZBLANCO_BRUNO\src\main\resources
2025-12-12 10:46:41,159 [Worker-38: Building] INFO  o.a.m.s.f.DefaultMavenResourcesFiltering - skip non existing resourceDirectory C:\Users\ortiz\OneDrive\Documentos\proyecto\PROYECTO_ORTIZBLANCO_BRUNO\PROYECTO_ORTIZBLANCO_BRUNO\src\test\resources
2025-12-12 10:46:41,160 [Worker-38: Building] WARN  o.apache.maven.project.MavenProject - Direct modification of compileSourceRoots through clear() is deprecated and will not work in Maven 4.0.0. Please use the add/remove methods instead. If you're using a plugin that causes this warning, please upgrade to the latest version and report an issue if the warning persists. To disable these warnings, set -Dmaven.project.sourceRoots.warningsDisabled=true on the command line, in the .mvn/maven.config file, or in project POM properties.
2025-12-12 10:46:41,160 [Worker-38: Building] WARN  o.apache.maven.project.MavenProject - Direct modification of compileSourceRoots through add() is deprecated and will not work in Maven 4.0.0. Please use the add/remove methods instead. If you're using a plugin that causes this warning, please upgrade to the latest version and report an issue if the warning persists. To disable these warnings, set -Dmaven.project.sourceRoots.warningsDisabled=true on the command line, in the .mvn/maven.config file, or in project POM properties.
2025-12-12 10:46:41,161 [Worker-38: Building] WARN  o.apache.maven.project.MavenProject - Direct modification of testCompileSourceRoots through clear() is deprecated and will not work in Maven 4.0.0. Please use the add/remove methods instead. If you're using a plugin that causes this warning, please upgrade to the latest version and report an issue if the warning persists. To disable these warnings, set -Dmaven.project.sourceRoots.warningsDisabled=true on the command line, in the .mvn/maven.config file, or in project POM properties.
2025-12-12 10:46:41,161 [Worker-38: Building] WARN  o.apache.maven.project.MavenProject - Direct modification of testCompileSourceRoots through add() is deprecated and will not work in Maven 4.0.0. Please use the add/remove methods instead. If you're using a plugin that causes this warning, please upgrade to the latest version and report an issue if the warning persists. To disable these warnings, set -Dmaven.project.sourceRoots.warningsDisabled=true on the command line, in the .mvn/maven.config file, or in project POM properties.
2025-12-12 10:47:29,961 [Worker-37: Building] INFO  o.a.m.s.f.DefaultMavenResourcesFiltering - skip non existing resourceDirectory C:\Users\ortiz\OneDrive\Documentos\proyecto\PROYECTO_ORTIZBLANCO_BRUNO\PROYECTO_ORTIZBLANCO_BRUNO\src\main\resources
2025-12-12 10:47:29,961 [Worker-37: Building] INFO  o.a.m.s.f.DefaultMavenResourcesFiltering - skip non existing resourceDirectory C:\Users\ortiz\OneDrive\Documentos\proyecto\PROYECTO_ORTIZBLANCO_BRUNO\PROYECTO_ORTIZBLANCO_BRUNO\src\main\resources
2025-12-12 10:47:29,964 [Worker-37: Building] INFO  o.a.m.s.f.DefaultMavenResourcesFiltering - skip non existing resourceDirectory C:\Users\ortiz\OneDrive\Documentos\proyecto\PROYECTO_ORTIZBLANCO_BRUNO\PROYECTO_ORTIZBLANCO_BRUNO\src\test\resources
2025-12-12 10:47:29,965 [Worker-37: Building] WARN  o.apache.maven.project.MavenProject - Direct modification of compileSourceRoots through clear() is deprecated and will not work in Maven 4.0.0. Please use the add/remove methods instead. If you're using a plugin that causes this warning, please upgrade to the latest version and report an issue if the warning persists. To disable these warnings, set -Dmaven.project.sourceRoots.warningsDisabled=true on the command line, in the .mvn/maven.config file, or in project POM properties.
2025-12-12 10:47:29,966 [Worker-37: Building] WARN  o.apache.maven.project.MavenProject - Direct modification of compileSourceRoots through add() is deprecated and will not work in Maven 4.0.0. Please use the add/remove methods instead. If you're using a plugin that causes this warning, please upgrade to the latest version and report an issue if the warning persists. To disable these warnings, set -Dmaven.project.sourceRoots.warningsDisabled=true on the command line, in the .mvn/maven.config file, or in project POM properties.
2025-12-12 10:47:29,966 [Worker-37: Building] WARN  o.apache.maven.project.MavenProject - Direct modification of testCompileSourceRoots through clear() is deprecated and will not work in Maven 4.0.0. Please use the add/remove methods instead. If you're using a plugin that causes this warning, please upgrade to the latest version and report an issue if the warning persists. To disable these warnings, set -Dmaven.project.sourceRoots.warningsDisabled=true on the command line, in the .mvn/maven.config file, or in project POM properties.
2025-12-12 10:47:29,966 [Worker-37: Building] WARN  o.apache.maven.project.MavenProject - Direct modification of testCompileSourceRoots through add() is deprecated and will not work in Maven 4.0.0. Please use the add/remove methods instead. If you're using a plugin that causes this warning, please upgrade to the latest version and report an issue if the warning persists. To disable these warnings, set -Dmaven.project.sourceRoots.warningsDisabled=true on the command line, in the .mvn/maven.config file, or in project POM properties.
2025-12-12 10:48:18,227 [Worker-36: Building] INFO  o.a.m.s.f.DefaultMavenResourcesFiltering - skip non existing resourceDirectory C:\Users\ortiz\OneDrive\Documentos\proyecto\PROYECTO_ORTIZBLANCO_BRUNO\PROYECTO_ORTIZBLANCO_BRUNO\src\main\resources
2025-12-12 10:48:18,228 [Worker-36: Building] INFO  o.a.m.s.f.DefaultMavenResourcesFiltering - skip non existing resourceDirectory C:\Users\ortiz\OneDrive\Documentos\proyecto\PROYECTO_ORTIZBLANCO_BRUNO\PROYECTO_ORTIZBLANCO_BRUNO\src\main\resources
2025-12-12 10:48:18,230 [Worker-36: Building] INFO  o.a.m.s.f.DefaultMavenResourcesFiltering - skip non existing resourceDirectory C:\Users\ortiz\OneDrive\Documentos\proyecto\PROYECTO_ORTIZBLANCO_BRUNO\PROYECTO_ORTIZBLANCO_BRUNO\src\test\resources
2025-12-12 10:48:18,231 [Worker-36: Building] WARN  o.apache.maven.project.MavenProject - Direct modification of compileSourceRoots through clear() is deprecated and will not work in Maven 4.0.0. Please use the add/remove methods instead. If you're using a plugin that causes this warning, please upgrade to the latest version and report an issue if the warning persists. To disable these warnings, set -Dmaven.project.sourceRoots.warningsDisabled=true on the command line, in the .mvn/maven.config file, or in project POM properties.
2025-12-12 10:48:18,232 [Worker-36: Building] WARN  o.apache.maven.project.MavenProject - Direct modification of compileSourceRoots through add() is deprecated and will not work in Maven 4.0.0. Please use the add/remove methods instead. If you're using a plugin that causes this warning, please upgrade to the latest version and report an issue if the warning persists. To disable these warnings, set -Dmaven.project.sourceRoots.warningsDisabled=true on the command line, in the .mvn/maven.config file, or in project POM properties.
2025-12-12 10:48:18,232 [Worker-36: Building] WARN  o.apache.maven.project.MavenProject - Direct modification of testCompileSourceRoots through clear() is deprecated and will not work in Maven 4.0.0. Please use the add/remove methods instead. If you're using a plugin that causes this warning, please upgrade to the latest version and report an issue if the warning persists. To disable these warnings, set -Dmaven.project.sourceRoots.warningsDisabled=true on the command line, in the .mvn/maven.config file, or in project POM properties.
2025-12-12 10:48:18,232 [Worker-36: Building] WARN  o.apache.maven.project.MavenProject - Direct modification of testCompileSourceRoots through add() is deprecated and will not work in Maven 4.0.0. Please use the add/remove methods instead. If you're using a plugin that causes this warning, please upgrade to the latest version and report an issue if the warning persists. To disable these warnings, set -Dmaven.project.sourceRoots.warningsDisabled=true on the command line, in the .mvn/maven.config file, or in project POM properties.
2025-12-12 10:48:39,750 [Worker-34: Building] INFO  o.a.m.s.f.DefaultMavenResourcesFiltering - skip non existing resourceDirectory C:\Users\ortiz\OneDrive\Documentos\proyecto\PROYECTO_ORTIZBLANCO_BRUNO\PROYECTO_ORTIZBLANCO_BRUNO\src\main\resources
2025-12-12 10:48:39,750 [Worker-34: Building] INFO  o.a.m.s.f.DefaultMavenResourcesFiltering - skip non existing resourceDirectory C:\Users\ortiz\OneDrive\Documentos\proyecto\PROYECTO_ORTIZBLANCO_BRUNO\PROYECTO_ORTIZBLANCO_BRUNO\src\main\resources
2025-12-12 10:48:39,751 [Worker-34: Building] INFO  o.a.m.s.f.DefaultMavenResourcesFiltering - skip non existing resourceDirectory C:\Users\ortiz\OneDrive\Documentos\proyecto\PROYECTO_ORTIZBLANCO_BRUNO\PROYECTO_ORTIZBLANCO_BRUNO\src\test\resources
2025-12-12 10:48:39,752 [Worker-34: Building] WARN  o.apache.maven.project.MavenProject - Direct modification of compileSourceRoots through clear() is deprecated and will not work in Maven 4.0.0. Please use the add/remove methods instead. If you're using a plugin that causes this warning, please upgrade to the latest version and report an issue if the warning persists. To disable these warnings, set -Dmaven.project.sourceRoots.warningsDisabled=true on the command line, in the .mvn/maven.config file, or in project POM properties.
2025-12-12 10:48:39,752 [Worker-34: Building] WARN  o.apache.maven.project.MavenProject - Direct modification of compileSourceRoots through add() is deprecated and will not work in Maven 4.0.0. Please use the add/remove methods instead. If you're using a plugin that causes this warning, please upgrade to the latest version and report an issue if the warning persists. To disable these warnings, set -Dmaven.project.sourceRoots.warningsDisabled=true on the command line, in the .mvn/maven.config file, or in project POM properties.
2025-12-12 10:48:39,753 [Worker-34: Building] WARN  o.apache.maven.project.MavenProject - Direct modification of testCompileSourceRoots through clear() is deprecated and will not work in Maven 4.0.0. Please use the add/remove methods instead. If you're using a plugin that causes this warning, please upgrade to the latest version and report an issue if the warning persists. To disable these warnings, set -Dmaven.project.sourceRoots.warningsDisabled=true on the command line, in the .mvn/maven.config file, or in project POM properties.
2025-12-12 10:48:39,753 [Worker-34: Building] WARN  o.apache.maven.project.MavenProject - Direct modification of testCompileSourceRoots through add() is deprecated and will not work in Maven 4.0.0. Please use the add/remove methods instead. If you're using a plugin that causes this warning, please upgrade to the latest version and report an issue if the warning persists. To disable these warnings, set -Dmaven.project.sourceRoots.warningsDisabled=true on the command line, in the .mvn/maven.config file, or in project POM properties.
2025-12-12 10:48:53,409 [Worker-36: Building] INFO  o.a.m.s.f.DefaultMavenResourcesFiltering - skip non existing resourceDirectory C:\Users\ortiz\OneDrive\Documentos\proyecto\PROYECTO_ORTIZBLANCO_BRUNO\PROYECTO_ORTIZBLANCO_BRUNO\src\main\resources
2025-12-12 10:48:53,409 [Worker-36: Building] INFO  o.a.m.s.f.DefaultMavenResourcesFiltering - skip non existing resourceDirectory C:\Users\ortiz\OneDrive\Documentos\proyecto\PROYECTO_ORTIZBLANCO_BRUNO\PROYECTO_ORTIZBLANCO_BRUNO\src\main\resources
2025-12-12 10:48:53,412 [Worker-36: Building] INFO  o.a.m.s.f.DefaultMavenResourcesFiltering - skip non existing resourceDirectory C:\Users\ortiz\OneDrive\Documentos\proyecto\PROYECTO_ORTIZBLANCO_BRUNO\PROYECTO_ORTIZBLANCO_BRUNO\src\test\resources
2025-12-12 10:48:53,412 [Worker-36: Building] WARN  o.apache.maven.project.MavenProject - Direct modification of compileSourceRoots through clear() is deprecated and will not work in Maven 4.0.0. Please use the add/remove methods instead. If you're using a plugin that causes this warning, please upgrade to the latest version and report an issue if the warning persists. To disable these warnings, set -Dmaven.project.sourceRoots.warningsDisabled=true on the command line, in the .mvn/maven.config file, or in project POM properties.
2025-12-12 10:48:53,413 [Worker-36: Building] WARN  o.apache.maven.project.MavenProject - Direct modification of compileSourceRoots through add() is deprecated and will not work in Maven 4.0.0. Please use the add/remove methods instead. If you're using a plugin that causes this warning, please upgrade to the latest version and report an issue if the warning persists. To disable these warnings, set -Dmaven.project.sourceRoots.warningsDisabled=true on the command line, in the .mvn/maven.config file, or in project POM properties.
2025-12-12 10:48:53,413 [Worker-36: Building] WARN  o.apache.maven.project.MavenProject - Direct modification of testCompileSourceRoots through clear() is deprecated and will not work in Maven 4.0.0. Please use the add/remove methods instead. If you're using a plugin that causes this warning, please upgrade to the latest version and report an issue if the warning persists. To disable these warnings, set -Dmaven.project.sourceRoots.warningsDisabled=true on the command line, in the .mvn/maven.config file, or in project POM properties.
2025-12-12 10:48:53,413 [Worker-36: Building] WARN  o.apache.maven.project.MavenProject - Direct modification of testCompileSourceRoots through add() is deprecated and will not work in Maven 4.0.0. Please use the add/remove methods instead. If you're using a plugin that causes this warning, please upgrade to the latest version and report an issue if the warning persists. To disable these warnings, set -Dmaven.project.sourceRoots.warningsDisabled=true on the command line, in the .mvn/maven.config file, or in project POM properties.
2025-12-12 10:49:02,936 [Worker-35: Building] INFO  o.a.m.s.f.DefaultMavenResourcesFiltering - skip non existing resourceDirectory C:\Users\ortiz\OneDrive\Documentos\proyecto\PROYECTO_ORTIZBLANCO_BRUNO\PROYECTO_ORTIZBLANCO_BRUNO\src\main\resources
2025-12-12 10:49:02,936 [Worker-35: Building] INFO  o.a.m.s.f.DefaultMavenResourcesFiltering - skip non existing resourceDirectory C:\Users\ortiz\OneDrive\Documentos\proyecto\PROYECTO_ORTIZBLANCO_BRUNO\PROYECTO_ORTIZBLANCO_BRUNO\src\main\resources
2025-12-12 10:49:02,938 [Worker-35: Building] INFO  o.a.m.s.f.DefaultMavenResourcesFiltering - skip non existing resourceDirectory C:\Users\ortiz\OneDrive\Documentos\proyecto\PROYECTO_ORTIZBLANCO_BRUNO\PROYECTO_ORTIZBLANCO_BRUNO\src\test\resources
2025-12-12 10:49:02,938 [Worker-35: Building] WARN  o.apache.maven.project.MavenProject - Direct modification of compileSourceRoots through clear() is deprecated and will not work in Maven 4.0.0. Please use the add/remove methods instead. If you're using a plugin that causes this warning, please upgrade to the latest version and report an issue if the warning persists. To disable these warnings, set -Dmaven.project.sourceRoots.warningsDisabled=true on the command line, in the .mvn/maven.config file, or in project POM properties.
2025-12-12 10:49:02,939 [Worker-35: Building] WARN  o.apache.maven.project.MavenProject - Direct modification of compileSourceRoots through add() is deprecated and will not work in Maven 4.0.0. Please use the add/remove methods instead. If you're using a plugin that causes this warning, please upgrade to the latest version and report an issue if the warning persists. To disable these warnings, set -Dmaven.project.sourceRoots.warningsDisabled=true on the command line, in the .mvn/maven.config file, or in project POM properties.
2025-12-12 10:49:02,939 [Worker-35: Building] WARN  o.apache.maven.project.MavenProject - Direct modification of testCompileSourceRoots through clear() is deprecated and will not work in Maven 4.0.0. Please use the add/remove methods instead. If you're using a plugin that causes this warning, please upgrade to the latest version and report an issue if the warning persists. To disable these warnings, set -Dmaven.project.sourceRoots.warningsDisabled=true on the command line, in the .mvn/maven.config file, or in project POM properties.
2025-12-12 10:49:02,940 [Worker-35: Building] WARN  o.apache.maven.project.MavenProject - Direct modification of testCompileSourceRoots through add() is deprecated and will not work in Maven 4.0.0. Please use the add/remove methods instead. If you're using a plugin that causes this warning, please upgrade to the latest version and report an issue if the warning persists. To disable these warnings, set -Dmaven.project.sourceRoots.warningsDisabled=true on the command line, in the .mvn/maven.config file, or in project POM properties.
2025-12-12 10:49:13,708 [Worker-38: Building] INFO  o.a.m.s.f.DefaultMavenResourcesFiltering - skip non existing resourceDirectory C:\Users\ortiz\OneDrive\Documentos\proyecto\PROYECTO_ORTIZBLANCO_BRUNO\PROYECTO_ORTIZBLANCO_BRUNO\src\main\resources
2025-12-12 10:49:13,708 [Worker-38: Building] INFO  o.a.m.s.f.DefaultMavenResourcesFiltering - skip non existing resourceDirectory C:\Users\ortiz\OneDrive\Documentos\proyecto\PROYECTO_ORTIZBLANCO_BRUNO\PROYECTO_ORTIZBLANCO_BRUNO\src\main\resources
2025-12-12 10:49:13,710 [Worker-38: Building] INFO  o.a.m.s.f.DefaultMavenResourcesFiltering - skip non existing resourceDirectory C:\Users\ortiz\OneDrive\Documentos\proyecto\PROYECTO_ORTIZBLANCO_BRUNO\PROYECTO_ORTIZBLANCO_BRUNO\src\test\resources
2025-12-12 10:49:13,711 [Worker-38: Building] WARN  o.apache.maven.project.MavenProject - Direct modification of compileSourceRoots through clear() is deprecated and will not work in Maven 4.0.0. Please use the add/remove methods instead. If you're using a plugin that causes this warning, please upgrade to the latest version and report an issue if the warning persists. To disable these warnings, set -Dmaven.project.sourceRoots.warningsDisabled=true on the command line, in the .mvn/maven.config file, or in project POM properties.
2025-12-12 10:49:13,711 [Worker-38: Building] WARN  o.apache.maven.project.MavenProject - Direct modification of compileSourceRoots through add() is deprecated and will not work in Maven 4.0.0. Please use the add/remove methods instead. If you're using a plugin that causes this warning, please upgrade to the latest version and report an issue if the warning persists. To disable these warnings, set -Dmaven.project.sourceRoots.warningsDisabled=true on the command line, in the .mvn/maven.config file, or in project POM properties.
2025-12-12 10:49:13,712 [Worker-38: Building] WARN  o.apache.maven.project.MavenProject - Direct modification of testCompileSourceRoots through clear() is deprecated and will not work in Maven 4.0.0. Please use the add/remove methods instead. If you're using a plugin that causes this warning, please upgrade to the latest version and report an issue if the warning persists. To disable these warnings, set -Dmaven.project.sourceRoots.warningsDisabled=true on the command line, in the .mvn/maven.config file, or in project POM properties.
2025-12-12 10:49:13,712 [Worker-38: Building] WARN  o.apache.maven.project.MavenProject - Direct modification of testCompileSourceRoots through add() is deprecated and will not work in Maven 4.0.0. Please use the add/remove methods instead. If you're using a plugin that causes this warning, please upgrade to the latest version and report an issue if the warning persists. To disable these warnings, set -Dmaven.project.sourceRoots.warningsDisabled=true on the command line, in the .mvn/maven.config file, or in project POM properties.
2025-12-12 10:50:01,094 [Worker-37: Building] INFO  o.a.m.s.f.DefaultMavenResourcesFiltering - skip non existing resourceDirectory C:\Users\ortiz\OneDrive\Documentos\proyecto\PROYECTO_ORTIZBLANCO_BRUNO\PROYECTO_ORTIZBLANCO_BRUNO\src\main\resources
2025-12-12 10:50:01,094 [Worker-37: Building] INFO  o.a.m.s.f.DefaultMavenResourcesFiltering - skip non existing resourceDirectory C:\Users\ortiz\OneDrive\Documentos\proyecto\PROYECTO_ORTIZBLANCO_BRUNO\PROYECTO_ORTIZBLANCO_BRUNO\src\main\resources
2025-12-12 10:50:01,096 [Worker-37: Building] INFO  o.a.m.s.f.DefaultMavenResourcesFiltering - skip non existing resourceDirectory C:\Users\ortiz\OneDrive\Documentos\proyecto\PROYECTO_ORTIZBLANCO_BRUNO\PROYECTO_ORTIZBLANCO_BRUNO\src\test\resources
2025-12-12 10:50:01,096 [Worker-37: Building] WARN  o.apache.maven.project.MavenProject - Direct modification of compileSourceRoots through clear() is deprecated and will not work in Maven 4.0.0. Please use the add/remove methods instead. If you're using a plugin that causes this warning, please upgrade to the latest version and report an issue if the warning persists. To disable these warnings, set -Dmaven.project.sourceRoots.warningsDisabled=true on the command line, in the .mvn/maven.config file, or in project POM properties.
2025-12-12 10:50:01,097 [Worker-37: Building] WARN  o.apache.maven.project.MavenProject - Direct modification of compileSourceRoots through add() is deprecated and will not work in Maven 4.0.0. Please use the add/remove methods instead. If you're using a plugin that causes this warning, please upgrade to the latest version and report an issue if the warning persists. To disable these warnings, set -Dmaven.project.sourceRoots.warningsDisabled=true on the command line, in the .mvn/maven.config file, or in project POM properties.
2025-12-12 10:50:01,097 [Worker-37: Building] WARN  o.apache.maven.project.MavenProject - Direct modification of testCompileSourceRoots through clear() is deprecated and will not work in Maven 4.0.0. Please use the add/remove methods instead. If you're using a plugin that causes this warning, please upgrade to the latest version and report an issue if the warning persists. To disable these warnings, set -Dmaven.project.sourceRoots.warningsDisabled=true on the command line, in the .mvn/maven.config file, or in project POM properties.
2025-12-12 10:50:01,097 [Worker-37: Building] WARN  o.apache.maven.project.MavenProject - Direct modification of testCompileSourceRoots through add() is deprecated and will not work in Maven 4.0.0. Please use the add/remove methods instead. If you're using a plugin that causes this warning, please upgrade to the latest version and report an issue if the warning persists. To disable these warnings, set -Dmaven.project.sourceRoots.warningsDisabled=true on the command line, in the .mvn/maven.config file, or in project POM properties.
2025-12-12 10:50:09,126 [Worker-35: Building] INFO  o.e.m.c.i.l.LifecycleMappingFactory - Using org.eclipse.m2e.jdt.JarLifecycleMapping lifecycle mapping for MavenProject: dev.brunob:PROYECTO_ORTIZBLANCO_BRUNO:0.0.1-SNAPSHOT @ C:\Users\ortiz\OneDrive\Documentos\proyecto\PROYECTO_ORTIZBLANCO_BRUNO\PROYECTO_ORTIZBLANCO_BRUNO\pom.xml.
2025-12-12 10:50:09,554 [Worker-35: Building] INFO  o.a.m.s.f.DefaultMavenResourcesFiltering - skip non existing resourceDirectory C:\Users\ortiz\OneDrive\Documentos\proyecto\PROYECTO_ORTIZBLANCO_BRUNO\PROYECTO_ORTIZBLANCO_BRUNO\src\main\resources
2025-12-12 10:50:09,554 [Worker-35: Building] INFO  o.a.m.s.f.DefaultMavenResourcesFiltering - skip non existing resourceDirectory C:\Users\ortiz\OneDrive\Documentos\proyecto\PROYECTO_ORTIZBLANCO_BRUNO\PROYECTO_ORTIZBLANCO_BRUNO\src\main\resources
2025-12-12 10:50:09,559 [Worker-35: Building] INFO  o.a.m.s.f.DefaultMavenResourcesFiltering - skip non existing resourceDirectory C:\Users\ortiz\OneDrive\Documentos\proyecto\PROYECTO_ORTIZBLANCO_BRUNO\PROYECTO_ORTIZBLANCO_BRUNO\src\test\resources
2025-12-12 10:50:09,781 [Worker-35: Building] WARN  o.apache.maven.project.MavenProject - Direct modification of compileSourceRoots through clear() is deprecated and will not work in Maven 4.0.0. Please use the add/remove methods instead. If you're using a plugin that causes this warning, please upgrade to the latest version and report an issue if the warning persists. To disable these warnings, set -Dmaven.project.sourceRoots.warningsDisabled=true on the command line, in the .mvn/maven.config file, or in project POM properties.
2025-12-12 10:50:09,781 [Worker-35: Building] WARN  o.apache.maven.project.MavenProject - Direct modification of compileSourceRoots through add() is deprecated and will not work in Maven 4.0.0. Please use the add/remove methods instead. If you're using a plugin that causes this warning, please upgrade to the latest version and report an issue if the warning persists. To disable these warnings, set -Dmaven.project.sourceRoots.warningsDisabled=true on the command line, in the .mvn/maven.config file, or in project POM properties.
2025-12-12 10:50:09,781 [Worker-35: Building] WARN  o.apache.maven.project.MavenProject - Direct modification of testCompileSourceRoots through clear() is deprecated and will not work in Maven 4.0.0. Please use the add/remove methods instead. If you're using a plugin that causes this warning, please upgrade to the latest version and report an issue if the warning persists. To disable these warnings, set -Dmaven.project.sourceRoots.warningsDisabled=true on the command line, in the .mvn/maven.config file, or in project POM properties.
2025-12-12 10:50:09,782 [Worker-35: Building] WARN  o.apache.maven.project.MavenProject - Direct modification of testCompileSourceRoots through add() is deprecated and will not work in Maven 4.0.0. Please use the add/remove methods instead. If you're using a plugin that causes this warning, please upgrade to the latest version and report an issue if the warning persists. To disable these warnings, set -Dmaven.project.sourceRoots.warningsDisabled=true on the command line, in the .mvn/maven.config file, or in project POM properties.
2025-12-12 10:51:55,325 [Worker-32: Building] INFO  o.a.m.s.f.DefaultMavenResourcesFiltering - skip non existing resourceDirectory C:\Users\ortiz\OneDrive\Documentos\proyecto\PROYECTO_ORTIZBLANCO_BRUNO\PROYECTO_ORTIZBLANCO_BRUNO\src\main\resources
2025-12-12 10:51:55,325 [Worker-32: Building] INFO  o.a.m.s.f.DefaultMavenResourcesFiltering - skip non existing resourceDirectory C:\Users\ortiz\OneDrive\Documentos\proyecto\PROYECTO_ORTIZBLANCO_BRUNO\PROYECTO_ORTIZBLANCO_BRUNO\src\main\resources
2025-12-12 10:51:55,327 [Worker-32: Building] INFO  o.a.m.s.f.DefaultMavenResourcesFiltering - skip non existing resourceDirectory C:\Users\ortiz\OneDrive\Documentos\proyecto\PROYECTO_ORTIZBLANCO_BRUNO\PROYECTO_ORTIZBLANCO_BRUNO\src\test\resources
2025-12-12 10:51:55,327 [Worker-32: Building] WARN  o.apache.maven.project.MavenProject - Direct modification of compileSourceRoots through clear() is deprecated and will not work in Maven 4.0.0. Please use the add/remove methods instead. If you're using a plugin that causes this warning, please upgrade to the latest version and report an issue if the warning persists. To disable these warnings, set -Dmaven.project.sourceRoots.warningsDisabled=true on the command line, in the .mvn/maven.config file, or in project POM properties.
2025-12-12 10:51:55,328 [Worker-32: Building] WARN  o.apache.maven.project.MavenProject - Direct modification of compileSourceRoots through add() is deprecated and will not work in Maven 4.0.0. Please use the add/remove methods instead. If you're using a plugin that causes this warning, please upgrade to the latest version and report an issue if the warning persists. To disable these warnings, set -Dmaven.project.sourceRoots.warningsDisabled=true on the command line, in the .mvn/maven.config file, or in project POM properties.
2025-12-12 10:51:55,328 [Worker-32: Building] WARN  o.apache.maven.project.MavenProject - Direct modification of testCompileSourceRoots through clear() is deprecated and will not work in Maven 4.0.0. Please use the add/remove methods instead. If you're using a plugin that causes this warning, please upgrade to the latest version and report an issue if the warning persists. To disable these warnings, set -Dmaven.project.sourceRoots.warningsDisabled=true on the command line, in the .mvn/maven.config file, or in project POM properties.
2025-12-12 10:51:55,329 [Worker-32: Building] WARN  o.apache.maven.project.MavenProject - Direct modification of testCompileSourceRoots through add() is deprecated and will not work in Maven 4.0.0. Please use the add/remove methods instead. If you're using a plugin that causes this warning, please upgrade to the latest version and report an issue if the warning persists. To disable these warnings, set -Dmaven.project.sourceRoots.warningsDisabled=true on the command line, in the .mvn/maven.config file, or in project POM properties.
2025-12-12 10:52:04,139 [Worker-31: Building] INFO  o.a.m.s.f.DefaultMavenResourcesFiltering - skip non existing resourceDirectory C:\Users\ortiz\OneDrive\Documentos\proyecto\PROYECTO_ORTIZBLANCO_BRUNO\PROYECTO_ORTIZBLANCO_BRUNO\src\main\resources
2025-12-12 10:52:04,139 [Worker-31: Building] INFO  o.a.m.s.f.DefaultMavenResourcesFiltering - skip non existing resourceDirectory C:\Users\ortiz\OneDrive\Documentos\proyecto\PROYECTO_ORTIZBLANCO_BRUNO\PROYECTO_ORTIZBLANCO_BRUNO\src\main\resources
2025-12-12 10:52:04,141 [Worker-31: Building] INFO  o.a.m.s.f.DefaultMavenResourcesFiltering - skip non existing resourceDirectory C:\Users\ortiz\OneDrive\Documentos\proyecto\PROYECTO_ORTIZBLANCO_BRUNO\PROYECTO_ORTIZBLANCO_BRUNO\src\test\resources
2025-12-12 10:52:04,141 [Worker-31: Building] WARN  o.apache.maven.project.MavenProject - Direct modification of compileSourceRoots through clear() is deprecated and will not work in Maven 4.0.0. Please use the add/remove methods instead. If you're using a plugin that causes this warning, please upgrade to the latest version and report an issue if the warning persists. To disable these warnings, set -Dmaven.project.sourceRoots.warningsDisabled=true on the command line, in the .mvn/maven.config file, or in project POM properties.
2025-12-12 10:52:04,142 [Worker-31: Building] WARN  o.apache.maven.project.MavenProject - Direct modification of compileSourceRoots through add() is deprecated and will not work in Maven 4.0.0. Please use the add/remove methods instead. If you're using a plugin that causes this warning, please upgrade to the latest version and report an issue if the warning persists. To disable these warnings, set -Dmaven.project.sourceRoots.warningsDisabled=true on the command line, in the .mvn/maven.config file, or in project POM properties.
2025-12-12 10:52:04,142 [Worker-31: Building] WARN  o.apache.maven.project.MavenProject - Direct modification of testCompileSourceRoots through clear() is deprecated and will not work in Maven 4.0.0. Please use the add/remove methods instead. If you're using a plugin that causes this warning, please upgrade to the latest version and report an issue if the warning persists. To disable these warnings, set -Dmaven.project.sourceRoots.warningsDisabled=true on the command line, in the .mvn/maven.config file, or in project POM properties.
2025-12-12 10:52:04,142 [Worker-31: Building] WARN  o.apache.maven.project.MavenProject - Direct modification of testCompileSourceRoots through add() is deprecated and will not work in Maven 4.0.0. Please use the add/remove methods instead. If you're using a plugin that causes this warning, please upgrade to the latest version and report an issue if the warning persists. To disable these warnings, set -Dmaven.project.sourceRoots.warningsDisabled=true on the command line, in the .mvn/maven.config file, or in project POM properties.
2025-12-12 10:52:12,835 [Worker-34: Building] INFO  o.a.m.s.f.DefaultMavenResourcesFiltering - skip non existing resourceDirectory C:\Users\ortiz\OneDrive\Documentos\proyecto\PROYECTO_ORTIZBLANCO_BRUNO\PROYECTO_ORTIZBLANCO_BRUNO\src\main\resources
2025-12-12 10:52:12,835 [Worker-34: Building] INFO  o.a.m.s.f.DefaultMavenResourcesFiltering - skip non existing resourceDirectory C:\Users\ortiz\OneDrive\Documentos\proyecto\PROYECTO_ORTIZBLANCO_BRUNO\PROYECTO_ORTIZBLANCO_BRUNO\src\main\resources
2025-12-12 10:52:12,837 [Worker-34: Building] INFO  o.a.m.s.f.DefaultMavenResourcesFiltering - skip non existing resourceDirectory C:\Users\ortiz\OneDrive\Documentos\proyecto\PROYECTO_ORTIZBLANCO_BRUNO\PROYECTO_ORTIZBLANCO_BRUNO\src\test\resources
2025-12-12 10:52:12,837 [Worker-34: Building] WARN  o.apache.maven.project.MavenProject - Direct modification of compileSourceRoots through clear() is deprecated and will not work in Maven 4.0.0. Please use the add/remove methods instead. If you're using a plugin that causes this warning, please upgrade to the latest version and report an issue if the warning persists. To disable these warnings, set -Dmaven.project.sourceRoots.warningsDisabled=true on the command line, in the .mvn/maven.config file, or in project POM properties.
2025-12-12 10:52:12,837 [Worker-34: Building] WARN  o.apache.maven.project.MavenProject - Direct modification of compileSourceRoots through add() is deprecated and will not work in Maven 4.0.0. Please use the add/remove methods instead. If you're using a plugin that causes this warning, please upgrade to the latest version and report an issue if the warning persists. To disable these warnings, set -Dmaven.project.sourceRoots.warningsDisabled=true on the command line, in the .mvn/maven.config file, or in project POM properties.
2025-12-12 10:52:12,838 [Worker-34: Building] WARN  o.apache.maven.project.MavenProject - Direct modification of testCompileSourceRoots through clear() is deprecated and will not work in Maven 4.0.0. Please use the add/remove methods instead. If you're using a plugin that causes this warning, please upgrade to the latest version and report an issue if the warning persists. To disable these warnings, set -Dmaven.project.sourceRoots.warningsDisabled=true on the command line, in the .mvn/maven.config file, or in project POM properties.
2025-12-12 10:52:12,838 [Worker-34: Building] WARN  o.apache.maven.project.MavenProject - Direct modification of testCompileSourceRoots through add() is deprecated and will not work in Maven 4.0.0. Please use the add/remove methods instead. If you're using a plugin that causes this warning, please upgrade to the latest version and report an issue if the warning persists. To disable these warnings, set -Dmaven.project.sourceRoots.warningsDisabled=true on the command line, in the .mvn/maven.config file, or in project POM properties.
2025-12-12 10:53:04,632 [Worker-35: Building] INFO  o.a.m.s.f.DefaultMavenResourcesFiltering - skip non existing resourceDirectory C:\Users\ortiz\OneDrive\Documentos\proyecto\PROYECTO_ORTIZBLANCO_BRUNO\PROYECTO_ORTIZBLANCO_BRUNO\src\main\resources
2025-12-12 10:53:04,632 [Worker-35: Building] INFO  o.a.m.s.f.DefaultMavenResourcesFiltering - skip non existing resourceDirectory C:\Users\ortiz\OneDrive\Documentos\proyecto\PROYECTO_ORTIZBLANCO_BRUNO\PROYECTO_ORTIZBLANCO_BRUNO\src\main\resources
2025-12-12 10:53:04,632 [Worker-35: Building] INFO  o.a.m.s.f.DefaultMavenResourcesFiltering - skip non existing resourceDirectory C:\Users\ortiz\OneDrive\Documentos\proyecto\PROYECTO_ORTIZBLANCO_BRUNO\PROYECTO_ORTIZBLANCO_BRUNO\src\test\resources
2025-12-12 10:53:04,634 [Worker-35: Building] WARN  o.apache.maven.project.MavenProject - Direct modification of compileSourceRoots through clear() is deprecated and will not work in Maven 4.0.0. Please use the add/remove methods instead. If you're using a plugin that causes this warning, please upgrade to the latest version and report an issue if the warning persists. To disable these warnings, set -Dmaven.project.sourceRoots.warningsDisabled=true on the command line, in the .mvn/maven.config file, or in project POM properties.
2025-12-12 10:53:04,634 [Worker-35: Building] WARN  o.apache.maven.project.MavenProject - Direct modification of compileSourceRoots through add() is deprecated and will not work in Maven 4.0.0. Please use the add/remove methods instead. If you're using a plugin that causes this warning, please upgrade to the latest version and report an issue if the warning persists. To disable these warnings, set -Dmaven.project.sourceRoots.warningsDisabled=true on the command line, in the .mvn/maven.config file, or in project POM properties.
2025-12-12 10:53:04,634 [Worker-35: Building] WARN  o.apache.maven.project.MavenProject - Direct modification of testCompileSourceRoots through clear() is deprecated and will not work in Maven 4.0.0. Please use the add/remove methods instead. If you're using a plugin that causes this warning, please upgrade to the latest version and report an issue if the warning persists. To disable these warnings, set -Dmaven.project.sourceRoots.warningsDisabled=true on the command line, in the .mvn/maven.config file, or in project POM properties.
2025-12-12 10:53:04,635 [Worker-35: Building] WARN  o.apache.maven.project.MavenProject - Direct modification of testCompileSourceRoots through add() is deprecated and will not work in Maven 4.0.0. Please use the add/remove methods instead. If you're using a plugin that causes this warning, please upgrade to the latest version and report an issue if the warning persists. To disable these warnings, set -Dmaven.project.sourceRoots.warningsDisabled=true on the command line, in the .mvn/maven.config file, or in project POM properties.
2025-12-12 10:53:29,502 [Worker-32: Building] INFO  o.a.m.s.f.DefaultMavenResourcesFiltering - skip non existing resourceDirectory C:\Users\ortiz\OneDrive\Documentos\proyecto\PROYECTO_ORTIZBLANCO_BRUNO\PROYECTO_ORTIZBLANCO_BRUNO\src\main\resources
2025-12-12 10:53:29,502 [Worker-32: Building] INFO  o.a.m.s.f.DefaultMavenResourcesFiltering - skip non existing resourceDirectory C:\Users\ortiz\OneDrive\Documentos\proyecto\PROYECTO_ORTIZBLANCO_BRUNO\PROYECTO_ORTIZBLANCO_BRUNO\src\main\resources
2025-12-12 10:53:29,504 [Worker-32: Building] INFO  o.a.m.s.f.DefaultMavenResourcesFiltering - skip non existing resourceDirectory C:\Users\ortiz\OneDrive\Documentos\proyecto\PROYECTO_ORTIZBLANCO_BRUNO\PROYECTO_ORTIZBLANCO_BRUNO\src\test\resources
2025-12-12 10:53:29,505 [Worker-32: Building] WARN  o.apache.maven.project.MavenProject - Direct modification of compileSourceRoots through clear() is deprecated and will not work in Maven 4.0.0. Please use the add/remove methods instead. If you're using a plugin that causes this warning, please upgrade to the latest version and report an issue if the warning persists. To disable these warnings, set -Dmaven.project.sourceRoots.warningsDisabled=true on the command line, in the .mvn/maven.config file, or in project POM properties.
2025-12-12 10:53:29,505 [Worker-32: Building] WARN  o.apache.maven.project.MavenProject - Direct modification of compileSourceRoots through add() is deprecated and will not work in Maven 4.0.0. Please use the add/remove methods instead. If you're using a plugin that causes this warning, please upgrade to the latest version and report an issue if the warning persists. To disable these warnings, set -Dmaven.project.sourceRoots.warningsDisabled=true on the command line, in the .mvn/maven.config file, or in project POM properties.
2025-12-12 10:53:29,505 [Worker-32: Building] WARN  o.apache.maven.project.MavenProject - Direct modification of testCompileSourceRoots through clear() is deprecated and will not work in Maven 4.0.0. Please use the add/remove methods instead. If you're using a plugin that causes this warning, please upgrade to the latest version and report an issue if the warning persists. To disable these warnings, set -Dmaven.project.sourceRoots.warningsDisabled=true on the command line, in the .mvn/maven.config file, or in project POM properties.
2025-12-12 10:53:29,506 [Worker-32: Building] WARN  o.apache.maven.project.MavenProject - Direct modification of testCompileSourceRoots through add() is deprecated and will not work in Maven 4.0.0. Please use the add/remove methods instead. If you're using a plugin that causes this warning, please upgrade to the latest version and report an issue if the warning persists. To disable these warnings, set -Dmaven.project.sourceRoots.warningsDisabled=true on the command line, in the .mvn/maven.config file, or in project POM properties.
2025-12-12 10:53:33,652 [Worker-32: Building] INFO  o.a.m.s.f.DefaultMavenResourcesFiltering - skip non existing resourceDirectory C:\Users\ortiz\OneDrive\Documentos\proyecto\PROYECTO_ORTIZBLANCO_BRUNO\PROYECTO_ORTIZBLANCO_BRUNO\src\main\resources
2025-12-12 10:53:33,652 [Worker-32: Building] INFO  o.a.m.s.f.DefaultMavenResourcesFiltering - skip non existing resourceDirectory C:\Users\ortiz\OneDrive\Documentos\proyecto\PROYECTO_ORTIZBLANCO_BRUNO\PROYECTO_ORTIZBLANCO_BRUNO\src\main\resources
2025-12-12 10:53:33,655 [Worker-32: Building] INFO  o.a.m.s.f.DefaultMavenResourcesFiltering - skip non existing resourceDirectory C:\Users\ortiz\OneDrive\Documentos\proyecto\PROYECTO_ORTIZBLANCO_BRUNO\PROYECTO_ORTIZBLANCO_BRUNO\src\test\resources
2025-12-12 10:53:33,664 [Worker-32: Building] WARN  o.apache.maven.project.MavenProject - Direct modification of compileSourceRoots through clear() is deprecated and will not work in Maven 4.0.0. Please use the add/remove methods instead. If you're using a plugin that causes this warning, please upgrade to the latest version and report an issue if the warning persists. To disable these warnings, set -Dmaven.project.sourceRoots.warningsDisabled=true on the command line, in the .mvn/maven.config file, or in project POM properties.
2025-12-12 10:53:33,664 [Worker-32: Building] WARN  o.apache.maven.project.MavenProject - Direct modification of compileSourceRoots through add() is deprecated and will not work in Maven 4.0.0. Please use the add/remove methods instead. If you're using a plugin that causes this warning, please upgrade to the latest version and report an issue if the warning persists. To disable these warnings, set -Dmaven.project.sourceRoots.warningsDisabled=true on the command line, in the .mvn/maven.config file, or in project POM properties.
2025-12-12 10:53:33,665 [Worker-32: Building] WARN  o.apache.maven.project.MavenProject - Direct modification of testCompileSourceRoots through clear() is deprecated and will not work in Maven 4.0.0. Please use the add/remove methods instead. If you're using a plugin that causes this warning, please upgrade to the latest version and report an issue if the warning persists. To disable these warnings, set -Dmaven.project.sourceRoots.warningsDisabled=true on the command line, in the .mvn/maven.config file, or in project POM properties.
2025-12-12 10:53:33,665 [Worker-32: Building] WARN  o.apache.maven.project.MavenProject - Direct modification of testCompileSourceRoots through add() is deprecated and will not work in Maven 4.0.0. Please use the add/remove methods instead. If you're using a plugin that causes this warning, please upgrade to the latest version and report an issue if the warning persists. To disable these warnings, set -Dmaven.project.sourceRoots.warningsDisabled=true on the command line, in the .mvn/maven.config file, or in project POM properties.
2025-12-12 10:53:37,148 [Worker-38: Building] INFO  o.a.m.s.f.DefaultMavenResourcesFiltering - skip non existing resourceDirectory C:\Users\ortiz\OneDrive\Documentos\proyecto\PROYECTO_ORTIZBLANCO_BRUNO\PROYECTO_ORTIZBLANCO_BRUNO\src\main\resources
2025-12-12 10:53:37,148 [Worker-38: Building] INFO  o.a.m.s.f.DefaultMavenResourcesFiltering - skip non existing resourceDirectory C:\Users\ortiz\OneDrive\Documentos\proyecto\PROYECTO_ORTIZBLANCO_BRUNO\PROYECTO_ORTIZBLANCO_BRUNO\src\main\resources
2025-12-12 10:53:37,149 [Worker-38: Building] INFO  o.a.m.s.f.DefaultMavenResourcesFiltering - skip non existing resourceDirectory C:\Users\ortiz\OneDrive\Documentos\proyecto\PROYECTO_ORTIZBLANCO_BRUNO\PROYECTO_ORTIZBLANCO_BRUNO\src\test\resources
2025-12-12 10:53:37,149 [Worker-38: Building] WARN  o.apache.maven.project.MavenProject - Direct modification of compileSourceRoots through clear() is deprecated and will not work in Maven 4.0.0. Please use the add/remove methods instead. If you're using a plugin that causes this warning, please upgrade to the latest version and report an issue if the warning persists. To disable these warnings, set -Dmaven.project.sourceRoots.warningsDisabled=true on the command line, in the .mvn/maven.config file, or in project POM properties.
2025-12-12 10:53:37,150 [Worker-38: Building] WARN  o.apache.maven.project.MavenProject - Direct modification of compileSourceRoots through add() is deprecated and will not work in Maven 4.0.0. Please use the add/remove methods instead. If you're using a plugin that causes this warning, please upgrade to the latest version and report an issue if the warning persists. To disable these warnings, set -Dmaven.project.sourceRoots.warningsDisabled=true on the command line, in the .mvn/maven.config file, or in project POM properties.
2025-12-12 10:53:37,150 [Worker-38: Building] WARN  o.apache.maven.project.MavenProject - Direct modification of testCompileSourceRoots through clear() is deprecated and will not work in Maven 4.0.0. Please use the add/remove methods instead. If you're using a plugin that causes this warning, please upgrade to the latest version and report an issue if the warning persists. To disable these warnings, set -Dmaven.project.sourceRoots.warningsDisabled=true on the command line, in the .mvn/maven.config file, or in project POM properties.
2025-12-12 10:53:37,150 [Worker-38: Building] WARN  o.apache.maven.project.MavenProject - Direct modification of testCompileSourceRoots through add() is deprecated and will not work in Maven 4.0.0. Please use the add/remove methods instead. If you're using a plugin that causes this warning, please upgrade to the latest version and report an issue if the warning persists. To disable these warnings, set -Dmaven.project.sourceRoots.warningsDisabled=true on the command line, in the .mvn/maven.config file, or in project POM properties.
2025-12-12 10:54:00,121 [Worker-34: Building] INFO  o.a.m.s.f.DefaultMavenResourcesFiltering - skip non existing resourceDirectory C:\Users\ortiz\OneDrive\Documentos\proyecto\PROYECTO_ORTIZBLANCO_BRUNO\PROYECTO_ORTIZBLANCO_BRUNO\src\main\resources
2025-12-12 10:54:00,121 [Worker-34: Building] INFO  o.a.m.s.f.DefaultMavenResourcesFiltering - skip non existing resourceDirectory C:\Users\ortiz\OneDrive\Documentos\proyecto\PROYECTO_ORTIZBLANCO_BRUNO\PROYECTO_ORTIZBLANCO_BRUNO\src\main\resources
2025-12-12 10:54:00,123 [Worker-34: Building] INFO  o.a.m.s.f.DefaultMavenResourcesFiltering - skip non existing resourceDirectory C:\Users\ortiz\OneDrive\Documentos\proyecto\PROYECTO_ORTIZBLANCO_BRUNO\PROYECTO_ORTIZBLANCO_BRUNO\src\test\resources
2025-12-12 10:54:00,123 [Worker-34: Building] WARN  o.apache.maven.project.MavenProject - Direct modification of compileSourceRoots through clear() is deprecated and will not work in Maven 4.0.0. Please use the add/remove methods instead. If you're using a plugin that causes this warning, please upgrade to the latest version and report an issue if the warning persists. To disable these warnings, set -Dmaven.project.sourceRoots.warningsDisabled=true on the command line, in the .mvn/maven.config file, or in project POM properties.
2025-12-12 10:54:00,123 [Worker-34: Building] WARN  o.apache.maven.project.MavenProject - Direct modification of compileSourceRoots through add() is deprecated and will not work in Maven 4.0.0. Please use the add/remove methods instead. If you're using a plugin that causes this warning, please upgrade to the latest version and report an issue if the warning persists. To disable these warnings, set -Dmaven.project.sourceRoots.warningsDisabled=true on the command line, in the .mvn/maven.config file, or in project POM properties.
2025-12-12 10:54:00,124 [Worker-34: Building] WARN  o.apache.maven.project.MavenProject - Direct modification of testCompileSourceRoots through clear() is deprecated and will not work in Maven 4.0.0. Please use the add/remove methods instead. If you're using a plugin that causes this warning, please upgrade to the latest version and report an issue if the warning persists. To disable these warnings, set -Dmaven.project.sourceRoots.warningsDisabled=true on the command line, in the .mvn/maven.config file, or in project POM properties.
2025-12-12 10:54:00,124 [Worker-34: Building] WARN  o.apache.maven.project.MavenProject - Direct modification of testCompileSourceRoots through add() is deprecated and will not work in Maven 4.0.0. Please use the add/remove methods instead. If you're using a plugin that causes this warning, please upgrade to the latest version and report an issue if the warning persists. To disable these warnings, set -Dmaven.project.sourceRoots.warningsDisabled=true on the command line, in the .mvn/maven.config file, or in project POM properties.
2025-12-12 10:54:19,292 [Worker-37: Building] INFO  o.a.m.s.f.DefaultMavenResourcesFiltering - skip non existing resourceDirectory C:\Users\ortiz\OneDrive\Documentos\proyecto\PROYECTO_ORTIZBLANCO_BRUNO\PROYECTO_ORTIZBLANCO_BRUNO\src\main\resources
2025-12-12 10:54:19,292 [Worker-37: Building] INFO  o.a.m.s.f.DefaultMavenResourcesFiltering - skip non existing resourceDirectory C:\Users\ortiz\OneDrive\Documentos\proyecto\PROYECTO_ORTIZBLANCO_BRUNO\PROYECTO_ORTIZBLANCO_BRUNO\src\main\resources
2025-12-12 10:54:19,294 [Worker-37: Building] INFO  o.a.m.s.f.DefaultMavenResourcesFiltering - skip non existing resourceDirectory C:\Users\ortiz\OneDrive\Documentos\proyecto\PROYECTO_ORTIZBLANCO_BRUNO\PROYECTO_ORTIZBLANCO_BRUNO\src\test\resources
2025-12-12 10:54:19,294 [Worker-37: Building] WARN  o.apache.maven.project.MavenProject - Direct modification of compileSourceRoots through clear() is deprecated and will not work in Maven 4.0.0. Please use the add/remove methods instead. If you're using a plugin that causes this warning, please upgrade to the latest version and report an issue if the warning persists. To disable these warnings, set -Dmaven.project.sourceRoots.warningsDisabled=true on the command line, in the .mvn/maven.config file, or in project POM properties.
2025-12-12 10:54:19,295 [Worker-37: Building] WARN  o.apache.maven.project.MavenProject - Direct modification of compileSourceRoots through add() is deprecated and will not work in Maven 4.0.0. Please use the add/remove methods instead. If you're using a plugin that causes this warning, please upgrade to the latest version and report an issue if the warning persists. To disable these warnings, set -Dmaven.project.sourceRoots.warningsDisabled=true on the command line, in the .mvn/maven.config file, or in project POM properties.
2025-12-12 10:54:19,295 [Worker-37: Building] WARN  o.apache.maven.project.MavenProject - Direct modification of testCompileSourceRoots through clear() is deprecated and will not work in Maven 4.0.0. Please use the add/remove methods instead. If you're using a plugin that causes this warning, please upgrade to the latest version and report an issue if the warning persists. To disable these warnings, set -Dmaven.project.sourceRoots.warningsDisabled=true on the command line, in the .mvn/maven.config file, or in project POM properties.
2025-12-12 10:54:19,295 [Worker-37: Building] WARN  o.apache.maven.project.MavenProject - Direct modification of testCompileSourceRoots through add() is deprecated and will not work in Maven 4.0.0. Please use the add/remove methods instead. If you're using a plugin that causes this warning, please upgrade to the latest version and report an issue if the warning persists. To disable these warnings, set -Dmaven.project.sourceRoots.warningsDisabled=true on the command line, in the .mvn/maven.config file, or in project POM properties.
2025-12-12 10:55:19,088 [Worker-31: Building] INFO  o.a.m.s.f.DefaultMavenResourcesFiltering - skip non existing resourceDirectory C:\Users\ortiz\OneDrive\Documentos\proyecto\PROYECTO_ORTIZBLANCO_BRUNO\PROYECTO_ORTIZBLANCO_BRUNO\src\main\resources
2025-12-12 10:55:19,088 [Worker-31: Building] INFO  o.a.m.s.f.DefaultMavenResourcesFiltering - skip non existing resourceDirectory C:\Users\ortiz\OneDrive\Documentos\proyecto\PROYECTO_ORTIZBLANCO_BRUNO\PROYECTO_ORTIZBLANCO_BRUNO\src\main\resources
2025-12-12 10:55:19,090 [Worker-31: Building] INFO  o.a.m.s.f.DefaultMavenResourcesFiltering - skip non existing resourceDirectory C:\Users\ortiz\OneDrive\Documentos\proyecto\PROYECTO_ORTIZBLANCO_BRUNO\PROYECTO_ORTIZBLANCO_BRUNO\src\test\resources
2025-12-12 10:55:19,090 [Worker-31: Building] WARN  o.apache.maven.project.MavenProject - Direct modification of compileSourceRoots through clear() is deprecated and will not work in Maven 4.0.0. Please use the add/remove methods instead. If you're using a plugin that causes this warning, please upgrade to the latest version and report an issue if the warning persists. To disable these warnings, set -Dmaven.project.sourceRoots.warningsDisabled=true on the command line, in the .mvn/maven.config file, or in project POM properties.
2025-12-12 10:55:19,091 [Worker-31: Building] WARN  o.apache.maven.project.MavenProject - Direct modification of compileSourceRoots through add() is deprecated and will not work in Maven 4.0.0. Please use the add/remove methods instead. If you're using a plugin that causes this warning, please upgrade to the latest version and report an issue if the warning persists. To disable these warnings, set -Dmaven.project.sourceRoots.warningsDisabled=true on the command line, in the .mvn/maven.config file, or in project POM properties.
2025-12-12 10:55:19,092 [Worker-31: Building] WARN  o.apache.maven.project.MavenProject - Direct modification of testCompileSourceRoots through clear() is deprecated and will not work in Maven 4.0.0. Please use the add/remove methods instead. If you're using a plugin that causes this warning, please upgrade to the latest version and report an issue if the warning persists. To disable these warnings, set -Dmaven.project.sourceRoots.warningsDisabled=true on the command line, in the .mvn/maven.config file, or in project POM properties.
2025-12-12 10:55:19,092 [Worker-31: Building] WARN  o.apache.maven.project.MavenProject - Direct modification of testCompileSourceRoots through add() is deprecated and will not work in Maven 4.0.0. Please use the add/remove methods instead. If you're using a plugin that causes this warning, please upgrade to the latest version and report an issue if the warning persists. To disable these warnings, set -Dmaven.project.sourceRoots.warningsDisabled=true on the command line, in the .mvn/maven.config file, or in project POM properties.
2025-12-12 10:57:22,923 [Worker-32: Building] INFO  o.a.m.s.f.DefaultMavenResourcesFiltering - skip non existing resourceDirectory C:\Users\ortiz\OneDrive\Documentos\proyecto\PROYECTO_ORTIZBLANCO_BRUNO\PROYECTO_ORTIZBLANCO_BRUNO\src\main\resources
2025-12-12 10:57:22,923 [Worker-32: Building] INFO  o.a.m.s.f.DefaultMavenResourcesFiltering - skip non existing resourceDirectory C:\Users\ortiz\OneDrive\Documentos\proyecto\PROYECTO_ORTIZBLANCO_BRUNO\PROYECTO_ORTIZBLANCO_BRUNO\src\main\resources
2025-12-12 10:57:22,924 [Worker-32: Building] INFO  o.a.m.s.f.DefaultMavenResourcesFiltering - skip non existing resourceDirectory C:\Users\ortiz\OneDrive\Documentos\proyecto\PROYECTO_ORTIZBLANCO_BRUNO\PROYECTO_ORTIZBLANCO_BRUNO\src\test\resources
2025-12-12 10:57:22,937 [Worker-32: Building] WARN  o.apache.maven.project.MavenProject - Direct modification of compileSourceRoots through clear() is deprecated and will not work in Maven 4.0.0. Please use the add/remove methods instead. If you're using a plugin that causes this warning, please upgrade to the latest version and report an issue if the warning persists. To disable these warnings, set -Dmaven.project.sourceRoots.warningsDisabled=true on the command line, in the .mvn/maven.config file, or in project POM properties.
2025-12-12 10:57:22,938 [Worker-32: Building] WARN  o.apache.maven.project.MavenProject - Direct modification of compileSourceRoots through add() is deprecated and will not work in Maven 4.0.0. Please use the add/remove methods instead. If you're using a plugin that causes this warning, please upgrade to the latest version and report an issue if the warning persists. To disable these warnings, set -Dmaven.project.sourceRoots.warningsDisabled=true on the command line, in the .mvn/maven.config file, or in project POM properties.
2025-12-12 10:57:22,938 [Worker-32: Building] WARN  o.apache.maven.project.MavenProject - Direct modification of testCompileSourceRoots through clear() is deprecated and will not work in Maven 4.0.0. Please use the add/remove methods instead. If you're using a plugin that causes this warning, please upgrade to the latest version and report an issue if the warning persists. To disable these warnings, set -Dmaven.project.sourceRoots.warningsDisabled=true on the command line, in the .mvn/maven.config file, or in project POM properties.
2025-12-12 10:57:22,938 [Worker-32: Building] WARN  o.apache.maven.project.MavenProject - Direct modification of testCompileSourceRoots through add() is deprecated and will not work in Maven 4.0.0. Please use the add/remove methods instead. If you're using a plugin that causes this warning, please upgrade to the latest version and report an issue if the warning persists. To disable these warnings, set -Dmaven.project.sourceRoots.warningsDisabled=true on the command line, in the .mvn/maven.config file, or in project POM properties.
2025-12-12 10:57:55,612 [Worker-36: Building] INFO  o.a.m.s.f.DefaultMavenResourcesFiltering - skip non existing resourceDirectory C:\Users\ortiz\OneDrive\Documentos\proyecto\PROYECTO_ORTIZBLANCO_BRUNO\PROYECTO_ORTIZBLANCO_BRUNO\src\main\resources
2025-12-12 10:57:55,612 [Worker-36: Building] INFO  o.a.m.s.f.DefaultMavenResourcesFiltering - skip non existing resourceDirectory C:\Users\ortiz\OneDrive\Documentos\proyecto\PROYECTO_ORTIZBLANCO_BRUNO\PROYECTO_ORTIZBLANCO_BRUNO\src\main\resources
2025-12-12 10:57:55,614 [Worker-36: Building] INFO  o.a.m.s.f.DefaultMavenResourcesFiltering - skip non existing resourceDirectory C:\Users\ortiz\OneDrive\Documentos\proyecto\PROYECTO_ORTIZBLANCO_BRUNO\PROYECTO_ORTIZBLANCO_BRUNO\src\test\resources
2025-12-12 10:57:55,624 [Worker-36: Building] WARN  o.apache.maven.project.MavenProject - Direct modification of compileSourceRoots through clear() is deprecated and will not work in Maven 4.0.0. Please use the add/remove methods instead. If you're using a plugin that causes this warning, please upgrade to the latest version and report an issue if the warning persists. To disable these warnings, set -Dmaven.project.sourceRoots.warningsDisabled=true on the command line, in the .mvn/maven.config file, or in project POM properties.
2025-12-12 10:57:55,625 [Worker-36: Building] WARN  o.apache.maven.project.MavenProject - Direct modification of compileSourceRoots through add() is deprecated and will not work in Maven 4.0.0. Please use the add/remove methods instead. If you're using a plugin that causes this warning, please upgrade to the latest version and report an issue if the warning persists. To disable these warnings, set -Dmaven.project.sourceRoots.warningsDisabled=true on the command line, in the .mvn/maven.config file, or in project POM properties.
2025-12-12 10:57:55,625 [Worker-36: Building] WARN  o.apache.maven.project.MavenProject - Direct modification of testCompileSourceRoots through clear() is deprecated and will not work in Maven 4.0.0. Please use the add/remove methods instead. If you're using a plugin that causes this warning, please upgrade to the latest version and report an issue if the warning persists. To disable these warnings, set -Dmaven.project.sourceRoots.warningsDisabled=true on the command line, in the .mvn/maven.config file, or in project POM properties.
2025-12-12 10:57:55,625 [Worker-36: Building] WARN  o.apache.maven.project.MavenProject - Direct modification of testCompileSourceRoots through add() is deprecated and will not work in Maven 4.0.0. Please use the add/remove methods instead. If you're using a plugin that causes this warning, please upgrade to the latest version and report an issue if the warning persists. To disable these warnings, set -Dmaven.project.sourceRoots.warningsDisabled=true on the command line, in the .mvn/maven.config file, or in project POM properties.
2025-12-12 11:01:54,322 [Worker-40: Building] INFO  o.a.m.s.f.DefaultMavenResourcesFiltering - skip non existing resourceDirectory C:\Users\ortiz\OneDrive\Documentos\proyecto\PROYECTO_ORTIZBLANCO_BRUNO\PROYECTO_ORTIZBLANCO_BRUNO\src\main\resources
2025-12-12 11:01:54,322 [Worker-40: Building] INFO  o.a.m.s.f.DefaultMavenResourcesFiltering - skip non existing resourceDirectory C:\Users\ortiz\OneDrive\Documentos\proyecto\PROYECTO_ORTIZBLANCO_BRUNO\PROYECTO_ORTIZBLANCO_BRUNO\src\main\resources
2025-12-12 11:01:54,323 [Worker-40: Building] INFO  o.a.m.s.f.DefaultMavenResourcesFiltering - skip non existing resourceDirectory C:\Users\ortiz\OneDrive\Documentos\proyecto\PROYECTO_ORTIZBLANCO_BRUNO\PROYECTO_ORTIZBLANCO_BRUNO\src\test\resources
2025-12-12 11:01:54,324 [Worker-40: Building] WARN  o.apache.maven.project.MavenProject - Direct modification of compileSourceRoots through clear() is deprecated and will not work in Maven 4.0.0. Please use the add/remove methods instead. If you're using a plugin that causes this warning, please upgrade to the latest version and report an issue if the warning persists. To disable these warnings, set -Dmaven.project.sourceRoots.warningsDisabled=true on the command line, in the .mvn/maven.config file, or in project POM properties.
2025-12-12 11:01:54,324 [Worker-40: Building] WARN  o.apache.maven.project.MavenProject - Direct modification of compileSourceRoots through add() is deprecated and will not work in Maven 4.0.0. Please use the add/remove methods instead. If you're using a plugin that causes this warning, please upgrade to the latest version and report an issue if the warning persists. To disable these warnings, set -Dmaven.project.sourceRoots.warningsDisabled=true on the command line, in the .mvn/maven.config file, or in project POM properties.
2025-12-12 11:01:54,325 [Worker-40: Building] WARN  o.apache.maven.project.MavenProject - Direct modification of testCompileSourceRoots through clear() is deprecated and will not work in Maven 4.0.0. Please use the add/remove methods instead. If you're using a plugin that causes this warning, please upgrade to the latest version and report an issue if the warning persists. To disable these warnings, set -Dmaven.project.sourceRoots.warningsDisabled=true on the command line, in the .mvn/maven.config file, or in project POM properties.
2025-12-12 11:01:54,325 [Worker-40: Building] WARN  o.apache.maven.project.MavenProject - Direct modification of testCompileSourceRoots through add() is deprecated and will not work in Maven 4.0.0. Please use the add/remove methods instead. If you're using a plugin that causes this warning, please upgrade to the latest version and report an issue if the warning persists. To disable these warnings, set -Dmaven.project.sourceRoots.warningsDisabled=true on the command line, in the .mvn/maven.config file, or in project POM properties.
2025-12-12 11:02:42,226 [Worker-39: Building] INFO  o.a.m.s.f.DefaultMavenResourcesFiltering - skip non existing resourceDirectory C:\Users\ortiz\OneDrive\Documentos\proyecto\PROYECTO_ORTIZBLANCO_BRUNO\PROYECTO_ORTIZBLANCO_BRUNO\src\main\resources
2025-12-12 11:02:42,226 [Worker-39: Building] INFO  o.a.m.s.f.DefaultMavenResourcesFiltering - skip non existing resourceDirectory C:\Users\ortiz\OneDrive\Documentos\proyecto\PROYECTO_ORTIZBLANCO_BRUNO\PROYECTO_ORTIZBLANCO_BRUNO\src\main\resources
2025-12-12 11:02:42,229 [Worker-39: Building] INFO  o.a.m.s.f.DefaultMavenResourcesFiltering - skip non existing resourceDirectory C:\Users\ortiz\OneDrive\Documentos\proyecto\PROYECTO_ORTIZBLANCO_BRUNO\PROYECTO_ORTIZBLANCO_BRUNO\src\test\resources
2025-12-12 11:02:42,244 [Worker-39: Building] WARN  o.apache.maven.project.MavenProject - Direct modification of compileSourceRoots through clear() is deprecated and will not work in Maven 4.0.0. Please use the add/remove methods instead. If you're using a plugin that causes this warning, please upgrade to the latest version and report an issue if the warning persists. To disable these warnings, set -Dmaven.project.sourceRoots.warningsDisabled=true on the command line, in the .mvn/maven.config file, or in project POM properties.
2025-12-12 11:02:42,245 [Worker-39: Building] WARN  o.apache.maven.project.MavenProject - Direct modification of compileSourceRoots through add() is deprecated and will not work in Maven 4.0.0. Please use the add/remove methods instead. If you're using a plugin that causes this warning, please upgrade to the latest version and report an issue if the warning persists. To disable these warnings, set -Dmaven.project.sourceRoots.warningsDisabled=true on the command line, in the .mvn/maven.config file, or in project POM properties.
2025-12-12 11:02:42,245 [Worker-39: Building] WARN  o.apache.maven.project.MavenProject - Direct modification of testCompileSourceRoots through clear() is deprecated and will not work in Maven 4.0.0. Please use the add/remove methods instead. If you're using a plugin that causes this warning, please upgrade to the latest version and report an issue if the warning persists. To disable these warnings, set -Dmaven.project.sourceRoots.warningsDisabled=true on the command line, in the .mvn/maven.config file, or in project POM properties.
2025-12-12 11:02:42,246 [Worker-39: Building] WARN  o.apache.maven.project.MavenProject - Direct modification of testCompileSourceRoots through add() is deprecated and will not work in Maven 4.0.0. Please use the add/remove methods instead. If you're using a plugin that causes this warning, please upgrade to the latest version and report an issue if the warning persists. To disable these warnings, set -Dmaven.project.sourceRoots.warningsDisabled=true on the command line, in the .mvn/maven.config file, or in project POM properties.
2025-12-12 11:04:00,707 [Worker-41: Building] INFO  o.a.m.s.f.DefaultMavenResourcesFiltering - skip non existing resourceDirectory C:\Users\ortiz\OneDrive\Documentos\proyecto\PROYECTO_ORTIZBLANCO_BRUNO\PROYECTO_ORTIZBLANCO_BRUNO\src\main\resources
2025-12-12 11:04:00,707 [Worker-41: Building] INFO  o.a.m.s.f.DefaultMavenResourcesFiltering - skip non existing resourceDirectory C:\Users\ortiz\OneDrive\Documentos\proyecto\PROYECTO_ORTIZBLANCO_BRUNO\PROYECTO_ORTIZBLANCO_BRUNO\src\main\resources
2025-12-12 11:04:00,709 [Worker-41: Building] INFO  o.a.m.s.f.DefaultMavenResourcesFiltering - skip non existing resourceDirectory C:\Users\ortiz\OneDrive\Documentos\proyecto\PROYECTO_ORTIZBLANCO_BRUNO\PROYECTO_ORTIZBLANCO_BRUNO\src\test\resources
2025-12-12 11:04:00,719 [Worker-41: Building] WARN  o.apache.maven.project.MavenProject - Direct modification of compileSourceRoots through clear() is deprecated and will not work in Maven 4.0.0. Please use the add/remove methods instead. If you're using a plugin that causes this warning, please upgrade to the latest version and report an issue if the warning persists. To disable these warnings, set -Dmaven.project.sourceRoots.warningsDisabled=true on the command line, in the .mvn/maven.config file, or in project POM properties.
2025-12-12 11:04:00,719 [Worker-41: Building] WARN  o.apache.maven.project.MavenProject - Direct modification of compileSourceRoots through add() is deprecated and will not work in Maven 4.0.0. Please use the add/remove methods instead. If you're using a plugin that causes this warning, please upgrade to the latest version and report an issue if the warning persists. To disable these warnings, set -Dmaven.project.sourceRoots.warningsDisabled=true on the command line, in the .mvn/maven.config file, or in project POM properties.
2025-12-12 11:04:00,719 [Worker-41: Building] WARN  o.apache.maven.project.MavenProject - Direct modification of testCompileSourceRoots through clear() is deprecated and will not work in Maven 4.0.0. Please use the add/remove methods instead. If you're using a plugin that causes this warning, please upgrade to the latest version and report an issue if the warning persists. To disable these warnings, set -Dmaven.project.sourceRoots.warningsDisabled=true on the command line, in the .mvn/maven.config file, or in project POM properties.
2025-12-12 11:04:00,720 [Worker-41: Building] WARN  o.apache.maven.project.MavenProject - Direct modification of testCompileSourceRoots through add() is deprecated and will not work in Maven 4.0.0. Please use the add/remove methods instead. If you're using a plugin that causes this warning, please upgrade to the latest version and report an issue if the warning persists. To disable these warnings, set -Dmaven.project.sourceRoots.warningsDisabled=true on the command line, in the .mvn/maven.config file, or in project POM properties.
2025-12-12 11:04:07,303 [Worker-41: Building] INFO  o.a.m.s.f.DefaultMavenResourcesFiltering - skip non existing resourceDirectory C:\Users\ortiz\OneDrive\Documentos\proyecto\PROYECTO_ORTIZBLANCO_BRUNO\PROYECTO_ORTIZBLANCO_BRUNO\src\main\resources
2025-12-12 11:04:07,303 [Worker-41: Building] INFO  o.a.m.s.f.DefaultMavenResourcesFiltering - skip non existing resourceDirectory C:\Users\ortiz\OneDrive\Documentos\proyecto\PROYECTO_ORTIZBLANCO_BRUNO\PROYECTO_ORTIZBLANCO_BRUNO\src\main\resources
2025-12-12 11:04:07,304 [Worker-41: Building] INFO  o.a.m.s.f.DefaultMavenResourcesFiltering - skip non existing resourceDirectory C:\Users\ortiz\OneDrive\Documentos\proyecto\PROYECTO_ORTIZBLANCO_BRUNO\PROYECTO_ORTIZBLANCO_BRUNO\src\test\resources
2025-12-12 11:04:07,313 [Worker-41: Building] WARN  o.apache.maven.project.MavenProject - Direct modification of compileSourceRoots through clear() is deprecated and will not work in Maven 4.0.0. Please use the add/remove methods instead. If you're using a plugin that causes this warning, please upgrade to the latest version and report an issue if the warning persists. To disable these warnings, set -Dmaven.project.sourceRoots.warningsDisabled=true on the command line, in the .mvn/maven.config file, or in project POM properties.
2025-12-12 11:04:07,313 [Worker-41: Building] WARN  o.apache.maven.project.MavenProject - Direct modification of compileSourceRoots through add() is deprecated and will not work in Maven 4.0.0. Please use the add/remove methods instead. If you're using a plugin that causes this warning, please upgrade to the latest version and report an issue if the warning persists. To disable these warnings, set -Dmaven.project.sourceRoots.warningsDisabled=true on the command line, in the .mvn/maven.config file, or in project POM properties.
2025-12-12 11:04:07,314 [Worker-41: Building] WARN  o.apache.maven.project.MavenProject - Direct modification of testCompileSourceRoots through clear() is deprecated and will not work in Maven 4.0.0. Please use the add/remove methods instead. If you're using a plugin that causes this warning, please upgrade to the latest version and report an issue if the warning persists. To disable these warnings, set -Dmaven.project.sourceRoots.warningsDisabled=true on the command line, in the .mvn/maven.config file, or in project POM properties.
2025-12-12 11:04:07,314 [Worker-41: Building] WARN  o.apache.maven.project.MavenProject - Direct modification of testCompileSourceRoots through add() is deprecated and will not work in Maven 4.0.0. Please use the add/remove methods instead. If you're using a plugin that causes this warning, please upgrade to the latest version and report an issue if the warning persists. To disable these warnings, set -Dmaven.project.sourceRoots.warningsDisabled=true on the command line, in the .mvn/maven.config file, or in project POM properties.
2025-12-12 11:04:21,032 [Worker-42: Building] INFO  o.a.m.s.f.DefaultMavenResourcesFiltering - skip non existing resourceDirectory C:\Users\ortiz\OneDrive\Documentos\proyecto\PROYECTO_ORTIZBLANCO_BRUNO\PROYECTO_ORTIZBLANCO_BRUNO\src\main\resources
2025-12-12 11:04:21,032 [Worker-42: Building] INFO  o.a.m.s.f.DefaultMavenResourcesFiltering - skip non existing resourceDirectory C:\Users\ortiz\OneDrive\Documentos\proyecto\PROYECTO_ORTIZBLANCO_BRUNO\PROYECTO_ORTIZBLANCO_BRUNO\src\main\resources
2025-12-12 11:04:21,033 [Worker-42: Building] INFO  o.a.m.s.f.DefaultMavenResourcesFiltering - skip non existing resourceDirectory C:\Users\ortiz\OneDrive\Documentos\proyecto\PROYECTO_ORTIZBLANCO_BRUNO\PROYECTO_ORTIZBLANCO_BRUNO\src\test\resources
2025-12-12 11:04:21,034 [Worker-42: Building] WARN  o.apache.maven.project.MavenProject - Direct modification of compileSourceRoots through clear() is deprecated and will not work in Maven 4.0.0. Please use the add/remove methods instead. If you're using a plugin that causes this warning, please upgrade to the latest version and report an issue if the warning persists. To disable these warnings, set -Dmaven.project.sourceRoots.warningsDisabled=true on the command line, in the .mvn/maven.config file, or in project POM properties.
2025-12-12 11:04:21,034 [Worker-42: Building] WARN  o.apache.maven.project.MavenProject - Direct modification of compileSourceRoots through add() is deprecated and will not work in Maven 4.0.0. Please use the add/remove methods instead. If you're using a plugin that causes this warning, please upgrade to the latest version and report an issue if the warning persists. To disable these warnings, set -Dmaven.project.sourceRoots.warningsDisabled=true on the command line, in the .mvn/maven.config file, or in project POM properties.
2025-12-12 11:04:21,035 [Worker-42: Building] WARN  o.apache.maven.project.MavenProject - Direct modification of testCompileSourceRoots through clear() is deprecated and will not work in Maven 4.0.0. Please use the add/remove methods instead. If you're using a plugin that causes this warning, please upgrade to the latest version and report an issue if the warning persists. To disable these warnings, set -Dmaven.project.sourceRoots.warningsDisabled=true on the command line, in the .mvn/maven.config file, or in project POM properties.
2025-12-12 11:04:21,035 [Worker-42: Building] WARN  o.apache.maven.project.MavenProject - Direct modification of testCompileSourceRoots through add() is deprecated and will not work in Maven 4.0.0. Please use the add/remove methods instead. If you're using a plugin that causes this warning, please upgrade to the latest version and report an issue if the warning persists. To disable these warnings, set -Dmaven.project.sourceRoots.warningsDisabled=true on the command line, in the .mvn/maven.config file, or in project POM properties.
2025-12-12 11:04:24,704 [Worker-36: Building] INFO  o.a.m.s.f.DefaultMavenResourcesFiltering - skip non existing resourceDirectory C:\Users\ortiz\OneDrive\Documentos\proyecto\PROYECTO_ORTIZBLANCO_BRUNO\PROYECTO_ORTIZBLANCO_BRUNO\src\main\resources
2025-12-12 11:04:24,704 [Worker-36: Building] INFO  o.a.m.s.f.DefaultMavenResourcesFiltering - skip non existing resourceDirectory C:\Users\ortiz\OneDrive\Documentos\proyecto\PROYECTO_ORTIZBLANCO_BRUNO\PROYECTO_ORTIZBLANCO_BRUNO\src\main\resources
2025-12-12 11:04:24,706 [Worker-36: Building] INFO  o.a.m.s.f.DefaultMavenResourcesFiltering - skip non existing resourceDirectory C:\Users\ortiz\OneDrive\Documentos\proyecto\PROYECTO_ORTIZBLANCO_BRUNO\PROYECTO_ORTIZBLANCO_BRUNO\src\test\resources
2025-12-12 11:04:24,706 [Worker-36: Building] WARN  o.apache.maven.project.MavenProject - Direct modification of compileSourceRoots through clear() is deprecated and will not work in Maven 4.0.0. Please use the add/remove methods instead. If you're using a plugin that causes this warning, please upgrade to the latest version and report an issue if the warning persists. To disable these warnings, set -Dmaven.project.sourceRoots.warningsDisabled=true on the command line, in the .mvn/maven.config file, or in project POM properties.
2025-12-12 11:04:24,706 [Worker-36: Building] WARN  o.apache.maven.project.MavenProject - Direct modification of compileSourceRoots through add() is deprecated and will not work in Maven 4.0.0. Please use the add/remove methods instead. If you're using a plugin that causes this warning, please upgrade to the latest version and report an issue if the warning persists. To disable these warnings, set -Dmaven.project.sourceRoots.warningsDisabled=true on the command line, in the .mvn/maven.config file, or in project POM properties.
2025-12-12 11:04:24,707 [Worker-36: Building] WARN  o.apache.maven.project.MavenProject - Direct modification of testCompileSourceRoots through clear() is deprecated and will not work in Maven 4.0.0. Please use the add/remove methods instead. If you're using a plugin that causes this warning, please upgrade to the latest version and report an issue if the warning persists. To disable these warnings, set -Dmaven.project.sourceRoots.warningsDisabled=true on the command line, in the .mvn/maven.config file, or in project POM properties.
2025-12-12 11:04:24,707 [Worker-36: Building] WARN  o.apache.maven.project.MavenProject - Direct modification of testCompileSourceRoots through add() is deprecated and will not work in Maven 4.0.0. Please use the add/remove methods instead. If you're using a plugin that causes this warning, please upgrade to the latest version and report an issue if the warning persists. To disable these warnings, set -Dmaven.project.sourceRoots.warningsDisabled=true on the command line, in the .mvn/maven.config file, or in project POM properties.
2025-12-12 11:04:47,776 [Worker-36: Building] INFO  o.a.m.s.f.DefaultMavenResourcesFiltering - skip non existing resourceDirectory C:\Users\ortiz\OneDrive\Documentos\proyecto\PROYECTO_ORTIZBLANCO_BRUNO\PROYECTO_ORTIZBLANCO_BRUNO\src\main\resources
2025-12-12 11:04:47,776 [Worker-36: Building] INFO  o.a.m.s.f.DefaultMavenResourcesFiltering - skip non existing resourceDirectory C:\Users\ortiz\OneDrive\Documentos\proyecto\PROYECTO_ORTIZBLANCO_BRUNO\PROYECTO_ORTIZBLANCO_BRUNO\src\main\resources
2025-12-12 11:04:47,777 [Worker-36: Building] INFO  o.a.m.s.f.DefaultMavenResourcesFiltering - skip non existing resourceDirectory C:\Users\ortiz\OneDrive\Documentos\proyecto\PROYECTO_ORTIZBLANCO_BRUNO\PROYECTO_ORTIZBLANCO_BRUNO\src\test\resources
2025-12-12 11:04:47,778 [Worker-36: Building] WARN  o.apache.maven.project.MavenProject - Direct modification of compileSourceRoots through clear() is deprecated and will not work in Maven 4.0.0. Please use the add/remove methods instead. If you're using a plugin that causes this warning, please upgrade to the latest version and report an issue if the warning persists. To disable these warnings, set -Dmaven.project.sourceRoots.warningsDisabled=true on the command line, in the .mvn/maven.config file, or in project POM properties.
2025-12-12 11:04:47,778 [Worker-36: Building] WARN  o.apache.maven.project.MavenProject - Direct modification of compileSourceRoots through add() is deprecated and will not work in Maven 4.0.0. Please use the add/remove methods instead. If you're using a plugin that causes this warning, please upgrade to the latest version and report an issue if the warning persists. To disable these warnings, set -Dmaven.project.sourceRoots.warningsDisabled=true on the command line, in the .mvn/maven.config file, or in project POM properties.
2025-12-12 11:04:47,779 [Worker-36: Building] WARN  o.apache.maven.project.MavenProject - Direct modification of testCompileSourceRoots through clear() is deprecated and will not work in Maven 4.0.0. Please use the add/remove methods instead. If you're using a plugin that causes this warning, please upgrade to the latest version and report an issue if the warning persists. To disable these warnings, set -Dmaven.project.sourceRoots.warningsDisabled=true on the command line, in the .mvn/maven.config file, or in project POM properties.
2025-12-12 11:04:47,779 [Worker-36: Building] WARN  o.apache.maven.project.MavenProject - Direct modification of testCompileSourceRoots through add() is deprecated and will not work in Maven 4.0.0. Please use the add/remove methods instead. If you're using a plugin that causes this warning, please upgrade to the latest version and report an issue if the warning persists. To disable these warnings, set -Dmaven.project.sourceRoots.warningsDisabled=true on the command line, in the .mvn/maven.config file, or in project POM properties.
2025-12-12 11:04:51,765 [Worker-36: Building] INFO  o.a.m.s.f.DefaultMavenResourcesFiltering - skip non existing resourceDirectory C:\Users\ortiz\OneDrive\Documentos\proyecto\PROYECTO_ORTIZBLANCO_BRUNO\PROYECTO_ORTIZBLANCO_BRUNO\src\main\resources
2025-12-12 11:04:51,766 [Worker-36: Building] INFO  o.a.m.s.f.DefaultMavenResourcesFiltering - skip non existing resourceDirectory C:\Users\ortiz\OneDrive\Documentos\proyecto\PROYECTO_ORTIZBLANCO_BRUNO\PROYECTO_ORTIZBLANCO_BRUNO\src\main\resources
2025-12-12 11:04:51,767 [Worker-36: Building] INFO  o.a.m.s.f.DefaultMavenResourcesFiltering - skip non existing resourceDirectory C:\Users\ortiz\OneDrive\Documentos\proyecto\PROYECTO_ORTIZBLANCO_BRUNO\PROYECTO_ORTIZBLANCO_BRUNO\src\test\resources
2025-12-12 11:04:51,768 [Worker-36: Building] WARN  o.apache.maven.project.MavenProject - Direct modification of compileSourceRoots through clear() is deprecated and will not work in Maven 4.0.0. Please use the add/remove methods instead. If you're using a plugin that causes this warning, please upgrade to the latest version and report an issue if the warning persists. To disable these warnings, set -Dmaven.project.sourceRoots.warningsDisabled=true on the command line, in the .mvn/maven.config file, or in project POM properties.
2025-12-12 11:04:51,768 [Worker-36: Building] WARN  o.apache.maven.project.MavenProject - Direct modification of compileSourceRoots through add() is deprecated and will not work in Maven 4.0.0. Please use the add/remove methods instead. If you're using a plugin that causes this warning, please upgrade to the latest version and report an issue if the warning persists. To disable these warnings, set -Dmaven.project.sourceRoots.warningsDisabled=true on the command line, in the .mvn/maven.config file, or in project POM properties.
2025-12-12 11:04:51,768 [Worker-36: Building] WARN  o.apache.maven.project.MavenProject - Direct modification of testCompileSourceRoots through clear() is deprecated and will not work in Maven 4.0.0. Please use the add/remove methods instead. If you're using a plugin that causes this warning, please upgrade to the latest version and report an issue if the warning persists. To disable these warnings, set -Dmaven.project.sourceRoots.warningsDisabled=true on the command line, in the .mvn/maven.config file, or in project POM properties.
2025-12-12 11:04:51,768 [Worker-36: Building] WARN  o.apache.maven.project.MavenProject - Direct modification of testCompileSourceRoots through add() is deprecated and will not work in Maven 4.0.0. Please use the add/remove methods instead. If you're using a plugin that causes this warning, please upgrade to the latest version and report an issue if the warning persists. To disable these warnings, set -Dmaven.project.sourceRoots.warningsDisabled=true on the command line, in the .mvn/maven.config file, or in project POM properties.
2025-12-12 11:04:58,639 [Worker-40: Building] INFO  o.a.m.s.f.DefaultMavenResourcesFiltering - skip non existing resourceDirectory C:\Users\ortiz\OneDrive\Documentos\proyecto\PROYECTO_ORTIZBLANCO_BRUNO\PROYECTO_ORTIZBLANCO_BRUNO\src\main\resources
2025-12-12 11:04:58,639 [Worker-40: Building] INFO  o.a.m.s.f.DefaultMavenResourcesFiltering - skip non existing resourceDirectory C:\Users\ortiz\OneDrive\Documentos\proyecto\PROYECTO_ORTIZBLANCO_BRUNO\PROYECTO_ORTIZBLANCO_BRUNO\src\main\resources
2025-12-12 11:04:58,641 [Worker-40: Building] INFO  o.a.m.s.f.DefaultMavenResourcesFiltering - skip non existing resourceDirectory C:\Users\ortiz\OneDrive\Documentos\proyecto\PROYECTO_ORTIZBLANCO_BRUNO\PROYECTO_ORTIZBLANCO_BRUNO\src\test\resources
2025-12-12 11:04:58,656 [Worker-40: Building] WARN  o.apache.maven.project.MavenProject - Direct modification of compileSourceRoots through clear() is deprecated and will not work in Maven 4.0.0. Please use the add/remove methods instead. If you're using a plugin that causes this warning, please upgrade to the latest version and report an issue if the warning persists. To disable these warnings, set -Dmaven.project.sourceRoots.warningsDisabled=true on the command line, in the .mvn/maven.config file, or in project POM properties.
2025-12-12 11:04:58,657 [Worker-40: Building] WARN  o.apache.maven.project.MavenProject - Direct modification of compileSourceRoots through add() is deprecated and will not work in Maven 4.0.0. Please use the add/remove methods instead. If you're using a plugin that causes this warning, please upgrade to the latest version and report an issue if the warning persists. To disable these warnings, set -Dmaven.project.sourceRoots.warningsDisabled=true on the command line, in the .mvn/maven.config file, or in project POM properties.
2025-12-12 11:04:58,657 [Worker-40: Building] WARN  o.apache.maven.project.MavenProject - Direct modification of testCompileSourceRoots through clear() is deprecated and will not work in Maven 4.0.0. Please use the add/remove methods instead. If you're using a plugin that causes this warning, please upgrade to the latest version and report an issue if the warning persists. To disable these warnings, set -Dmaven.project.sourceRoots.warningsDisabled=true on the command line, in the .mvn/maven.config file, or in project POM properties.
2025-12-12 11:04:58,657 [Worker-40: Building] WARN  o.apache.maven.project.MavenProject - Direct modification of testCompileSourceRoots through add() is deprecated and will not work in Maven 4.0.0. Please use the add/remove methods instead. If you're using a plugin that causes this warning, please upgrade to the latest version and report an issue if the warning persists. To disable these warnings, set -Dmaven.project.sourceRoots.warningsDisabled=true on the command line, in the .mvn/maven.config file, or in project POM properties.
2025-12-12 11:05:09,394 [Worker-40: Building] INFO  o.a.m.s.f.DefaultMavenResourcesFiltering - skip non existing resourceDirectory C:\Users\ortiz\OneDrive\Documentos\proyecto\PROYECTO_ORTIZBLANCO_BRUNO\PROYECTO_ORTIZBLANCO_BRUNO\src\main\resources
2025-12-12 11:05:09,394 [Worker-40: Building] INFO  o.a.m.s.f.DefaultMavenResourcesFiltering - skip non existing resourceDirectory C:\Users\ortiz\OneDrive\Documentos\proyecto\PROYECTO_ORTIZBLANCO_BRUNO\PROYECTO_ORTIZBLANCO_BRUNO\src\main\resources
2025-12-12 11:05:09,395 [Worker-40: Building] INFO  o.a.m.s.f.DefaultMavenResourcesFiltering - skip non existing resourceDirectory C:\Users\ortiz\OneDrive\Documentos\proyecto\PROYECTO_ORTIZBLANCO_BRUNO\PROYECTO_ORTIZBLANCO_BRUNO\src\test\resources
2025-12-12 11:05:09,396 [Worker-40: Building] WARN  o.apache.maven.project.MavenProject - Direct modification of compileSourceRoots through clear() is deprecated and will not work in Maven 4.0.0. Please use the add/remove methods instead. If you're using a plugin that causes this warning, please upgrade to the latest version and report an issue if the warning persists. To disable these warnings, set -Dmaven.project.sourceRoots.warningsDisabled=true on the command line, in the .mvn/maven.config file, or in project POM properties.
2025-12-12 11:05:09,396 [Worker-40: Building] WARN  o.apache.maven.project.MavenProject - Direct modification of compileSourceRoots through add() is deprecated and will not work in Maven 4.0.0. Please use the add/remove methods instead. If you're using a plugin that causes this warning, please upgrade to the latest version and report an issue if the warning persists. To disable these warnings, set -Dmaven.project.sourceRoots.warningsDisabled=true on the command line, in the .mvn/maven.config file, or in project POM properties.
2025-12-12 11:05:09,397 [Worker-40: Building] WARN  o.apache.maven.project.MavenProject - Direct modification of testCompileSourceRoots through clear() is deprecated and will not work in Maven 4.0.0. Please use the add/remove methods instead. If you're using a plugin that causes this warning, please upgrade to the latest version and report an issue if the warning persists. To disable these warnings, set -Dmaven.project.sourceRoots.warningsDisabled=true on the command line, in the .mvn/maven.config file, or in project POM properties.
2025-12-12 11:05:09,397 [Worker-40: Building] WARN  o.apache.maven.project.MavenProject - Direct modification of testCompileSourceRoots through add() is deprecated and will not work in Maven 4.0.0. Please use the add/remove methods instead. If you're using a plugin that causes this warning, please upgrade to the latest version and report an issue if the warning persists. To disable these warnings, set -Dmaven.project.sourceRoots.warningsDisabled=true on the command line, in the .mvn/maven.config file, or in project POM properties.
2025-12-12 11:05:26,668 [Worker-36: Building] INFO  o.a.m.s.f.DefaultMavenResourcesFiltering - skip non existing resourceDirectory C:\Users\ortiz\OneDrive\Documentos\proyecto\PROYECTO_ORTIZBLANCO_BRUNO\PROYECTO_ORTIZBLANCO_BRUNO\src\main\resources
2025-12-12 11:05:26,668 [Worker-36: Building] INFO  o.a.m.s.f.DefaultMavenResourcesFiltering - skip non existing resourceDirectory C:\Users\ortiz\OneDrive\Documentos\proyecto\PROYECTO_ORTIZBLANCO_BRUNO\PROYECTO_ORTIZBLANCO_BRUNO\src\main\resources
2025-12-12 11:05:26,669 [Worker-36: Building] INFO  o.a.m.s.f.DefaultMavenResourcesFiltering - skip non existing resourceDirectory C:\Users\ortiz\OneDrive\Documentos\proyecto\PROYECTO_ORTIZBLANCO_BRUNO\PROYECTO_ORTIZBLANCO_BRUNO\src\test\resources
2025-12-12 11:05:26,670 [Worker-36: Building] WARN  o.apache.maven.project.MavenProject - Direct modification of compileSourceRoots through clear() is deprecated and will not work in Maven 4.0.0. Please use the add/remove methods instead. If you're using a plugin that causes this warning, please upgrade to the latest version and report an issue if the warning persists. To disable these warnings, set -Dmaven.project.sourceRoots.warningsDisabled=true on the command line, in the .mvn/maven.config file, or in project POM properties.
2025-12-12 11:05:26,670 [Worker-36: Building] WARN  o.apache.maven.project.MavenProject - Direct modification of compileSourceRoots through add() is deprecated and will not work in Maven 4.0.0. Please use the add/remove methods instead. If you're using a plugin that causes this warning, please upgrade to the latest version and report an issue if the warning persists. To disable these warnings, set -Dmaven.project.sourceRoots.warningsDisabled=true on the command line, in the .mvn/maven.config file, or in project POM properties.
2025-12-12 11:05:26,670 [Worker-36: Building] WARN  o.apache.maven.project.MavenProject - Direct modification of testCompileSourceRoots through clear() is deprecated and will not work in Maven 4.0.0. Please use the add/remove methods instead. If you're using a plugin that causes this warning, please upgrade to the latest version and report an issue if the warning persists. To disable these warnings, set -Dmaven.project.sourceRoots.warningsDisabled=true on the command line, in the .mvn/maven.config file, or in project POM properties.
2025-12-12 11:05:26,671 [Worker-36: Building] WARN  o.apache.maven.project.MavenProject - Direct modification of testCompileSourceRoots through add() is deprecated and will not work in Maven 4.0.0. Please use the add/remove methods instead. If you're using a plugin that causes this warning, please upgrade to the latest version and report an issue if the warning persists. To disable these warnings, set -Dmaven.project.sourceRoots.warningsDisabled=true on the command line, in the .mvn/maven.config file, or in project POM properties.
2025-12-12 11:05:36,070 [Worker-36: Building] INFO  o.a.m.s.f.DefaultMavenResourcesFiltering - skip non existing resourceDirectory C:\Users\ortiz\OneDrive\Documentos\proyecto\PROYECTO_ORTIZBLANCO_BRUNO\PROYECTO_ORTIZBLANCO_BRUNO\src\main\resources
2025-12-12 11:05:36,070 [Worker-36: Building] INFO  o.a.m.s.f.DefaultMavenResourcesFiltering - skip non existing resourceDirectory C:\Users\ortiz\OneDrive\Documentos\proyecto\PROYECTO_ORTIZBLANCO_BRUNO\PROYECTO_ORTIZBLANCO_BRUNO\src\main\resources
2025-12-12 11:05:36,072 [Worker-36: Building] INFO  o.a.m.s.f.DefaultMavenResourcesFiltering - skip non existing resourceDirectory C:\Users\ortiz\OneDrive\Documentos\proyecto\PROYECTO_ORTIZBLANCO_BRUNO\PROYECTO_ORTIZBLANCO_BRUNO\src\test\resources
2025-12-12 11:05:36,072 [Worker-36: Building] WARN  o.apache.maven.project.MavenProject - Direct modification of compileSourceRoots through clear() is deprecated and will not work in Maven 4.0.0. Please use the add/remove methods instead. If you're using a plugin that causes this warning, please upgrade to the latest version and report an issue if the warning persists. To disable these warnings, set -Dmaven.project.sourceRoots.warningsDisabled=true on the command line, in the .mvn/maven.config file, or in project POM properties.
2025-12-12 11:05:36,073 [Worker-36: Building] WARN  o.apache.maven.project.MavenProject - Direct modification of compileSourceRoots through add() is deprecated and will not work in Maven 4.0.0. Please use the add/remove methods instead. If you're using a plugin that causes this warning, please upgrade to the latest version and report an issue if the warning persists. To disable these warnings, set -Dmaven.project.sourceRoots.warningsDisabled=true on the command line, in the .mvn/maven.config file, or in project POM properties.
2025-12-12 11:05:36,073 [Worker-36: Building] WARN  o.apache.maven.project.MavenProject - Direct modification of testCompileSourceRoots through clear() is deprecated and will not work in Maven 4.0.0. Please use the add/remove methods instead. If you're using a plugin that causes this warning, please upgrade to the latest version and report an issue if the warning persists. To disable these warnings, set -Dmaven.project.sourceRoots.warningsDisabled=true on the command line, in the .mvn/maven.config file, or in project POM properties.
2025-12-12 11:05:36,073 [Worker-36: Building] WARN  o.apache.maven.project.MavenProject - Direct modification of testCompileSourceRoots through add() is deprecated and will not work in Maven 4.0.0. Please use the add/remove methods instead. If you're using a plugin that causes this warning, please upgrade to the latest version and report an issue if the warning persists. To disable these warnings, set -Dmaven.project.sourceRoots.warningsDisabled=true on the command line, in the .mvn/maven.config file, or in project POM properties.
2025-12-12 11:05:45,333 [Worker-43: Building] INFO  o.a.m.s.f.DefaultMavenResourcesFiltering - skip non existing resourceDirectory C:\Users\ortiz\OneDrive\Documentos\proyecto\PROYECTO_ORTIZBLANCO_BRUNO\PROYECTO_ORTIZBLANCO_BRUNO\src\main\resources
2025-12-12 11:05:45,333 [Worker-43: Building] INFO  o.a.m.s.f.DefaultMavenResourcesFiltering - skip non existing resourceDirectory C:\Users\ortiz\OneDrive\Documentos\proyecto\PROYECTO_ORTIZBLANCO_BRUNO\PROYECTO_ORTIZBLANCO_BRUNO\src\main\resources
2025-12-12 11:05:45,333 [Worker-43: Building] INFO  o.a.m.s.f.DefaultMavenResourcesFiltering - skip non existing resourceDirectory C:\Users\ortiz\OneDrive\Documentos\proyecto\PROYECTO_ORTIZBLANCO_BRUNO\PROYECTO_ORTIZBLANCO_BRUNO\src\test\resources
2025-12-12 11:05:45,333 [Worker-43: Building] WARN  o.apache.maven.project.MavenProject - Direct modification of compileSourceRoots through clear() is deprecated and will not work in Maven 4.0.0. Please use the add/remove methods instead. If you're using a plugin that causes this warning, please upgrade to the latest version and report an issue if the warning persists. To disable these warnings, set -Dmaven.project.sourceRoots.warningsDisabled=true on the command line, in the .mvn/maven.config file, or in project POM properties.
2025-12-12 11:05:45,334 [Worker-43: Building] WARN  o.apache.maven.project.MavenProject - Direct modification of compileSourceRoots through add() is deprecated and will not work in Maven 4.0.0. Please use the add/remove methods instead. If you're using a plugin that causes this warning, please upgrade to the latest version and report an issue if the warning persists. To disable these warnings, set -Dmaven.project.sourceRoots.warningsDisabled=true on the command line, in the .mvn/maven.config file, or in project POM properties.
2025-12-12 11:05:45,334 [Worker-43: Building] WARN  o.apache.maven.project.MavenProject - Direct modification of testCompileSourceRoots through clear() is deprecated and will not work in Maven 4.0.0. Please use the add/remove methods instead. If you're using a plugin that causes this warning, please upgrade to the latest version and report an issue if the warning persists. To disable these warnings, set -Dmaven.project.sourceRoots.warningsDisabled=true on the command line, in the .mvn/maven.config file, or in project POM properties.
2025-12-12 11:05:45,334 [Worker-43: Building] WARN  o.apache.maven.project.MavenProject - Direct modification of testCompileSourceRoots through add() is deprecated and will not work in Maven 4.0.0. Please use the add/remove methods instead. If you're using a plugin that causes this warning, please upgrade to the latest version and report an issue if the warning persists. To disable these warnings, set -Dmaven.project.sourceRoots.warningsDisabled=true on the command line, in the .mvn/maven.config file, or in project POM properties.
2025-12-12 11:05:48,249 [Worker-43: Building] INFO  o.a.m.s.f.DefaultMavenResourcesFiltering - skip non existing resourceDirectory C:\Users\ortiz\OneDrive\Documentos\proyecto\PROYECTO_ORTIZBLANCO_BRUNO\PROYECTO_ORTIZBLANCO_BRUNO\src\main\resources
2025-12-12 11:05:48,249 [Worker-43: Building] INFO  o.a.m.s.f.DefaultMavenResourcesFiltering - skip non existing resourceDirectory C:\Users\ortiz\OneDrive\Documentos\proyecto\PROYECTO_ORTIZBLANCO_BRUNO\PROYECTO_ORTIZBLANCO_BRUNO\src\main\resources
2025-12-12 11:05:48,250 [Worker-43: Building] INFO  o.a.m.s.f.DefaultMavenResourcesFiltering - skip non existing resourceDirectory C:\Users\ortiz\OneDrive\Documentos\proyecto\PROYECTO_ORTIZBLANCO_BRUNO\PROYECTO_ORTIZBLANCO_BRUNO\src\test\resources
2025-12-12 11:05:48,261 [Worker-43: Building] WARN  o.apache.maven.project.MavenProject - Direct modification of compileSourceRoots through clear() is deprecated and will not work in Maven 4.0.0. Please use the add/remove methods instead. If you're using a plugin that causes this warning, please upgrade to the latest version and report an issue if the warning persists. To disable these warnings, set -Dmaven.project.sourceRoots.warningsDisabled=true on the command line, in the .mvn/maven.config file, or in project POM properties.
2025-12-12 11:05:48,261 [Worker-43: Building] WARN  o.apache.maven.project.MavenProject - Direct modification of compileSourceRoots through add() is deprecated and will not work in Maven 4.0.0. Please use the add/remove methods instead. If you're using a plugin that causes this warning, please upgrade to the latest version and report an issue if the warning persists. To disable these warnings, set -Dmaven.project.sourceRoots.warningsDisabled=true on the command line, in the .mvn/maven.config file, or in project POM properties.
2025-12-12 11:05:48,261 [Worker-43: Building] WARN  o.apache.maven.project.MavenProject - Direct modification of testCompileSourceRoots through clear() is deprecated and will not work in Maven 4.0.0. Please use the add/remove methods instead. If you're using a plugin that causes this warning, please upgrade to the latest version and report an issue if the warning persists. To disable these warnings, set -Dmaven.project.sourceRoots.warningsDisabled=true on the command line, in the .mvn/maven.config file, or in project POM properties.
2025-12-12 11:05:48,262 [Worker-43: Building] WARN  o.apache.maven.project.MavenProject - Direct modification of testCompileSourceRoots through add() is deprecated and will not work in Maven 4.0.0. Please use the add/remove methods instead. If you're using a plugin that causes this warning, please upgrade to the latest version and report an issue if the warning persists. To disable these warnings, set -Dmaven.project.sourceRoots.warningsDisabled=true on the command line, in the .mvn/maven.config file, or in project POM properties.
2025-12-12 11:05:52,633 [Worker-42: Building] INFO  o.a.m.s.f.DefaultMavenResourcesFiltering - skip non existing resourceDirectory C:\Users\ortiz\OneDrive\Documentos\proyecto\PROYECTO_ORTIZBLANCO_BRUNO\PROYECTO_ORTIZBLANCO_BRUNO\src\main\resources
2025-12-12 11:05:52,633 [Worker-42: Building] INFO  o.a.m.s.f.DefaultMavenResourcesFiltering - skip non existing resourceDirectory C:\Users\ortiz\OneDrive\Documentos\proyecto\PROYECTO_ORTIZBLANCO_BRUNO\PROYECTO_ORTIZBLANCO_BRUNO\src\main\resources
2025-12-12 11:05:52,635 [Worker-42: Building] INFO  o.a.m.s.f.DefaultMavenResourcesFiltering - skip non existing resourceDirectory C:\Users\ortiz\OneDrive\Documentos\proyecto\PROYECTO_ORTIZBLANCO_BRUNO\PROYECTO_ORTIZBLANCO_BRUNO\src\test\resources
2025-12-12 11:05:52,645 [Worker-42: Building] WARN  o.apache.maven.project.MavenProject - Direct modification of compileSourceRoots through clear() is deprecated and will not work in Maven 4.0.0. Please use the add/remove methods instead. If you're using a plugin that causes this warning, please upgrade to the latest version and report an issue if the warning persists. To disable these warnings, set -Dmaven.project.sourceRoots.warningsDisabled=true on the command line, in the .mvn/maven.config file, or in project POM properties.
2025-12-12 11:05:52,645 [Worker-42: Building] WARN  o.apache.maven.project.MavenProject - Direct modification of compileSourceRoots through add() is deprecated and will not work in Maven 4.0.0. Please use the add/remove methods instead. If you're using a plugin that causes this warning, please upgrade to the latest version and report an issue if the warning persists. To disable these warnings, set -Dmaven.project.sourceRoots.warningsDisabled=true on the command line, in the .mvn/maven.config file, or in project POM properties.
2025-12-12 11:05:52,645 [Worker-42: Building] WARN  o.apache.maven.project.MavenProject - Direct modification of testCompileSourceRoots through clear() is deprecated and will not work in Maven 4.0.0. Please use the add/remove methods instead. If you're using a plugin that causes this warning, please upgrade to the latest version and report an issue if the warning persists. To disable these warnings, set -Dmaven.project.sourceRoots.warningsDisabled=true on the command line, in the .mvn/maven.config file, or in project POM properties.
2025-12-12 11:05:52,645 [Worker-42: Building] WARN  o.apache.maven.project.MavenProject - Direct modification of testCompileSourceRoots through add() is deprecated and will not work in Maven 4.0.0. Please use the add/remove methods instead. If you're using a plugin that causes this warning, please upgrade to the latest version and report an issue if the warning persists. To disable these warnings, set -Dmaven.project.sourceRoots.warningsDisabled=true on the command line, in the .mvn/maven.config file, or in project POM properties.
2025-12-12 11:06:04,989 [Worker-42: Building] INFO  o.a.m.s.f.DefaultMavenResourcesFiltering - skip non existing resourceDirectory C:\Users\ortiz\OneDrive\Documentos\proyecto\PROYECTO_ORTIZBLANCO_BRUNO\PROYECTO_ORTIZBLANCO_BRUNO\src\main\resources
2025-12-12 11:06:04,989 [Worker-42: Building] INFO  o.a.m.s.f.DefaultMavenResourcesFiltering - skip non existing resourceDirectory C:\Users\ortiz\OneDrive\Documentos\proyecto\PROYECTO_ORTIZBLANCO_BRUNO\PROYECTO_ORTIZBLANCO_BRUNO\src\main\resources
2025-12-12 11:06:04,990 [Worker-42: Building] INFO  o.a.m.s.f.DefaultMavenResourcesFiltering - skip non existing resourceDirectory C:\Users\ortiz\OneDrive\Documentos\proyecto\PROYECTO_ORTIZBLANCO_BRUNO\PROYECTO_ORTIZBLANCO_BRUNO\src\test\resources
2025-12-12 11:06:04,991 [Worker-42: Building] WARN  o.apache.maven.project.MavenProject - Direct modification of compileSourceRoots through clear() is deprecated and will not work in Maven 4.0.0. Please use the add/remove methods instead. If you're using a plugin that causes this warning, please upgrade to the latest version and report an issue if the warning persists. To disable these warnings, set -Dmaven.project.sourceRoots.warningsDisabled=true on the command line, in the .mvn/maven.config file, or in project POM properties.
2025-12-12 11:06:04,991 [Worker-42: Building] WARN  o.apache.maven.project.MavenProject - Direct modification of compileSourceRoots through add() is deprecated and will not work in Maven 4.0.0. Please use the add/remove methods instead. If you're using a plugin that causes this warning, please upgrade to the latest version and report an issue if the warning persists. To disable these warnings, set -Dmaven.project.sourceRoots.warningsDisabled=true on the command line, in the .mvn/maven.config file, or in project POM properties.
2025-12-12 11:06:04,991 [Worker-42: Building] WARN  o.apache.maven.project.MavenProject - Direct modification of testCompileSourceRoots through clear() is deprecated and will not work in Maven 4.0.0. Please use the add/remove methods instead. If you're using a plugin that causes this warning, please upgrade to the latest version and report an issue if the warning persists. To disable these warnings, set -Dmaven.project.sourceRoots.warningsDisabled=true on the command line, in the .mvn/maven.config file, or in project POM properties.
2025-12-12 11:06:04,992 [Worker-42: Building] WARN  o.apache.maven.project.MavenProject - Direct modification of testCompileSourceRoots through add() is deprecated and will not work in Maven 4.0.0. Please use the add/remove methods instead. If you're using a plugin that causes this warning, please upgrade to the latest version and report an issue if the warning persists. To disable these warnings, set -Dmaven.project.sourceRoots.warningsDisabled=true on the command line, in the .mvn/maven.config file, or in project POM properties.
2025-12-12 11:06:32,303 [Worker-40: Building] INFO  o.e.m.c.i.l.LifecycleMappingFactory - Using org.eclipse.m2e.jdt.JarLifecycleMapping lifecycle mapping for MavenProject: dev.brunob:PROYECTO_ORTIZBLANCO_BRUNO:0.0.1-SNAPSHOT @ C:\Users\ortiz\OneDrive\Documentos\proyecto\PROYECTO_ORTIZBLANCO_BRUNO\PROYECTO_ORTIZBLANCO_BRUNO\pom.xml.
2025-12-12 11:06:32,756 [Worker-40: Building] INFO  o.a.m.s.f.DefaultMavenResourcesFiltering - skip non existing resourceDirectory C:\Users\ortiz\OneDrive\Documentos\proyecto\PROYECTO_ORTIZBLANCO_BRUNO\PROYECTO_ORTIZBLANCO_BRUNO\src\main\resources
2025-12-12 11:06:32,756 [Worker-40: Building] INFO  o.a.m.s.f.DefaultMavenResourcesFiltering - skip non existing resourceDirectory C:\Users\ortiz\OneDrive\Documentos\proyecto\PROYECTO_ORTIZBLANCO_BRUNO\PROYECTO_ORTIZBLANCO_BRUNO\src\main\resources
2025-12-12 11:06:32,759 [Worker-40: Building] INFO  o.a.m.s.f.DefaultMavenResourcesFiltering - skip non existing resourceDirectory C:\Users\ortiz\OneDrive\Documentos\proyecto\PROYECTO_ORTIZBLANCO_BRUNO\PROYECTO_ORTIZBLANCO_BRUNO\src\test\resources
2025-12-12 11:06:32,971 [Worker-40: Building] WARN  o.apache.maven.project.MavenProject - Direct modification of compileSourceRoots through clear() is deprecated and will not work in Maven 4.0.0. Please use the add/remove methods instead. If you're using a plugin that causes this warning, please upgrade to the latest version and report an issue if the warning persists. To disable these warnings, set -Dmaven.project.sourceRoots.warningsDisabled=true on the command line, in the .mvn/maven.config file, or in project POM properties.
2025-12-12 11:06:32,972 [Worker-40: Building] WARN  o.apache.maven.project.MavenProject - Direct modification of compileSourceRoots through add() is deprecated and will not work in Maven 4.0.0. Please use the add/remove methods instead. If you're using a plugin that causes this warning, please upgrade to the latest version and report an issue if the warning persists. To disable these warnings, set -Dmaven.project.sourceRoots.warningsDisabled=true on the command line, in the .mvn/maven.config file, or in project POM properties.
2025-12-12 11:06:32,972 [Worker-40: Building] WARN  o.apache.maven.project.MavenProject - Direct modification of testCompileSourceRoots through clear() is deprecated and will not work in Maven 4.0.0. Please use the add/remove methods instead. If you're using a plugin that causes this warning, please upgrade to the latest version and report an issue if the warning persists. To disable these warnings, set -Dmaven.project.sourceRoots.warningsDisabled=true on the command line, in the .mvn/maven.config file, or in project POM properties.
2025-12-12 11:06:32,973 [Worker-40: Building] WARN  o.apache.maven.project.MavenProject - Direct modification of testCompileSourceRoots through add() is deprecated and will not work in Maven 4.0.0. Please use the add/remove methods instead. If you're using a plugin that causes this warning, please upgrade to the latest version and report an issue if the warning persists. To disable these warnings, set -Dmaven.project.sourceRoots.warningsDisabled=true on the command line, in the .mvn/maven.config file, or in project POM properties.
2025-12-12 11:08:35,666 [Worker-41: Building] INFO  o.a.m.s.f.DefaultMavenResourcesFiltering - skip non existing resourceDirectory C:\Users\ortiz\OneDrive\Documentos\proyecto\PROYECTO_ORTIZBLANCO_BRUNO\PROYECTO_ORTIZBLANCO_BRUNO\src\main\resources
2025-12-12 11:08:35,666 [Worker-41: Building] INFO  o.a.m.s.f.DefaultMavenResourcesFiltering - skip non existing resourceDirectory C:\Users\ortiz\OneDrive\Documentos\proyecto\PROYECTO_ORTIZBLANCO_BRUNO\PROYECTO_ORTIZBLANCO_BRUNO\src\main\resources
2025-12-12 11:08:35,667 [Worker-41: Building] INFO  o.a.m.s.f.DefaultMavenResourcesFiltering - skip non existing resourceDirectory C:\Users\ortiz\OneDrive\Documentos\proyecto\PROYECTO_ORTIZBLANCO_BRUNO\PROYECTO_ORTIZBLANCO_BRUNO\src\test\resources
2025-12-12 11:08:35,667 [Worker-41: Building] WARN  o.apache.maven.project.MavenProject - Direct modification of compileSourceRoots through clear() is deprecated and will not work in Maven 4.0.0. Please use the add/remove methods instead. If you're using a plugin that causes this warning, please upgrade to the latest version and report an issue if the warning persists. To disable these warnings, set -Dmaven.project.sourceRoots.warningsDisabled=true on the command line, in the .mvn/maven.config file, or in project POM properties.
2025-12-12 11:08:35,668 [Worker-41: Building] WARN  o.apache.maven.project.MavenProject - Direct modification of compileSourceRoots through add() is deprecated and will not work in Maven 4.0.0. Please use the add/remove methods instead. If you're using a plugin that causes this warning, please upgrade to the latest version and report an issue if the warning persists. To disable these warnings, set -Dmaven.project.sourceRoots.warningsDisabled=true on the command line, in the .mvn/maven.config file, or in project POM properties.
2025-12-12 11:08:35,668 [Worker-41: Building] WARN  o.apache.maven.project.MavenProject - Direct modification of testCompileSourceRoots through clear() is deprecated and will not work in Maven 4.0.0. Please use the add/remove methods instead. If you're using a plugin that causes this warning, please upgrade to the latest version and report an issue if the warning persists. To disable these warnings, set -Dmaven.project.sourceRoots.warningsDisabled=true on the command line, in the .mvn/maven.config file, or in project POM properties.
2025-12-12 11:08:35,668 [Worker-41: Building] WARN  o.apache.maven.project.MavenProject - Direct modification of testCompileSourceRoots through add() is deprecated and will not work in Maven 4.0.0. Please use the add/remove methods instead. If you're using a plugin that causes this warning, please upgrade to the latest version and report an issue if the warning persists. To disable these warnings, set -Dmaven.project.sourceRoots.warningsDisabled=true on the command line, in the .mvn/maven.config file, or in project POM properties.
2025-12-12 11:08:48,031 [main] INFO  o.e.m2e.actions.ExecutePomAction - Creating new launch configuration
2025-12-12 11:08:53,363 [Worker-42: Launching PROYECTO_ORTIZBLANCO_BRUNO] INFO  o.eclipse.m2e.core.internal.Bundles - getClasspathEntries(Bundle=org.eclipse.m2e.maven.runtime_3.9.1100.20250811-2018 [641])
2025-12-12 11:08:53,365 [Worker-42: Launching PROYECTO_ORTIZBLANCO_BRUNO] INFO  o.eclipse.m2e.core.internal.Bundles - 	Entry: C:\Users\ortiz\.p2\pool\plugins\org.eclipse.m2e.maven.runtime_3.9.1100.20250811-2018
2025-12-12 11:08:53,365 [Worker-42: Launching PROYECTO_ORTIZBLANCO_BRUNO] INFO  o.eclipse.m2e.core.internal.Bundles - 	Entry: C:\Users\ortiz\.p2\pool\plugins\org.eclipse.m2e.maven.runtime_3.9.1100.20250811-2018\jars\aopalliance-1.0.jar
2025-12-12 11:08:53,365 [Worker-42: Launching PROYECTO_ORTIZBLANCO_BRUNO] INFO  o.eclipse.m2e.core.internal.Bundles - 	Entry: C:\Users\ortiz\.p2\pool\plugins\org.eclipse.m2e.maven.runtime_3.9.1100.20250811-2018\jars\asm-9.8.jar
2025-12-12 11:08:53,365 [Worker-42: Launching PROYECTO_ORTIZBLANCO_BRUNO] INFO  o.eclipse.m2e.core.internal.Bundles - 	Entry: C:\Users\ortiz\.p2\pool\plugins\org.eclipse.m2e.maven.runtime_3.9.1100.20250811-2018\jars\error_prone_annotations-2.38.0.jar
2025-12-12 11:08:53,365 [Worker-42: Launching PROYECTO_ORTIZBLANCO_BRUNO] INFO  o.eclipse.m2e.core.internal.Bundles - 	Entry: C:\Users\ortiz\.p2\pool\plugins\org.eclipse.m2e.maven.runtime_3.9.1100.20250811-2018\jars\gson-2.13.1.jar
2025-12-12 11:08:53,365 [Worker-42: Launching PROYECTO_ORTIZBLANCO_BRUNO] INFO  o.eclipse.m2e.core.internal.Bundles - 	Entry: C:\Users\ortiz\.p2\pool\plugins\org.eclipse.m2e.maven.runtime_3.9.1100.20250811-2018\jars\guice-5.1.0-classes.jar
2025-12-12 11:08:53,365 [Worker-42: Launching PROYECTO_ORTIZBLANCO_BRUNO] INFO  o.eclipse.m2e.core.internal.Bundles - 	Entry: C:\Users\ortiz\.p2\pool\plugins\org.eclipse.m2e.maven.runtime_3.9.1100.20250811-2018\jars\httpclient-4.5.14.jar
2025-12-12 11:08:53,365 [Worker-42: Launching PROYECTO_ORTIZBLANCO_BRUNO] INFO  o.eclipse.m2e.core.internal.Bundles - 	Entry: C:\Users\ortiz\.p2\pool\plugins\org.eclipse.m2e.maven.runtime_3.9.1100.20250811-2018\jars\httpcore-4.4.16.jar
2025-12-12 11:08:53,365 [Worker-42: Launching PROYECTO_ORTIZBLANCO_BRUNO] INFO  o.eclipse.m2e.core.internal.Bundles - 	Entry: C:\Users\ortiz\.p2\pool\plugins\org.eclipse.m2e.maven.runtime_3.9.1100.20250811-2018\jars\jansi-2.4.2.jar
2025-12-12 11:08:53,365 [Worker-42: Launching PROYECTO_ORTIZBLANCO_BRUNO] INFO  o.eclipse.m2e.core.internal.Bundles - 	Entry: C:\Users\ortiz\.p2\pool\plugins\org.eclipse.m2e.maven.runtime_3.9.1100.20250811-2018\jars\jcl-over-slf4j-1.7.36.jar
2025-12-12 11:08:53,366 [Worker-42: Launching PROYECTO_ORTIZBLANCO_BRUNO] INFO  o.eclipse.m2e.core.internal.Bundles - 	Entry: C:\Users\ortiz\.p2\pool\plugins\org.eclipse.m2e.maven.runtime_3.9.1100.20250811-2018\jars\maven-artifact-3.9.11.jar
2025-12-12 11:08:53,366 [Worker-42: Launching PROYECTO_ORTIZBLANCO_BRUNO] INFO  o.eclipse.m2e.core.internal.Bundles - 	Entry: C:\Users\ortiz\.p2\pool\plugins\org.eclipse.m2e.maven.runtime_3.9.1100.20250811-2018\jars\maven-builder-support-3.9.11.jar
2025-12-12 11:08:53,366 [Worker-42: Launching PROYECTO_ORTIZBLANCO_BRUNO] INFO  o.eclipse.m2e.core.internal.Bundles - 	Entry: C:\Users\ortiz\.p2\pool\plugins\org.eclipse.m2e.maven.runtime_3.9.1100.20250811-2018\jars\maven-compat-3.9.11.jar
2025-12-12 11:08:53,366 [Worker-42: Launching PROYECTO_ORTIZBLANCO_BRUNO] INFO  o.eclipse.m2e.core.internal.Bundles - 	Entry: C:\Users\ortiz\.p2\pool\plugins\org.eclipse.m2e.maven.runtime_3.9.1100.20250811-2018\jars\maven-core-3.9.11.jar
2025-12-12 11:08:53,366 [Worker-42: Launching PROYECTO_ORTIZBLANCO_BRUNO] INFO  o.eclipse.m2e.core.internal.Bundles - 	Entry: C:\Users\ortiz\.p2\pool\plugins\org.eclipse.m2e.maven.runtime_3.9.1100.20250811-2018\jars\maven-embedder-3.9.11.jar
2025-12-12 11:08:53,366 [Worker-42: Launching PROYECTO_ORTIZBLANCO_BRUNO] INFO  o.eclipse.m2e.core.internal.Bundles - 	Entry: C:\Users\ortiz\.p2\pool\plugins\org.eclipse.m2e.maven.runtime_3.9.1100.20250811-2018\jars\maven-model-3.9.11.jar
2025-12-12 11:08:53,366 [Worker-42: Launching PROYECTO_ORTIZBLANCO_BRUNO] INFO  o.eclipse.m2e.core.internal.Bundles - 	Entry: C:\Users\ortiz\.p2\pool\plugins\org.eclipse.m2e.maven.runtime_3.9.1100.20250811-2018\jars\maven-model-builder-3.9.11.jar
2025-12-12 11:08:53,366 [Worker-42: Launching PROYECTO_ORTIZBLANCO_BRUNO] INFO  o.eclipse.m2e.core.internal.Bundles - 	Entry: C:\Users\ortiz\.p2\pool\plugins\org.eclipse.m2e.maven.runtime_3.9.1100.20250811-2018\jars\maven-plugin-api-3.9.11.jar
2025-12-12 11:08:53,366 [Worker-42: Launching PROYECTO_ORTIZBLANCO_BRUNO] INFO  o.eclipse.m2e.core.internal.Bundles - 	Entry: C:\Users\ortiz\.p2\pool\plugins\org.eclipse.m2e.maven.runtime_3.9.1100.20250811-2018\jars\maven-repository-metadata-3.9.11.jar
2025-12-12 11:08:53,367 [Worker-42: Launching PROYECTO_ORTIZBLANCO_BRUNO] INFO  o.eclipse.m2e.core.internal.Bundles - 	Entry: C:\Users\ortiz\.p2\pool\plugins\org.eclipse.m2e.maven.runtime_3.9.1100.20250811-2018\jars\maven-resolver-api-1.9.24.jar
2025-12-12 11:08:53,367 [Worker-42: Launching PROYECTO_ORTIZBLANCO_BRUNO] INFO  o.eclipse.m2e.core.internal.Bundles - 	Entry: C:\Users\ortiz\.p2\pool\plugins\org.eclipse.m2e.maven.runtime_3.9.1100.20250811-2018\jars\maven-resolver-connector-basic-1.9.24.jar
2025-12-12 11:08:53,367 [Worker-42: Launching PROYECTO_ORTIZBLANCO_BRUNO] INFO  o.eclipse.m2e.core.internal.Bundles - 	Entry: C:\Users\ortiz\.p2\pool\plugins\org.eclipse.m2e.maven.runtime_3.9.1100.20250811-2018\jars\maven-resolver-impl-1.9.24.jar
2025-12-12 11:08:53,367 [Worker-42: Launching PROYECTO_ORTIZBLANCO_BRUNO] INFO  o.eclipse.m2e.core.internal.Bundles - 	Entry: C:\Users\ortiz\.p2\pool\plugins\org.eclipse.m2e.maven.runtime_3.9.1100.20250811-2018\jars\maven-resolver-named-locks-1.9.24.jar
2025-12-12 11:08:53,367 [Worker-42: Launching PROYECTO_ORTIZBLANCO_BRUNO] INFO  o.eclipse.m2e.core.internal.Bundles - 	Entry: C:\Users\ortiz\.p2\pool\plugins\org.eclipse.m2e.maven.runtime_3.9.1100.20250811-2018\jars\maven-resolver-provider-3.9.11.jar
2025-12-12 11:08:53,367 [Worker-42: Launching PROYECTO_ORTIZBLANCO_BRUNO] INFO  o.eclipse.m2e.core.internal.Bundles - 	Entry: C:\Users\ortiz\.p2\pool\plugins\org.eclipse.m2e.maven.runtime_3.9.1100.20250811-2018\jars\maven-resolver-spi-1.9.24.jar
2025-12-12 11:08:53,367 [Worker-42: Launching PROYECTO_ORTIZBLANCO_BRUNO] INFO  o.eclipse.m2e.core.internal.Bundles - 	Entry: C:\Users\ortiz\.p2\pool\plugins\org.eclipse.m2e.maven.runtime_3.9.1100.20250811-2018\jars\maven-resolver-transport-file-1.9.24.jar
2025-12-12 11:08:53,368 [Worker-42: Launching PROYECTO_ORTIZBLANCO_BRUNO] INFO  o.eclipse.m2e.core.internal.Bundles - 	Entry: C:\Users\ortiz\.p2\pool\plugins\org.eclipse.m2e.maven.runtime_3.9.1100.20250811-2018\jars\maven-resolver-transport-http-1.9.24.jar
2025-12-12 11:08:53,368 [Worker-42: Launching PROYECTO_ORTIZBLANCO_BRUNO] INFO  o.eclipse.m2e.core.internal.Bundles - 	Entry: C:\Users\ortiz\.p2\pool\plugins\org.eclipse.m2e.maven.runtime_3.9.1100.20250811-2018\jars\maven-resolver-transport-wagon-1.9.24.jar
2025-12-12 11:08:53,368 [Worker-42: Launching PROYECTO_ORTIZBLANCO_BRUNO] INFO  o.eclipse.m2e.core.internal.Bundles - 	Entry: C:\Users\ortiz\.p2\pool\plugins\org.eclipse.m2e.maven.runtime_3.9.1100.20250811-2018\jars\maven-resolver-util-1.9.24.jar
2025-12-12 11:08:53,368 [Worker-42: Launching PROYECTO_ORTIZBLANCO_BRUNO] INFO  o.eclipse.m2e.core.internal.Bundles - 	Entry: C:\Users\ortiz\.p2\pool\plugins\org.eclipse.m2e.maven.runtime_3.9.1100.20250811-2018\jars\maven-settings-3.9.11.jar
2025-12-12 11:08:53,368 [Worker-42: Launching PROYECTO_ORTIZBLANCO_BRUNO] INFO  o.eclipse.m2e.core.internal.Bundles - 	Entry: C:\Users\ortiz\.p2\pool\plugins\org.eclipse.m2e.maven.runtime_3.9.1100.20250811-2018\jars\maven-settings-builder-3.9.11.jar
2025-12-12 11:08:53,368 [Worker-42: Launching PROYECTO_ORTIZBLANCO_BRUNO] INFO  o.eclipse.m2e.core.internal.Bundles - 	Entry: C:\Users\ortiz\.p2\pool\plugins\org.eclipse.m2e.maven.runtime_3.9.1100.20250811-2018\jars\maven-shared-utils-3.4.2.jar
2025-12-12 11:08:53,368 [Worker-42: Launching PROYECTO_ORTIZBLANCO_BRUNO] INFO  o.eclipse.m2e.core.internal.Bundles - 	Entry: C:\Users\ortiz\.p2\pool\plugins\org.eclipse.m2e.maven.runtime_3.9.1100.20250811-2018\jars\org.eclipse.sisu.inject-0.9.0.M4.jar
2025-12-12 11:08:53,368 [Worker-42: Launching PROYECTO_ORTIZBLANCO_BRUNO] INFO  o.eclipse.m2e.core.internal.Bundles - 	Entry: C:\Users\ortiz\.p2\pool\plugins\org.eclipse.m2e.maven.runtime_3.9.1100.20250811-2018\jars\org.eclipse.sisu.plexus-0.9.0.M4.jar
2025-12-12 11:08:53,368 [Worker-42: Launching PROYECTO_ORTIZBLANCO_BRUNO] INFO  o.eclipse.m2e.core.internal.Bundles - 	Entry: C:\Users\ortiz\.p2\pool\plugins\org.eclipse.m2e.maven.runtime_3.9.1100.20250811-2018\jars\plexus-build-api-0.0.7.jar
2025-12-12 11:08:53,369 [Worker-42: Launching PROYECTO_ORTIZBLANCO_BRUNO] INFO  o.eclipse.m2e.core.internal.Bundles - 	Entry: C:\Users\ortiz\.p2\pool\plugins\org.eclipse.m2e.maven.runtime_3.9.1100.20250811-2018\jars\plexus-build-api-1.2.0.jar
2025-12-12 11:08:53,369 [Worker-42: Launching PROYECTO_ORTIZBLANCO_BRUNO] INFO  o.eclipse.m2e.core.internal.Bundles - 	Entry: C:\Users\ortiz\.p2\pool\plugins\org.eclipse.m2e.maven.runtime_3.9.1100.20250811-2018\jars\plexus-cipher-2.0.jar
2025-12-12 11:08:53,369 [Worker-42: Launching PROYECTO_ORTIZBLANCO_BRUNO] INFO  o.eclipse.m2e.core.internal.Bundles - 	Entry: C:\Users\ortiz\.p2\pool\plugins\org.eclipse.m2e.maven.runtime_3.9.1100.20250811-2018\jars\plexus-classworlds-2.9.0.jar
2025-12-12 11:08:53,369 [Worker-42: Launching PROYECTO_ORTIZBLANCO_BRUNO] INFO  o.eclipse.m2e.core.internal.Bundles - 	Entry: C:\Users\ortiz\.p2\pool\plugins\org.eclipse.m2e.maven.runtime_3.9.1100.20250811-2018\jars\plexus-component-annotations-2.2.0.jar
2025-12-12 11:08:53,369 [Worker-42: Launching PROYECTO_ORTIZBLANCO_BRUNO] INFO  o.eclipse.m2e.core.internal.Bundles - 	Entry: C:\Users\ortiz\.p2\pool\plugins\org.eclipse.m2e.maven.runtime_3.9.1100.20250811-2018\jars\plexus-interpolation-1.28.jar
2025-12-12 11:08:53,369 [Worker-42: Launching PROYECTO_ORTIZBLANCO_BRUNO] INFO  o.eclipse.m2e.core.internal.Bundles - 	Entry: C:\Users\ortiz\.p2\pool\plugins\org.eclipse.m2e.maven.runtime_3.9.1100.20250811-2018\jars\plexus-sec-dispatcher-2.0.jar
2025-12-12 11:08:53,369 [Worker-42: Launching PROYECTO_ORTIZBLANCO_BRUNO] INFO  o.eclipse.m2e.core.internal.Bundles - 	Entry: C:\Users\ortiz\.p2\pool\plugins\org.eclipse.m2e.maven.runtime_3.9.1100.20250811-2018\jars\plexus-utils-3.6.0.jar
2025-12-12 11:08:53,369 [Worker-42: Launching PROYECTO_ORTIZBLANCO_BRUNO] INFO  o.eclipse.m2e.core.internal.Bundles - 	Entry: C:\Users\ortiz\.p2\pool\plugins\org.eclipse.m2e.maven.runtime_3.9.1100.20250811-2018\jars\wagon-file-3.5.3.jar
2025-12-12 11:08:53,370 [Worker-42: Launching PROYECTO_ORTIZBLANCO_BRUNO] INFO  o.eclipse.m2e.core.internal.Bundles - 	Entry: C:\Users\ortiz\.p2\pool\plugins\org.eclipse.m2e.maven.runtime_3.9.1100.20250811-2018\jars\wagon-http-3.5.3.jar
2025-12-12 11:08:53,370 [Worker-42: Launching PROYECTO_ORTIZBLANCO_BRUNO] INFO  o.eclipse.m2e.core.internal.Bundles - 	Entry: C:\Users\ortiz\.p2\pool\plugins\org.eclipse.m2e.maven.runtime_3.9.1100.20250811-2018\jars\wagon-http-shared-3.5.3.jar
2025-12-12 11:08:53,370 [Worker-42: Launching PROYECTO_ORTIZBLANCO_BRUNO] INFO  o.eclipse.m2e.core.internal.Bundles - 	Entry: C:\Users\ortiz\.p2\pool\plugins\org.eclipse.m2e.maven.runtime_3.9.1100.20250811-2018\jars\wagon-provider-api-3.5.3.jar
2025-12-12 11:08:53,370 [Worker-42: Launching PROYECTO_ORTIZBLANCO_BRUNO] INFO  o.eclipse.m2e.core.internal.Bundles - getClasspathEntries(Bundle=com.google.guava_33.5.0.jre [1329])
2025-12-12 11:08:53,371 [Worker-42: Launching PROYECTO_ORTIZBLANCO_BRUNO] INFO  o.eclipse.m2e.core.internal.Bundles - 	Entry: C:\Users\ortiz\.p2\pool\plugins\com.google.guava_33.5.0.jre.jar
2025-12-12 11:08:53,371 [Worker-42: Launching PROYECTO_ORTIZBLANCO_BRUNO] INFO  o.eclipse.m2e.core.internal.Bundles - getClasspathEntries(Bundle=slf4j.api_2.0.17 [1006])
2025-12-12 11:08:53,371 [Worker-42: Launching PROYECTO_ORTIZBLANCO_BRUNO] INFO  o.eclipse.m2e.core.internal.Bundles - 	Entry: C:\Users\ortiz\.p2\pool\plugins\slf4j.api_2.0.17.jar
2025-12-12 11:08:53,371 [Worker-42: Launching PROYECTO_ORTIZBLANCO_BRUNO] INFO  o.eclipse.m2e.core.internal.Bundles - getClasspathEntries(Bundle=jakarta.inject.jakarta.inject-api_1.0.5 [35])
2025-12-12 11:08:53,371 [Worker-42: Launching PROYECTO_ORTIZBLANCO_BRUNO] INFO  o.eclipse.m2e.core.internal.Bundles - 	Entry: C:\Users\ortiz\.p2\pool\plugins\jakarta.inject.jakarta.inject-api_1.0.5.jar
2025-12-12 11:08:53,371 [Worker-42: Launching PROYECTO_ORTIZBLANCO_BRUNO] INFO  o.eclipse.m2e.core.internal.Bundles - getClasspathEntries(Bundle=jakarta.annotation-api_1.3.5 [31])
2025-12-12 11:08:53,372 [Worker-42: Launching PROYECTO_ORTIZBLANCO_BRUNO] INFO  o.eclipse.m2e.core.internal.Bundles - 	Entry: C:\Users\ortiz\.p2\pool\plugins\jakarta.annotation-api_1.3.5.jar
2025-12-12 11:08:53,372 [Worker-42: Launching PROYECTO_ORTIZBLANCO_BRUNO] INFO  o.eclipse.m2e.core.internal.Bundles - getClasspathEntries(Bundle=org.apache.commons.cli_1.10.0 [75])
2025-12-12 11:08:53,372 [Worker-42: Launching PROYECTO_ORTIZBLANCO_BRUNO] INFO  o.eclipse.m2e.core.internal.Bundles - 	Entry: C:\Users\ortiz\.p2\pool\plugins\org.apache.commons.cli_1.10.0.jar
2025-12-12 11:08:53,372 [Worker-42: Launching PROYECTO_ORTIZBLANCO_BRUNO] INFO  o.eclipse.m2e.core.internal.Bundles - getClasspathEntries(Bundle=org.apache.commons.commons-codec_1.20.0 [1265])
2025-12-12 11:08:53,372 [Worker-42: Launching PROYECTO_ORTIZBLANCO_BRUNO] INFO  o.eclipse.m2e.core.internal.Bundles - 	Entry: C:\Users\ortiz\.p2\pool\plugins\org.apache.commons.commons-codec_1.20.0.jar
2025-12-12 11:08:53,372 [Worker-42: Launching PROYECTO_ORTIZBLANCO_BRUNO] INFO  o.eclipse.m2e.core.internal.Bundles - getClasspathEntries(Bundle=com.google.guava.failureaccess_1.0.3 [19])
2025-12-12 11:08:53,373 [Worker-42: Launching PROYECTO_ORTIZBLANCO_BRUNO] INFO  o.eclipse.m2e.core.internal.Bundles - 	Entry: C:\Users\ortiz\.p2\pool\plugins\com.google.guava.failureaccess_1.0.3.jar
2025-12-12 11:08:53,375 [Worker-42: Launching PROYECTO_ORTIZBLANCO_BRUNO] INFO  o.e.m.i.launch.MavenLaunchDelegate - Run build in "C:\Users\ortiz\OneDrive\Documentos\proyecto\PROYECTO_ORTIZBLANCO_BRUNO\PROYECTO_ORTIZBLANCO_BRUNO":
2025-12-12 11:08:53,380 [Worker-42: Launching PROYECTO_ORTIZBLANCO_BRUNO] INFO  o.e.m.i.launch.MavenLaunchDelegate -  mvn  -B -Dstyle.color=always 
2025-12-12 11:09:21,619 [Worker-41: Launching PROYECTO_ORTIZBLANCO_BRUNO] INFO  o.eclipse.m2e.core.internal.Bundles - getClasspathEntries(Bundle=org.eclipse.m2e.maven.runtime_3.9.1100.20250811-2018 [641])
2025-12-12 11:09:21,619 [Worker-41: Launching PROYECTO_ORTIZBLANCO_BRUNO] INFO  o.eclipse.m2e.core.internal.Bundles - 	Entry: C:\Users\ortiz\.p2\pool\plugins\org.eclipse.m2e.maven.runtime_3.9.1100.20250811-2018
2025-12-12 11:09:21,619 [Worker-41: Launching PROYECTO_ORTIZBLANCO_BRUNO] INFO  o.eclipse.m2e.core.internal.Bundles - 	Entry: C:\Users\ortiz\.p2\pool\plugins\org.eclipse.m2e.maven.runtime_3.9.1100.20250811-2018\jars\aopalliance-1.0.jar
2025-12-12 11:09:21,619 [Worker-41: Launching PROYECTO_ORTIZBLANCO_BRUNO] INFO  o.eclipse.m2e.core.internal.Bundles - 	Entry: C:\Users\ortiz\.p2\pool\plugins\org.eclipse.m2e.maven.runtime_3.9.1100.20250811-2018\jars\asm-9.8.jar
2025-12-12 11:09:21,620 [Worker-41: Launching PROYECTO_ORTIZBLANCO_BRUNO] INFO  o.eclipse.m2e.core.internal.Bundles - 	Entry: C:\Users\ortiz\.p2\pool\plugins\org.eclipse.m2e.maven.runtime_3.9.1100.20250811-2018\jars\error_prone_annotations-2.38.0.jar
2025-12-12 11:09:21,620 [Worker-41: Launching PROYECTO_ORTIZBLANCO_BRUNO] INFO  o.eclipse.m2e.core.internal.Bundles - 	Entry: C:\Users\ortiz\.p2\pool\plugins\org.eclipse.m2e.maven.runtime_3.9.1100.20250811-2018\jars\gson-2.13.1.jar
2025-12-12 11:09:21,620 [Worker-41: Launching PROYECTO_ORTIZBLANCO_BRUNO] INFO  o.eclipse.m2e.core.internal.Bundles - 	Entry: C:\Users\ortiz\.p2\pool\plugins\org.eclipse.m2e.maven.runtime_3.9.1100.20250811-2018\jars\guice-5.1.0-classes.jar
2025-12-12 11:09:21,620 [Worker-41: Launching PROYECTO_ORTIZBLANCO_BRUNO] INFO  o.eclipse.m2e.core.internal.Bundles - 	Entry: C:\Users\ortiz\.p2\pool\plugins\org.eclipse.m2e.maven.runtime_3.9.1100.20250811-2018\jars\httpclient-4.5.14.jar
2025-12-12 11:09:21,620 [Worker-41: Launching PROYECTO_ORTIZBLANCO_BRUNO] INFO  o.eclipse.m2e.core.internal.Bundles - 	Entry: C:\Users\ortiz\.p2\pool\plugins\org.eclipse.m2e.maven.runtime_3.9.1100.20250811-2018\jars\httpcore-4.4.16.jar
2025-12-12 11:09:21,620 [Worker-41: Launching PROYECTO_ORTIZBLANCO_BRUNO] INFO  o.eclipse.m2e.core.internal.Bundles - 	Entry: C:\Users\ortiz\.p2\pool\plugins\org.eclipse.m2e.maven.runtime_3.9.1100.20250811-2018\jars\jansi-2.4.2.jar
2025-12-12 11:09:21,620 [Worker-41: Launching PROYECTO_ORTIZBLANCO_BRUNO] INFO  o.eclipse.m2e.core.internal.Bundles - 	Entry: C:\Users\ortiz\.p2\pool\plugins\org.eclipse.m2e.maven.runtime_3.9.1100.20250811-2018\jars\jcl-over-slf4j-1.7.36.jar
2025-12-12 11:09:21,620 [Worker-41: Launching PROYECTO_ORTIZBLANCO_BRUNO] INFO  o.eclipse.m2e.core.internal.Bundles - 	Entry: C:\Users\ortiz\.p2\pool\plugins\org.eclipse.m2e.maven.runtime_3.9.1100.20250811-2018\jars\maven-artifact-3.9.11.jar
2025-12-12 11:09:21,621 [Worker-41: Launching PROYECTO_ORTIZBLANCO_BRUNO] INFO  o.eclipse.m2e.core.internal.Bundles - 	Entry: C:\Users\ortiz\.p2\pool\plugins\org.eclipse.m2e.maven.runtime_3.9.1100.20250811-2018\jars\maven-builder-support-3.9.11.jar
2025-12-12 11:09:21,621 [Worker-41: Launching PROYECTO_ORTIZBLANCO_BRUNO] INFO  o.eclipse.m2e.core.internal.Bundles - 	Entry: C:\Users\ortiz\.p2\pool\plugins\org.eclipse.m2e.maven.runtime_3.9.1100.20250811-2018\jars\maven-compat-3.9.11.jar
2025-12-12 11:09:21,621 [Worker-41: Launching PROYECTO_ORTIZBLANCO_BRUNO] INFO  o.eclipse.m2e.core.internal.Bundles - 	Entry: C:\Users\ortiz\.p2\pool\plugins\org.eclipse.m2e.maven.runtime_3.9.1100.20250811-2018\jars\maven-core-3.9.11.jar
2025-12-12 11:09:21,621 [Worker-41: Launching PROYECTO_ORTIZBLANCO_BRUNO] INFO  o.eclipse.m2e.core.internal.Bundles - 	Entry: C:\Users\ortiz\.p2\pool\plugins\org.eclipse.m2e.maven.runtime_3.9.1100.20250811-2018\jars\maven-embedder-3.9.11.jar
2025-12-12 11:09:21,621 [Worker-41: Launching PROYECTO_ORTIZBLANCO_BRUNO] INFO  o.eclipse.m2e.core.internal.Bundles - 	Entry: C:\Users\ortiz\.p2\pool\plugins\org.eclipse.m2e.maven.runtime_3.9.1100.20250811-2018\jars\maven-model-3.9.11.jar
2025-12-12 11:09:21,621 [Worker-41: Launching PROYECTO_ORTIZBLANCO_BRUNO] INFO  o.eclipse.m2e.core.internal.Bundles - 	Entry: C:\Users\ortiz\.p2\pool\plugins\org.eclipse.m2e.maven.runtime_3.9.1100.20250811-2018\jars\maven-model-builder-3.9.11.jar
2025-12-12 11:09:21,621 [Worker-41: Launching PROYECTO_ORTIZBLANCO_BRUNO] INFO  o.eclipse.m2e.core.internal.Bundles - 	Entry: C:\Users\ortiz\.p2\pool\plugins\org.eclipse.m2e.maven.runtime_3.9.1100.20250811-2018\jars\maven-plugin-api-3.9.11.jar
2025-12-12 11:09:21,621 [Worker-41: Launching PROYECTO_ORTIZBLANCO_BRUNO] INFO  o.eclipse.m2e.core.internal.Bundles - 	Entry: C:\Users\ortiz\.p2\pool\plugins\org.eclipse.m2e.maven.runtime_3.9.1100.20250811-2018\jars\maven-repository-metadata-3.9.11.jar
2025-12-12 11:09:21,622 [Worker-41: Launching PROYECTO_ORTIZBLANCO_BRUNO] INFO  o.eclipse.m2e.core.internal.Bundles - 	Entry: C:\Users\ortiz\.p2\pool\plugins\org.eclipse.m2e.maven.runtime_3.9.1100.20250811-2018\jars\maven-resolver-api-1.9.24.jar
2025-12-12 11:09:21,622 [Worker-41: Launching PROYECTO_ORTIZBLANCO_BRUNO] INFO  o.eclipse.m2e.core.internal.Bundles - 	Entry: C:\Users\ortiz\.p2\pool\plugins\org.eclipse.m2e.maven.runtime_3.9.1100.20250811-2018\jars\maven-resolver-connector-basic-1.9.24.jar
2025-12-12 11:09:21,622 [Worker-41: Launching PROYECTO_ORTIZBLANCO_BRUNO] INFO  o.eclipse.m2e.core.internal.Bundles - 	Entry: C:\Users\ortiz\.p2\pool\plugins\org.eclipse.m2e.maven.runtime_3.9.1100.20250811-2018\jars\maven-resolver-impl-1.9.24.jar
2025-12-12 11:09:21,622 [Worker-41: Launching PROYECTO_ORTIZBLANCO_BRUNO] INFO  o.eclipse.m2e.core.internal.Bundles - 	Entry: C:\Users\ortiz\.p2\pool\plugins\org.eclipse.m2e.maven.runtime_3.9.1100.20250811-2018\jars\maven-resolver-named-locks-1.9.24.jar
2025-12-12 11:09:21,622 [Worker-41: Launching PROYECTO_ORTIZBLANCO_BRUNO] INFO  o.eclipse.m2e.core.internal.Bundles - 	Entry: C:\Users\ortiz\.p2\pool\plugins\org.eclipse.m2e.maven.runtime_3.9.1100.20250811-2018\jars\maven-resolver-provider-3.9.11.jar
2025-12-12 11:09:21,622 [Worker-41: Launching PROYECTO_ORTIZBLANCO_BRUNO] INFO  o.eclipse.m2e.core.internal.Bundles - 	Entry: C:\Users\ortiz\.p2\pool\plugins\org.eclipse.m2e.maven.runtime_3.9.1100.20250811-2018\jars\maven-resolver-spi-1.9.24.jar
2025-12-12 11:09:21,622 [Worker-41: Launching PROYECTO_ORTIZBLANCO_BRUNO] INFO  o.eclipse.m2e.core.internal.Bundles - 	Entry: C:\Users\ortiz\.p2\pool\plugins\org.eclipse.m2e.maven.runtime_3.9.1100.20250811-2018\jars\maven-resolver-transport-file-1.9.24.jar
2025-12-12 11:09:21,623 [Worker-41: Launching PROYECTO_ORTIZBLANCO_BRUNO] INFO  o.eclipse.m2e.core.internal.Bundles - 	Entry: C:\Users\ortiz\.p2\pool\plugins\org.eclipse.m2e.maven.runtime_3.9.1100.20250811-2018\jars\maven-resolver-transport-http-1.9.24.jar
2025-12-12 11:09:21,623 [Worker-41: Launching PROYECTO_ORTIZBLANCO_BRUNO] INFO  o.eclipse.m2e.core.internal.Bundles - 	Entry: C:\Users\ortiz\.p2\pool\plugins\org.eclipse.m2e.maven.runtime_3.9.1100.20250811-2018\jars\maven-resolver-transport-wagon-1.9.24.jar
2025-12-12 11:09:21,623 [Worker-41: Launching PROYECTO_ORTIZBLANCO_BRUNO] INFO  o.eclipse.m2e.core.internal.Bundles - 	Entry: C:\Users\ortiz\.p2\pool\plugins\org.eclipse.m2e.maven.runtime_3.9.1100.20250811-2018\jars\maven-resolver-util-1.9.24.jar
2025-12-12 11:09:21,623 [Worker-41: Launching PROYECTO_ORTIZBLANCO_BRUNO] INFO  o.eclipse.m2e.core.internal.Bundles - 	Entry: C:\Users\ortiz\.p2\pool\plugins\org.eclipse.m2e.maven.runtime_3.9.1100.20250811-2018\jars\maven-settings-3.9.11.jar
2025-12-12 11:09:21,623 [Worker-41: Launching PROYECTO_ORTIZBLANCO_BRUNO] INFO  o.eclipse.m2e.core.internal.Bundles - 	Entry: C:\Users\ortiz\.p2\pool\plugins\org.eclipse.m2e.maven.runtime_3.9.1100.20250811-2018\jars\maven-settings-builder-3.9.11.jar
2025-12-12 11:09:21,623 [Worker-41: Launching PROYECTO_ORTIZBLANCO_BRUNO] INFO  o.eclipse.m2e.core.internal.Bundles - 	Entry: C:\Users\ortiz\.p2\pool\plugins\org.eclipse.m2e.maven.runtime_3.9.1100.20250811-2018\jars\maven-shared-utils-3.4.2.jar
2025-12-12 11:09:21,623 [Worker-41: Launching PROYECTO_ORTIZBLANCO_BRUNO] INFO  o.eclipse.m2e.core.internal.Bundles - 	Entry: C:\Users\ortiz\.p2\pool\plugins\org.eclipse.m2e.maven.runtime_3.9.1100.20250811-2018\jars\org.eclipse.sisu.inject-0.9.0.M4.jar
2025-12-12 11:09:21,623 [Worker-41: Launching PROYECTO_ORTIZBLANCO_BRUNO] INFO  o.eclipse.m2e.core.internal.Bundles - 	Entry: C:\Users\ortiz\.p2\pool\plugins\org.eclipse.m2e.maven.runtime_3.9.1100.20250811-2018\jars\org.eclipse.sisu.plexus-0.9.0.M4.jar
2025-12-12 11:09:21,624 [Worker-41: Launching PROYECTO_ORTIZBLANCO_BRUNO] INFO  o.eclipse.m2e.core.internal.Bundles - 	Entry: C:\Users\ortiz\.p2\pool\plugins\org.eclipse.m2e.maven.runtime_3.9.1100.20250811-2018\jars\plexus-build-api-0.0.7.jar
2025-12-12 11:09:21,624 [Worker-41: Launching PROYECTO_ORTIZBLANCO_BRUNO] INFO  o.eclipse.m2e.core.internal.Bundles - 	Entry: C:\Users\ortiz\.p2\pool\plugins\org.eclipse.m2e.maven.runtime_3.9.1100.20250811-2018\jars\plexus-build-api-1.2.0.jar
2025-12-12 11:09:21,624 [Worker-41: Launching PROYECTO_ORTIZBLANCO_BRUNO] INFO  o.eclipse.m2e.core.internal.Bundles - 	Entry: C:\Users\ortiz\.p2\pool\plugins\org.eclipse.m2e.maven.runtime_3.9.1100.20250811-2018\jars\plexus-cipher-2.0.jar
2025-12-12 11:09:21,624 [Worker-41: Launching PROYECTO_ORTIZBLANCO_BRUNO] INFO  o.eclipse.m2e.core.internal.Bundles - 	Entry: C:\Users\ortiz\.p2\pool\plugins\org.eclipse.m2e.maven.runtime_3.9.1100.20250811-2018\jars\plexus-classworlds-2.9.0.jar
2025-12-12 11:09:21,624 [Worker-41: Launching PROYECTO_ORTIZBLANCO_BRUNO] INFO  o.eclipse.m2e.core.internal.Bundles - 	Entry: C:\Users\ortiz\.p2\pool\plugins\org.eclipse.m2e.maven.runtime_3.9.1100.20250811-2018\jars\plexus-component-annotations-2.2.0.jar
2025-12-12 11:09:21,624 [Worker-41: Launching PROYECTO_ORTIZBLANCO_BRUNO] INFO  o.eclipse.m2e.core.internal.Bundles - 	Entry: C:\Users\ortiz\.p2\pool\plugins\org.eclipse.m2e.maven.runtime_3.9.1100.20250811-2018\jars\plexus-interpolation-1.28.jar
2025-12-12 11:09:21,624 [Worker-41: Launching PROYECTO_ORTIZBLANCO_BRUNO] INFO  o.eclipse.m2e.core.internal.Bundles - 	Entry: C:\Users\ortiz\.p2\pool\plugins\org.eclipse.m2e.maven.runtime_3.9.1100.20250811-2018\jars\plexus-sec-dispatcher-2.0.jar
2025-12-12 11:09:21,624 [Worker-41: Launching PROYECTO_ORTIZBLANCO_BRUNO] INFO  o.eclipse.m2e.core.internal.Bundles - 	Entry: C:\Users\ortiz\.p2\pool\plugins\org.eclipse.m2e.maven.runtime_3.9.1100.20250811-2018\jars\plexus-utils-3.6.0.jar
2025-12-12 11:09:21,625 [Worker-41: Launching PROYECTO_ORTIZBLANCO_BRUNO] INFO  o.eclipse.m2e.core.internal.Bundles - 	Entry: C:\Users\ortiz\.p2\pool\plugins\org.eclipse.m2e.maven.runtime_3.9.1100.20250811-2018\jars\wagon-file-3.5.3.jar
2025-12-12 11:09:21,625 [Worker-41: Launching PROYECTO_ORTIZBLANCO_BRUNO] INFO  o.eclipse.m2e.core.internal.Bundles - 	Entry: C:\Users\ortiz\.p2\pool\plugins\org.eclipse.m2e.maven.runtime_3.9.1100.20250811-2018\jars\wagon-http-3.5.3.jar
2025-12-12 11:09:21,625 [Worker-41: Launching PROYECTO_ORTIZBLANCO_BRUNO] INFO  o.eclipse.m2e.core.internal.Bundles - 	Entry: C:\Users\ortiz\.p2\pool\plugins\org.eclipse.m2e.maven.runtime_3.9.1100.20250811-2018\jars\wagon-http-shared-3.5.3.jar
2025-12-12 11:09:21,625 [Worker-41: Launching PROYECTO_ORTIZBLANCO_BRUNO] INFO  o.eclipse.m2e.core.internal.Bundles - 	Entry: C:\Users\ortiz\.p2\pool\plugins\org.eclipse.m2e.maven.runtime_3.9.1100.20250811-2018\jars\wagon-provider-api-3.5.3.jar
2025-12-12 11:09:21,625 [Worker-41: Launching PROYECTO_ORTIZBLANCO_BRUNO] INFO  o.eclipse.m2e.core.internal.Bundles - getClasspathEntries(Bundle=com.google.guava_33.5.0.jre [1329])
2025-12-12 11:09:21,625 [Worker-41: Launching PROYECTO_ORTIZBLANCO_BRUNO] INFO  o.eclipse.m2e.core.internal.Bundles - 	Entry: C:\Users\ortiz\.p2\pool\plugins\com.google.guava_33.5.0.jre.jar
2025-12-12 11:09:21,625 [Worker-41: Launching PROYECTO_ORTIZBLANCO_BRUNO] INFO  o.eclipse.m2e.core.internal.Bundles - getClasspathEntries(Bundle=slf4j.api_2.0.17 [1006])
2025-12-12 11:09:21,625 [Worker-41: Launching PROYECTO_ORTIZBLANCO_BRUNO] INFO  o.eclipse.m2e.core.internal.Bundles - 	Entry: C:\Users\ortiz\.p2\pool\plugins\slf4j.api_2.0.17.jar
2025-12-12 11:09:21,625 [Worker-41: Launching PROYECTO_ORTIZBLANCO_BRUNO] INFO  o.eclipse.m2e.core.internal.Bundles - getClasspathEntries(Bundle=jakarta.inject.jakarta.inject-api_1.0.5 [35])
2025-12-12 11:09:21,626 [Worker-41: Launching PROYECTO_ORTIZBLANCO_BRUNO] INFO  o.eclipse.m2e.core.internal.Bundles - 	Entry: C:\Users\ortiz\.p2\pool\plugins\jakarta.inject.jakarta.inject-api_1.0.5.jar
2025-12-12 11:09:21,626 [Worker-41: Launching PROYECTO_ORTIZBLANCO_BRUNO] INFO  o.eclipse.m2e.core.internal.Bundles - getClasspathEntries(Bundle=jakarta.annotation-api_1.3.5 [31])
2025-12-12 11:09:21,626 [Worker-41: Launching PROYECTO_ORTIZBLANCO_BRUNO] INFO  o.eclipse.m2e.core.internal.Bundles - 	Entry: C:\Users\ortiz\.p2\pool\plugins\jakarta.annotation-api_1.3.5.jar
2025-12-12 11:09:21,626 [Worker-41: Launching PROYECTO_ORTIZBLANCO_BRUNO] INFO  o.eclipse.m2e.core.internal.Bundles - getClasspathEntries(Bundle=org.apache.commons.cli_1.10.0 [75])
2025-12-12 11:09:21,626 [Worker-41: Launching PROYECTO_ORTIZBLANCO_BRUNO] INFO  o.eclipse.m2e.core.internal.Bundles - 	Entry: C:\Users\ortiz\.p2\pool\plugins\org.apache.commons.cli_1.10.0.jar
2025-12-12 11:09:21,626 [Worker-41: Launching PROYECTO_ORTIZBLANCO_BRUNO] INFO  o.eclipse.m2e.core.internal.Bundles - getClasspathEntries(Bundle=org.apache.commons.commons-codec_1.20.0 [1265])
2025-12-12 11:09:21,627 [Worker-41: Launching PROYECTO_ORTIZBLANCO_BRUNO] INFO  o.eclipse.m2e.core.internal.Bundles - 	Entry: C:\Users\ortiz\.p2\pool\plugins\org.apache.commons.commons-codec_1.20.0.jar
2025-12-12 11:09:21,627 [Worker-41: Launching PROYECTO_ORTIZBLANCO_BRUNO] INFO  o.eclipse.m2e.core.internal.Bundles - getClasspathEntries(Bundle=com.google.guava.failureaccess_1.0.3 [19])
2025-12-12 11:09:21,627 [Worker-41: Launching PROYECTO_ORTIZBLANCO_BRUNO] INFO  o.eclipse.m2e.core.internal.Bundles - 	Entry: C:\Users\ortiz\.p2\pool\plugins\com.google.guava.failureaccess_1.0.3.jar
2025-12-12 11:09:21,628 [Worker-41: Launching PROYECTO_ORTIZBLANCO_BRUNO] INFO  o.e.m.i.launch.MavenLaunchDelegate - Run build in "C:\Users\ortiz\OneDrive\Documentos\proyecto\PROYECTO_ORTIZBLANCO_BRUNO\PROYECTO_ORTIZBLANCO_BRUNO":
2025-12-12 11:09:21,628 [Worker-41: Launching PROYECTO_ORTIZBLANCO_BRUNO] INFO  o.e.m.i.launch.MavenLaunchDelegate -  mvn  -B -Dstyle.color=always 
2025-12-12 11:09:28,211 [main] INFO  o.e.m2e.actions.ExecutePomAction - Creating new launch configuration
2025-12-12 11:09:34,851 [Worker-39: Launching PROYECTO_ORTIZBLANCO_BRUNO (1)] INFO  o.eclipse.m2e.core.internal.Bundles - getClasspathEntries(Bundle=org.eclipse.m2e.maven.runtime_3.9.1100.20250811-2018 [641])
2025-12-12 11:09:34,852 [Worker-39: Launching PROYECTO_ORTIZBLANCO_BRUNO (1)] INFO  o.eclipse.m2e.core.internal.Bundles - 	Entry: C:\Users\ortiz\.p2\pool\plugins\org.eclipse.m2e.maven.runtime_3.9.1100.20250811-2018
2025-12-12 11:09:34,852 [Worker-39: Launching PROYECTO_ORTIZBLANCO_BRUNO (1)] INFO  o.eclipse.m2e.core.internal.Bundles - 	Entry: C:\Users\ortiz\.p2\pool\plugins\org.eclipse.m2e.maven.runtime_3.9.1100.20250811-2018\jars\aopalliance-1.0.jar
2025-12-12 11:09:34,852 [Worker-39: Launching PROYECTO_ORTIZBLANCO_BRUNO (1)] INFO  o.eclipse.m2e.core.internal.Bundles - 	Entry: C:\Users\ortiz\.p2\pool\plugins\org.eclipse.m2e.maven.runtime_3.9.1100.20250811-2018\jars\asm-9.8.jar
2025-12-12 11:09:34,852 [Worker-39: Launching PROYECTO_ORTIZBLANCO_BRUNO (1)] INFO  o.eclipse.m2e.core.internal.Bundles - 	Entry: C:\Users\ortiz\.p2\pool\plugins\org.eclipse.m2e.maven.runtime_3.9.1100.20250811-2018\jars\error_prone_annotations-2.38.0.jar
2025-12-12 11:09:34,852 [Worker-39: Launching PROYECTO_ORTIZBLANCO_BRUNO (1)] INFO  o.eclipse.m2e.core.internal.Bundles - 	Entry: C:\Users\ortiz\.p2\pool\plugins\org.eclipse.m2e.maven.runtime_3.9.1100.20250811-2018\jars\gson-2.13.1.jar
2025-12-12 11:09:34,852 [Worker-39: Launching PROYECTO_ORTIZBLANCO_BRUNO (1)] INFO  o.eclipse.m2e.core.internal.Bundles - 	Entry: C:\Users\ortiz\.p2\pool\plugins\org.eclipse.m2e.maven.runtime_3.9.1100.20250811-2018\jars\guice-5.1.0-classes.jar
2025-12-12 11:09:34,852 [Worker-39: Launching PROYECTO_ORTIZBLANCO_BRUNO (1)] INFO  o.eclipse.m2e.core.internal.Bundles - 	Entry: C:\Users\ortiz\.p2\pool\plugins\org.eclipse.m2e.maven.runtime_3.9.1100.20250811-2018\jars\httpclient-4.5.14.jar
2025-12-12 11:09:34,852 [Worker-39: Launching PROYECTO_ORTIZBLANCO_BRUNO (1)] INFO  o.eclipse.m2e.core.internal.Bundles - 	Entry: C:\Users\ortiz\.p2\pool\plugins\org.eclipse.m2e.maven.runtime_3.9.1100.20250811-2018\jars\httpcore-4.4.16.jar
2025-12-12 11:09:34,853 [Worker-39: Launching PROYECTO_ORTIZBLANCO_BRUNO (1)] INFO  o.eclipse.m2e.core.internal.Bundles - 	Entry: C:\Users\ortiz\.p2\pool\plugins\org.eclipse.m2e.maven.runtime_3.9.1100.20250811-2018\jars\jansi-2.4.2.jar
2025-12-12 11:09:34,853 [Worker-39: Launching PROYECTO_ORTIZBLANCO_BRUNO (1)] INFO  o.eclipse.m2e.core.internal.Bundles - 	Entry: C:\Users\ortiz\.p2\pool\plugins\org.eclipse.m2e.maven.runtime_3.9.1100.20250811-2018\jars\jcl-over-slf4j-1.7.36.jar
2025-12-12 11:09:34,853 [Worker-39: Launching PROYECTO_ORTIZBLANCO_BRUNO (1)] INFO  o.eclipse.m2e.core.internal.Bundles - 	Entry: C:\Users\ortiz\.p2\pool\plugins\org.eclipse.m2e.maven.runtime_3.9.1100.20250811-2018\jars\maven-artifact-3.9.11.jar
2025-12-12 11:09:34,853 [Worker-39: Launching PROYECTO_ORTIZBLANCO_BRUNO (1)] INFO  o.eclipse.m2e.core.internal.Bundles - 	Entry: C:\Users\ortiz\.p2\pool\plugins\org.eclipse.m2e.maven.runtime_3.9.1100.20250811-2018\jars\maven-builder-support-3.9.11.jar
2025-12-12 11:09:34,853 [Worker-39: Launching PROYECTO_ORTIZBLANCO_BRUNO (1)] INFO  o.eclipse.m2e.core.internal.Bundles - 	Entry: C:\Users\ortiz\.p2\pool\plugins\org.eclipse.m2e.maven.runtime_3.9.1100.20250811-2018\jars\maven-compat-3.9.11.jar
2025-12-12 11:09:34,853 [Worker-39: Launching PROYECTO_ORTIZBLANCO_BRUNO (1)] INFO  o.eclipse.m2e.core.internal.Bundles - 	Entry: C:\Users\ortiz\.p2\pool\plugins\org.eclipse.m2e.maven.runtime_3.9.1100.20250811-2018\jars\maven-core-3.9.11.jar
2025-12-12 11:09:34,853 [Worker-39: Launching PROYECTO_ORTIZBLANCO_BRUNO (1)] INFO  o.eclipse.m2e.core.internal.Bundles - 	Entry: C:\Users\ortiz\.p2\pool\plugins\org.eclipse.m2e.maven.runtime_3.9.1100.20250811-2018\jars\maven-embedder-3.9.11.jar
2025-12-12 11:09:34,853 [Worker-39: Launching PROYECTO_ORTIZBLANCO_BRUNO (1)] INFO  o.eclipse.m2e.core.internal.Bundles - 	Entry: C:\Users\ortiz\.p2\pool\plugins\org.eclipse.m2e.maven.runtime_3.9.1100.20250811-2018\jars\maven-model-3.9.11.jar
2025-12-12 11:09:34,853 [Worker-39: Launching PROYECTO_ORTIZBLANCO_BRUNO (1)] INFO  o.eclipse.m2e.core.internal.Bundles - 	Entry: C:\Users\ortiz\.p2\pool\plugins\org.eclipse.m2e.maven.runtime_3.9.1100.20250811-2018\jars\maven-model-builder-3.9.11.jar
2025-12-12 11:09:34,854 [Worker-39: Launching PROYECTO_ORTIZBLANCO_BRUNO (1)] INFO  o.eclipse.m2e.core.internal.Bundles - 	Entry: C:\Users\ortiz\.p2\pool\plugins\org.eclipse.m2e.maven.runtime_3.9.1100.20250811-2018\jars\maven-plugin-api-3.9.11.jar
2025-12-12 11:09:34,854 [Worker-39: Launching PROYECTO_ORTIZBLANCO_BRUNO (1)] INFO  o.eclipse.m2e.core.internal.Bundles - 	Entry: C:\Users\ortiz\.p2\pool\plugins\org.eclipse.m2e.maven.runtime_3.9.1100.20250811-2018\jars\maven-repository-metadata-3.9.11.jar
2025-12-12 11:09:34,854 [Worker-39: Launching PROYECTO_ORTIZBLANCO_BRUNO (1)] INFO  o.eclipse.m2e.core.internal.Bundles - 	Entry: C:\Users\ortiz\.p2\pool\plugins\org.eclipse.m2e.maven.runtime_3.9.1100.20250811-2018\jars\maven-resolver-api-1.9.24.jar
2025-12-12 11:09:34,854 [Worker-39: Launching PROYECTO_ORTIZBLANCO_BRUNO (1)] INFO  o.eclipse.m2e.core.internal.Bundles - 	Entry: C:\Users\ortiz\.p2\pool\plugins\org.eclipse.m2e.maven.runtime_3.9.1100.20250811-2018\jars\maven-resolver-connector-basic-1.9.24.jar
2025-12-12 11:09:34,854 [Worker-39: Launching PROYECTO_ORTIZBLANCO_BRUNO (1)] INFO  o.eclipse.m2e.core.internal.Bundles - 	Entry: C:\Users\ortiz\.p2\pool\plugins\org.eclipse.m2e.maven.runtime_3.9.1100.20250811-2018\jars\maven-resolver-impl-1.9.24.jar
2025-12-12 11:09:34,854 [Worker-39: Launching PROYECTO_ORTIZBLANCO_BRUNO (1)] INFO  o.eclipse.m2e.core.internal.Bundles - 	Entry: C:\Users\ortiz\.p2\pool\plugins\org.eclipse.m2e.maven.runtime_3.9.1100.20250811-2018\jars\maven-resolver-named-locks-1.9.24.jar
2025-12-12 11:09:34,854 [Worker-39: Launching PROYECTO_ORTIZBLANCO_BRUNO (1)] INFO  o.eclipse.m2e.core.internal.Bundles - 	Entry: C:\Users\ortiz\.p2\pool\plugins\org.eclipse.m2e.maven.runtime_3.9.1100.20250811-2018\jars\maven-resolver-provider-3.9.11.jar
2025-12-12 11:09:34,855 [Worker-39: Launching PROYECTO_ORTIZBLANCO_BRUNO (1)] INFO  o.eclipse.m2e.core.internal.Bundles - 	Entry: C:\Users\ortiz\.p2\pool\plugins\org.eclipse.m2e.maven.runtime_3.9.1100.20250811-2018\jars\maven-resolver-spi-1.9.24.jar
2025-12-12 11:09:34,855 [Worker-39: Launching PROYECTO_ORTIZBLANCO_BRUNO (1)] INFO  o.eclipse.m2e.core.internal.Bundles - 	Entry: C:\Users\ortiz\.p2\pool\plugins\org.eclipse.m2e.maven.runtime_3.9.1100.20250811-2018\jars\maven-resolver-transport-file-1.9.24.jar
2025-12-12 11:09:34,855 [Worker-39: Launching PROYECTO_ORTIZBLANCO_BRUNO (1)] INFO  o.eclipse.m2e.core.internal.Bundles - 	Entry: C:\Users\ortiz\.p2\pool\plugins\org.eclipse.m2e.maven.runtime_3.9.1100.20250811-2018\jars\maven-resolver-transport-http-1.9.24.jar
2025-12-12 11:09:34,855 [Worker-39: Launching PROYECTO_ORTIZBLANCO_BRUNO (1)] INFO  o.eclipse.m2e.core.internal.Bundles - 	Entry: C:\Users\ortiz\.p2\pool\plugins\org.eclipse.m2e.maven.runtime_3.9.1100.20250811-2018\jars\maven-resolver-transport-wagon-1.9.24.jar
2025-12-12 11:09:34,855 [Worker-39: Launching PROYECTO_ORTIZBLANCO_BRUNO (1)] INFO  o.eclipse.m2e.core.internal.Bundles - 	Entry: C:\Users\ortiz\.p2\pool\plugins\org.eclipse.m2e.maven.runtime_3.9.1100.20250811-2018\jars\maven-resolver-util-1.9.24.jar
2025-12-12 11:09:34,855 [Worker-39: Launching PROYECTO_ORTIZBLANCO_BRUNO (1)] INFO  o.eclipse.m2e.core.internal.Bundles - 	Entry: C:\Users\ortiz\.p2\pool\plugins\org.eclipse.m2e.maven.runtime_3.9.1100.20250811-2018\jars\maven-settings-3.9.11.jar
2025-12-12 11:09:34,855 [Worker-39: Launching PROYECTO_ORTIZBLANCO_BRUNO (1)] INFO  o.eclipse.m2e.core.internal.Bundles - 	Entry: C:\Users\ortiz\.p2\pool\plugins\org.eclipse.m2e.maven.runtime_3.9.1100.20250811-2018\jars\maven-settings-builder-3.9.11.jar
2025-12-12 11:09:34,855 [Worker-39: Launching PROYECTO_ORTIZBLANCO_BRUNO (1)] INFO  o.eclipse.m2e.core.internal.Bundles - 	Entry: C:\Users\ortiz\.p2\pool\plugins\org.eclipse.m2e.maven.runtime_3.9.1100.20250811-2018\jars\maven-shared-utils-3.4.2.jar
2025-12-12 11:09:34,855 [Worker-39: Launching PROYECTO_ORTIZBLANCO_BRUNO (1)] INFO  o.eclipse.m2e.core.internal.Bundles - 	Entry: C:\Users\ortiz\.p2\pool\plugins\org.eclipse.m2e.maven.runtime_3.9.1100.20250811-2018\jars\org.eclipse.sisu.inject-0.9.0.M4.jar
2025-12-12 11:09:34,855 [Worker-39: Launching PROYECTO_ORTIZBLANCO_BRUNO (1)] INFO  o.eclipse.m2e.core.internal.Bundles - 	Entry: C:\Users\ortiz\.p2\pool\plugins\org.eclipse.m2e.maven.runtime_3.9.1100.20250811-2018\jars\org.eclipse.sisu.plexus-0.9.0.M4.jar
2025-12-12 11:09:34,856 [Worker-39: Launching PROYECTO_ORTIZBLANCO_BRUNO (1)] INFO  o.eclipse.m2e.core.internal.Bundles - 	Entry: C:\Users\ortiz\.p2\pool\plugins\org.eclipse.m2e.maven.runtime_3.9.1100.20250811-2018\jars\plexus-build-api-0.0.7.jar
2025-12-12 11:09:34,856 [Worker-39: Launching PROYECTO_ORTIZBLANCO_BRUNO (1)] INFO  o.eclipse.m2e.core.internal.Bundles - 	Entry: C:\Users\ortiz\.p2\pool\plugins\org.eclipse.m2e.maven.runtime_3.9.1100.20250811-2018\jars\plexus-build-api-1.2.0.jar
2025-12-12 11:09:34,856 [Worker-39: Launching PROYECTO_ORTIZBLANCO_BRUNO (1)] INFO  o.eclipse.m2e.core.internal.Bundles - 	Entry: C:\Users\ortiz\.p2\pool\plugins\org.eclipse.m2e.maven.runtime_3.9.1100.20250811-2018\jars\plexus-cipher-2.0.jar
2025-12-12 11:09:34,856 [Worker-39: Launching PROYECTO_ORTIZBLANCO_BRUNO (1)] INFO  o.eclipse.m2e.core.internal.Bundles - 	Entry: C:\Users\ortiz\.p2\pool\plugins\org.eclipse.m2e.maven.runtime_3.9.1100.20250811-2018\jars\plexus-classworlds-2.9.0.jar
2025-12-12 11:09:34,856 [Worker-39: Launching PROYECTO_ORTIZBLANCO_BRUNO (1)] INFO  o.eclipse.m2e.core.internal.Bundles - 	Entry: C:\Users\ortiz\.p2\pool\plugins\org.eclipse.m2e.maven.runtime_3.9.1100.20250811-2018\jars\plexus-component-annotations-2.2.0.jar
2025-12-12 11:09:34,856 [Worker-39: Launching PROYECTO_ORTIZBLANCO_BRUNO (1)] INFO  o.eclipse.m2e.core.internal.Bundles - 	Entry: C:\Users\ortiz\.p2\pool\plugins\org.eclipse.m2e.maven.runtime_3.9.1100.20250811-2018\jars\plexus-interpolation-1.28.jar
2025-12-12 11:09:34,856 [Worker-39: Launching PROYECTO_ORTIZBLANCO_BRUNO (1)] INFO  o.eclipse.m2e.core.internal.Bundles - 	Entry: C:\Users\ortiz\.p2\pool\plugins\org.eclipse.m2e.maven.runtime_3.9.1100.20250811-2018\jars\plexus-sec-dispatcher-2.0.jar
2025-12-12 11:09:34,857 [Worker-39: Launching PROYECTO_ORTIZBLANCO_BRUNO (1)] INFO  o.eclipse.m2e.core.internal.Bundles - 	Entry: C:\Users\ortiz\.p2\pool\plugins\org.eclipse.m2e.maven.runtime_3.9.1100.20250811-2018\jars\plexus-utils-3.6.0.jar
2025-12-12 11:09:34,857 [Worker-39: Launching PROYECTO_ORTIZBLANCO_BRUNO (1)] INFO  o.eclipse.m2e.core.internal.Bundles - 	Entry: C:\Users\ortiz\.p2\pool\plugins\org.eclipse.m2e.maven.runtime_3.9.1100.20250811-2018\jars\wagon-file-3.5.3.jar
2025-12-12 11:09:34,857 [Worker-39: Launching PROYECTO_ORTIZBLANCO_BRUNO (1)] INFO  o.eclipse.m2e.core.internal.Bundles - 	Entry: C:\Users\ortiz\.p2\pool\plugins\org.eclipse.m2e.maven.runtime_3.9.1100.20250811-2018\jars\wagon-http-3.5.3.jar
2025-12-12 11:09:34,857 [Worker-39: Launching PROYECTO_ORTIZBLANCO_BRUNO (1)] INFO  o.eclipse.m2e.core.internal.Bundles - 	Entry: C:\Users\ortiz\.p2\pool\plugins\org.eclipse.m2e.maven.runtime_3.9.1100.20250811-2018\jars\wagon-http-shared-3.5.3.jar
2025-12-12 11:09:34,857 [Worker-39: Launching PROYECTO_ORTIZBLANCO_BRUNO (1)] INFO  o.eclipse.m2e.core.internal.Bundles - 	Entry: C:\Users\ortiz\.p2\pool\plugins\org.eclipse.m2e.maven.runtime_3.9.1100.20250811-2018\jars\wagon-provider-api-3.5.3.jar
2025-12-12 11:09:34,857 [Worker-39: Launching PROYECTO_ORTIZBLANCO_BRUNO (1)] INFO  o.eclipse.m2e.core.internal.Bundles - getClasspathEntries(Bundle=com.google.guava_33.5.0.jre [1329])
2025-12-12 11:09:34,858 [Worker-39: Launching PROYECTO_ORTIZBLANCO_BRUNO (1)] INFO  o.eclipse.m2e.core.internal.Bundles - 	Entry: C:\Users\ortiz\.p2\pool\plugins\com.google.guava_33.5.0.jre.jar
2025-12-12 11:09:34,858 [Worker-39: Launching PROYECTO_ORTIZBLANCO_BRUNO (1)] INFO  o.eclipse.m2e.core.internal.Bundles - getClasspathEntries(Bundle=slf4j.api_2.0.17 [1006])
2025-12-12 11:09:34,858 [Worker-39: Launching PROYECTO_ORTIZBLANCO_BRUNO (1)] INFO  o.eclipse.m2e.core.internal.Bundles - 	Entry: C:\Users\ortiz\.p2\pool\plugins\slf4j.api_2.0.17.jar
2025-12-12 11:09:34,858 [Worker-39: Launching PROYECTO_ORTIZBLANCO_BRUNO (1)] INFO  o.eclipse.m2e.core.internal.Bundles - getClasspathEntries(Bundle=jakarta.inject.jakarta.inject-api_1.0.5 [35])
2025-12-12 11:09:34,858 [Worker-39: Launching PROYECTO_ORTIZBLANCO_BRUNO (1)] INFO  o.eclipse.m2e.core.internal.Bundles - 	Entry: C:\Users\ortiz\.p2\pool\plugins\jakarta.inject.jakarta.inject-api_1.0.5.jar
2025-12-12 11:09:34,858 [Worker-39: Launching PROYECTO_ORTIZBLANCO_BRUNO (1)] INFO  o.eclipse.m2e.core.internal.Bundles - getClasspathEntries(Bundle=jakarta.annotation-api_1.3.5 [31])
2025-12-12 11:09:34,859 [Worker-39: Launching PROYECTO_ORTIZBLANCO_BRUNO (1)] INFO  o.eclipse.m2e.core.internal.Bundles - 	Entry: C:\Users\ortiz\.p2\pool\plugins\jakarta.annotation-api_1.3.5.jar
2025-12-12 11:09:34,859 [Worker-39: Launching PROYECTO_ORTIZBLANCO_BRUNO (1)] INFO  o.eclipse.m2e.core.internal.Bundles - getClasspathEntries(Bundle=org.apache.commons.cli_1.10.0 [75])
2025-12-12 11:09:34,859 [Worker-39: Launching PROYECTO_ORTIZBLANCO_BRUNO (1)] INFO  o.eclipse.m2e.core.internal.Bundles - 	Entry: C:\Users\ortiz\.p2\pool\plugins\org.apache.commons.cli_1.10.0.jar
2025-12-12 11:09:34,859 [Worker-39: Launching PROYECTO_ORTIZBLANCO_BRUNO (1)] INFO  o.eclipse.m2e.core.internal.Bundles - getClasspathEntries(Bundle=org.apache.commons.commons-codec_1.20.0 [1265])
2025-12-12 11:09:34,859 [Worker-39: Launching PROYECTO_ORTIZBLANCO_BRUNO (1)] INFO  o.eclipse.m2e.core.internal.Bundles - 	Entry: C:\Users\ortiz\.p2\pool\plugins\org.apache.commons.commons-codec_1.20.0.jar
2025-12-12 11:09:34,859 [Worker-39: Launching PROYECTO_ORTIZBLANCO_BRUNO (1)] INFO  o.eclipse.m2e.core.internal.Bundles - getClasspathEntries(Bundle=com.google.guava.failureaccess_1.0.3 [19])
2025-12-12 11:09:34,860 [Worker-39: Launching PROYECTO_ORTIZBLANCO_BRUNO (1)] INFO  o.eclipse.m2e.core.internal.Bundles - 	Entry: C:\Users\ortiz\.p2\pool\plugins\com.google.guava.failureaccess_1.0.3.jar
2025-12-12 11:09:34,861 [Worker-39: Launching PROYECTO_ORTIZBLANCO_BRUNO (1)] INFO  o.e.m.i.launch.MavenLaunchDelegate - Run build in "C:\Users\ortiz\OneDrive\Documentos\proyecto\PROYECTO_ORTIZBLANCO_BRUNO\PROYECTO_ORTIZBLANCO_BRUNO":
2025-12-12 11:09:34,861 [Worker-39: Launching PROYECTO_ORTIZBLANCO_BRUNO (1)] INFO  o.e.m.i.launch.MavenLaunchDelegate -  mvn  -B -Dstyle.color=always 
2025-12-12 11:09:43,393 [Worker-39: Launching Executing clean in C__Users_ortiz_OneDrive_Documentos_proyecto_PROYECTO_ORTIZBLANCO_BRUNO_PROYECTO_ORTIZBLANCO_BRUNO] INFO  o.eclipse.m2e.core.internal.Bundles - getClasspathEntries(Bundle=org.eclipse.m2e.maven.runtime_3.9.1100.20250811-2018 [641])
2025-12-12 11:09:43,393 [Worker-39: Launching Executing clean in C__Users_ortiz_OneDrive_Documentos_proyecto_PROYECTO_ORTIZBLANCO_BRUNO_PROYECTO_ORTIZBLANCO_BRUNO] INFO  o.eclipse.m2e.core.internal.Bundles - 	Entry: C:\Users\ortiz\.p2\pool\plugins\org.eclipse.m2e.maven.runtime_3.9.1100.20250811-2018
2025-12-12 11:09:43,393 [Worker-39: Launching Executing clean in C__Users_ortiz_OneDrive_Documentos_proyecto_PROYECTO_ORTIZBLANCO_BRUNO_PROYECTO_ORTIZBLANCO_BRUNO] INFO  o.eclipse.m2e.core.internal.Bundles - 	Entry: C:\Users\ortiz\.p2\pool\plugins\org.eclipse.m2e.maven.runtime_3.9.1100.20250811-2018\jars\aopalliance-1.0.jar
2025-12-12 11:09:43,393 [Worker-39: Launching Executing clean in C__Users_ortiz_OneDrive_Documentos_proyecto_PROYECTO_ORTIZBLANCO_BRUNO_PROYECTO_ORTIZBLANCO_BRUNO] INFO  o.eclipse.m2e.core.internal.Bundles - 	Entry: C:\Users\ortiz\.p2\pool\plugins\org.eclipse.m2e.maven.runtime_3.9.1100.20250811-2018\jars\asm-9.8.jar
2025-12-12 11:09:43,395 [Worker-39: Launching Executing clean in C__Users_ortiz_OneDrive_Documentos_proyecto_PROYECTO_ORTIZBLANCO_BRUNO_PROYECTO_ORTIZBLANCO_BRUNO] INFO  o.eclipse.m2e.core.internal.Bundles - 	Entry: C:\Users\ortiz\.p2\pool\plugins\org.eclipse.m2e.maven.runtime_3.9.1100.20250811-2018\jars\error_prone_annotations-2.38.0.jar
2025-12-12 11:09:43,395 [Worker-39: Launching Executing clean in C__Users_ortiz_OneDrive_Documentos_proyecto_PROYECTO_ORTIZBLANCO_BRUNO_PROYECTO_ORTIZBLANCO_BRUNO] INFO  o.eclipse.m2e.core.internal.Bundles - 	Entry: C:\Users\ortiz\.p2\pool\plugins\org.eclipse.m2e.maven.runtime_3.9.1100.20250811-2018\jars\gson-2.13.1.jar
2025-12-12 11:09:43,395 [Worker-39: Launching Executing clean in C__Users_ortiz_OneDrive_Documentos_proyecto_PROYECTO_ORTIZBLANCO_BRUNO_PROYECTO_ORTIZBLANCO_BRUNO] INFO  o.eclipse.m2e.core.internal.Bundles - 	Entry: C:\Users\ortiz\.p2\pool\plugins\org.eclipse.m2e.maven.runtime_3.9.1100.20250811-2018\jars\guice-5.1.0-classes.jar
2025-12-12 11:09:43,395 [Worker-39: Launching Executing clean in C__Users_ortiz_OneDrive_Documentos_proyecto_PROYECTO_ORTIZBLANCO_BRUNO_PROYECTO_ORTIZBLANCO_BRUNO] INFO  o.eclipse.m2e.core.internal.Bundles - 	Entry: C:\Users\ortiz\.p2\pool\plugins\org.eclipse.m2e.maven.runtime_3.9.1100.20250811-2018\jars\httpclient-4.5.14.jar
2025-12-12 11:09:43,395 [Worker-39: Launching Executing clean in C__Users_ortiz_OneDrive_Documentos_proyecto_PROYECTO_ORTIZBLANCO_BRUNO_PROYECTO_ORTIZBLANCO_BRUNO] INFO  o.eclipse.m2e.core.internal.Bundles - 	Entry: C:\Users\ortiz\.p2\pool\plugins\org.eclipse.m2e.maven.runtime_3.9.1100.20250811-2018\jars\httpcore-4.4.16.jar
2025-12-12 11:09:43,395 [Worker-39: Launching Executing clean in C__Users_ortiz_OneDrive_Documentos_proyecto_PROYECTO_ORTIZBLANCO_BRUNO_PROYECTO_ORTIZBLANCO_BRUNO] INFO  o.eclipse.m2e.core.internal.Bundles - 	Entry: C:\Users\ortiz\.p2\pool\plugins\org.eclipse.m2e.maven.runtime_3.9.1100.20250811-2018\jars\jansi-2.4.2.jar
2025-12-12 11:09:43,395 [Worker-39: Launching Executing clean in C__Users_ortiz_OneDrive_Documentos_proyecto_PROYECTO_ORTIZBLANCO_BRUNO_PROYECTO_ORTIZBLANCO_BRUNO] INFO  o.eclipse.m2e.core.internal.Bundles - 	Entry: C:\Users\ortiz\.p2\pool\plugins\org.eclipse.m2e.maven.runtime_3.9.1100.20250811-2018\jars\jcl-over-slf4j-1.7.36.jar
2025-12-12 11:09:43,395 [Worker-39: Launching Executing clean in C__Users_ortiz_OneDrive_Documentos_proyecto_PROYECTO_ORTIZBLANCO_BRUNO_PROYECTO_ORTIZBLANCO_BRUNO] INFO  o.eclipse.m2e.core.internal.Bundles - 	Entry: C:\Users\ortiz\.p2\pool\plugins\org.eclipse.m2e.maven.runtime_3.9.1100.20250811-2018\jars\maven-artifact-3.9.11.jar
2025-12-12 11:09:43,395 [Worker-39: Launching Executing clean in C__Users_ortiz_OneDrive_Documentos_proyecto_PROYECTO_ORTIZBLANCO_BRUNO_PROYECTO_ORTIZBLANCO_BRUNO] INFO  o.eclipse.m2e.core.internal.Bundles - 	Entry: C:\Users\ortiz\.p2\pool\plugins\org.eclipse.m2e.maven.runtime_3.9.1100.20250811-2018\jars\maven-builder-support-3.9.11.jar
2025-12-12 11:09:43,396 [Worker-39: Launching Executing clean in C__Users_ortiz_OneDrive_Documentos_proyecto_PROYECTO_ORTIZBLANCO_BRUNO_PROYECTO_ORTIZBLANCO_BRUNO] INFO  o.eclipse.m2e.core.internal.Bundles - 	Entry: C:\Users\ortiz\.p2\pool\plugins\org.eclipse.m2e.maven.runtime_3.9.1100.20250811-2018\jars\maven-compat-3.9.11.jar
2025-12-12 11:09:43,396 [Worker-39: Launching Executing clean in C__Users_ortiz_OneDrive_Documentos_proyecto_PROYECTO_ORTIZBLANCO_BRUNO_PROYECTO_ORTIZBLANCO_BRUNO] INFO  o.eclipse.m2e.core.internal.Bundles - 	Entry: C:\Users\ortiz\.p2\pool\plugins\org.eclipse.m2e.maven.runtime_3.9.1100.20250811-2018\jars\maven-core-3.9.11.jar
2025-12-12 11:09:43,396 [Worker-39: Launching Executing clean in C__Users_ortiz_OneDrive_Documentos_proyecto_PROYECTO_ORTIZBLANCO_BRUNO_PROYECTO_ORTIZBLANCO_BRUNO] INFO  o.eclipse.m2e.core.internal.Bundles - 	Entry: C:\Users\ortiz\.p2\pool\plugins\org.eclipse.m2e.maven.runtime_3.9.1100.20250811-2018\jars\maven-embedder-3.9.11.jar
2025-12-12 11:09:43,396 [Worker-39: Launching Executing clean in C__Users_ortiz_OneDrive_Documentos_proyecto_PROYECTO_ORTIZBLANCO_BRUNO_PROYECTO_ORTIZBLANCO_BRUNO] INFO  o.eclipse.m2e.core.internal.Bundles - 	Entry: C:\Users\ortiz\.p2\pool\plugins\org.eclipse.m2e.maven.runtime_3.9.1100.20250811-2018\jars\maven-model-3.9.11.jar
2025-12-12 11:09:43,396 [Worker-39: Launching Executing clean in C__Users_ortiz_OneDrive_Documentos_proyecto_PROYECTO_ORTIZBLANCO_BRUNO_PROYECTO_ORTIZBLANCO_BRUNO] INFO  o.eclipse.m2e.core.internal.Bundles - 	Entry: C:\Users\ortiz\.p2\pool\plugins\org.eclipse.m2e.maven.runtime_3.9.1100.20250811-2018\jars\maven-model-builder-3.9.11.jar
2025-12-12 11:09:43,396 [Worker-39: Launching Executing clean in C__Users_ortiz_OneDrive_Documentos_proyecto_PROYECTO_ORTIZBLANCO_BRUNO_PROYECTO_ORTIZBLANCO_BRUNO] INFO  o.eclipse.m2e.core.internal.Bundles - 	Entry: C:\Users\ortiz\.p2\pool\plugins\org.eclipse.m2e.maven.runtime_3.9.1100.20250811-2018\jars\maven-plugin-api-3.9.11.jar
2025-12-12 11:09:43,396 [Worker-39: Launching Executing clean in C__Users_ortiz_OneDrive_Documentos_proyecto_PROYECTO_ORTIZBLANCO_BRUNO_PROYECTO_ORTIZBLANCO_BRUNO] INFO  o.eclipse.m2e.core.internal.Bundles - 	Entry: C:\Users\ortiz\.p2\pool\plugins\org.eclipse.m2e.maven.runtime_3.9.1100.20250811-2018\jars\maven-repository-metadata-3.9.11.jar
2025-12-12 11:09:43,396 [Worker-39: Launching Executing clean in C__Users_ortiz_OneDrive_Documentos_proyecto_PROYECTO_ORTIZBLANCO_BRUNO_PROYECTO_ORTIZBLANCO_BRUNO] INFO  o.eclipse.m2e.core.internal.Bundles - 	Entry: C:\Users\ortiz\.p2\pool\plugins\org.eclipse.m2e.maven.runtime_3.9.1100.20250811-2018\jars\maven-resolver-api-1.9.24.jar
2025-12-12 11:09:43,396 [Worker-39: Launching Executing clean in C__Users_ortiz_OneDrive_Documentos_proyecto_PROYECTO_ORTIZBLANCO_BRUNO_PROYECTO_ORTIZBLANCO_BRUNO] INFO  o.eclipse.m2e.core.internal.Bundles - 	Entry: C:\Users\ortiz\.p2\pool\plugins\org.eclipse.m2e.maven.runtime_3.9.1100.20250811-2018\jars\maven-resolver-connector-basic-1.9.24.jar
2025-12-12 11:09:43,397 [Worker-39: Launching Executing clean in C__Users_ortiz_OneDrive_Documentos_proyecto_PROYECTO_ORTIZBLANCO_BRUNO_PROYECTO_ORTIZBLANCO_BRUNO] INFO  o.eclipse.m2e.core.internal.Bundles - 	Entry: C:\Users\ortiz\.p2\pool\plugins\org.eclipse.m2e.maven.runtime_3.9.1100.20250811-2018\jars\maven-resolver-impl-1.9.24.jar
2025-12-12 11:09:43,397 [Worker-39: Launching Executing clean in C__Users_ortiz_OneDrive_Documentos_proyecto_PROYECTO_ORTIZBLANCO_BRUNO_PROYECTO_ORTIZBLANCO_BRUNO] INFO  o.eclipse.m2e.core.internal.Bundles - 	Entry: C:\Users\ortiz\.p2\pool\plugins\org.eclipse.m2e.maven.runtime_3.9.1100.20250811-2018\jars\maven-resolver-named-locks-1.9.24.jar
2025-12-12 11:09:43,397 [Worker-39: Launching Executing clean in C__Users_ortiz_OneDrive_Documentos_proyecto_PROYECTO_ORTIZBLANCO_BRUNO_PROYECTO_ORTIZBLANCO_BRUNO] INFO  o.eclipse.m2e.core.internal.Bundles - 	Entry: C:\Users\ortiz\.p2\pool\plugins\org.eclipse.m2e.maven.runtime_3.9.1100.20250811-2018\jars\maven-resolver-provider-3.9.11.jar
2025-12-12 11:09:43,397 [Worker-39: Launching Executing clean in C__Users_ortiz_OneDrive_Documentos_proyecto_PROYECTO_ORTIZBLANCO_BRUNO_PROYECTO_ORTIZBLANCO_BRUNO] INFO  o.eclipse.m2e.core.internal.Bundles - 	Entry: C:\Users\ortiz\.p2\pool\plugins\org.eclipse.m2e.maven.runtime_3.9.1100.20250811-2018\jars\maven-resolver-spi-1.9.24.jar
2025-12-12 11:09:43,397 [Worker-39: Launching Executing clean in C__Users_ortiz_OneDrive_Documentos_proyecto_PROYECTO_ORTIZBLANCO_BRUNO_PROYECTO_ORTIZBLANCO_BRUNO] INFO  o.eclipse.m2e.core.internal.Bundles - 	Entry: C:\Users\ortiz\.p2\pool\plugins\org.eclipse.m2e.maven.runtime_3.9.1100.20250811-2018\jars\maven-resolver-transport-file-1.9.24.jar
2025-12-12 11:09:43,397 [Worker-39: Launching Executing clean in C__Users_ortiz_OneDrive_Documentos_proyecto_PROYECTO_ORTIZBLANCO_BRUNO_PROYECTO_ORTIZBLANCO_BRUNO] INFO  o.eclipse.m2e.core.internal.Bundles - 	Entry: C:\Users\ortiz\.p2\pool\plugins\org.eclipse.m2e.maven.runtime_3.9.1100.20250811-2018\jars\maven-resolver-transport-http-1.9.24.jar
2025-12-12 11:09:43,397 [Worker-39: Launching Executing clean in C__Users_ortiz_OneDrive_Documentos_proyecto_PROYECTO_ORTIZBLANCO_BRUNO_PROYECTO_ORTIZBLANCO_BRUNO] INFO  o.eclipse.m2e.core.internal.Bundles - 	Entry: C:\Users\ortiz\.p2\pool\plugins\org.eclipse.m2e.maven.runtime_3.9.1100.20250811-2018\jars\maven-resolver-transport-wagon-1.9.24.jar
2025-12-12 11:09:43,397 [Worker-39: Launching Executing clean in C__Users_ortiz_OneDrive_Documentos_proyecto_PROYECTO_ORTIZBLANCO_BRUNO_PROYECTO_ORTIZBLANCO_BRUNO] INFO  o.eclipse.m2e.core.internal.Bundles - 	Entry: C:\Users\ortiz\.p2\pool\plugins\org.eclipse.m2e.maven.runtime_3.9.1100.20250811-2018\jars\maven-resolver-util-1.9.24.jar
2025-12-12 11:09:43,397 [Worker-39: Launching Executing clean in C__Users_ortiz_OneDrive_Documentos_proyecto_PROYECTO_ORTIZBLANCO_BRUNO_PROYECTO_ORTIZBLANCO_BRUNO] INFO  o.eclipse.m2e.core.internal.Bundles - 	Entry: C:\Users\ortiz\.p2\pool\plugins\org.eclipse.m2e.maven.runtime_3.9.1100.20250811-2018\jars\maven-settings-3.9.11.jar
2025-12-12 11:09:43,397 [Worker-39: Launching Executing clean in C__Users_ortiz_OneDrive_Documentos_proyecto_PROYECTO_ORTIZBLANCO_BRUNO_PROYECTO_ORTIZBLANCO_BRUNO] INFO  o.eclipse.m2e.core.internal.Bundles - 	Entry: C:\Users\ortiz\.p2\pool\plugins\org.eclipse.m2e.maven.runtime_3.9.1100.20250811-2018\jars\maven-settings-builder-3.9.11.jar
2025-12-12 11:09:43,398 [Worker-39: Launching Executing clean in C__Users_ortiz_OneDrive_Documentos_proyecto_PROYECTO_ORTIZBLANCO_BRUNO_PROYECTO_ORTIZBLANCO_BRUNO] INFO  o.eclipse.m2e.core.internal.Bundles - 	Entry: C:\Users\ortiz\.p2\pool\plugins\org.eclipse.m2e.maven.runtime_3.9.1100.20250811-2018\jars\maven-shared-utils-3.4.2.jar
2025-12-12 11:09:43,398 [Worker-39: Launching Executing clean in C__Users_ortiz_OneDrive_Documentos_proyecto_PROYECTO_ORTIZBLANCO_BRUNO_PROYECTO_ORTIZBLANCO_BRUNO] INFO  o.eclipse.m2e.core.internal.Bundles - 	Entry: C:\Users\ortiz\.p2\pool\plugins\org.eclipse.m2e.maven.runtime_3.9.1100.20250811-2018\jars\org.eclipse.sisu.inject-0.9.0.M4.jar
2025-12-12 11:09:43,398 [Worker-39: Launching Executing clean in C__Users_ortiz_OneDrive_Documentos_proyecto_PROYECTO_ORTIZBLANCO_BRUNO_PROYECTO_ORTIZBLANCO_BRUNO] INFO  o.eclipse.m2e.core.internal.Bundles - 	Entry: C:\Users\ortiz\.p2\pool\plugins\org.eclipse.m2e.maven.runtime_3.9.1100.20250811-2018\jars\org.eclipse.sisu.plexus-0.9.0.M4.jar
2025-12-12 11:09:43,398 [Worker-39: Launching Executing clean in C__Users_ortiz_OneDrive_Documentos_proyecto_PROYECTO_ORTIZBLANCO_BRUNO_PROYECTO_ORTIZBLANCO_BRUNO] INFO  o.eclipse.m2e.core.internal.Bundles - 	Entry: C:\Users\ortiz\.p2\pool\plugins\org.eclipse.m2e.maven.runtime_3.9.1100.20250811-2018\jars\plexus-build-api-0.0.7.jar
2025-12-12 11:09:43,398 [Worker-39: Launching Executing clean in C__Users_ortiz_OneDrive_Documentos_proyecto_PROYECTO_ORTIZBLANCO_BRUNO_PROYECTO_ORTIZBLANCO_BRUNO] INFO  o.eclipse.m2e.core.internal.Bundles - 	Entry: C:\Users\ortiz\.p2\pool\plugins\org.eclipse.m2e.maven.runtime_3.9.1100.20250811-2018\jars\plexus-build-api-1.2.0.jar
2025-12-12 11:09:43,398 [Worker-39: Launching Executing clean in C__Users_ortiz_OneDrive_Documentos_proyecto_PROYECTO_ORTIZBLANCO_BRUNO_PROYECTO_ORTIZBLANCO_BRUNO] INFO  o.eclipse.m2e.core.internal.Bundles - 	Entry: C:\Users\ortiz\.p2\pool\plugins\org.eclipse.m2e.maven.runtime_3.9.1100.20250811-2018\jars\plexus-cipher-2.0.jar
2025-12-12 11:09:43,398 [Worker-39: Launching Executing clean in C__Users_ortiz_OneDrive_Documentos_proyecto_PROYECTO_ORTIZBLANCO_BRUNO_PROYECTO_ORTIZBLANCO_BRUNO] INFO  o.eclipse.m2e.core.internal.Bundles - 	Entry: C:\Users\ortiz\.p2\pool\plugins\org.eclipse.m2e.maven.runtime_3.9.1100.20250811-2018\jars\plexus-classworlds-2.9.0.jar
2025-12-12 11:09:43,399 [Worker-39: Launching Executing clean in C__Users_ortiz_OneDrive_Documentos_proyecto_PROYECTO_ORTIZBLANCO_BRUNO_PROYECTO_ORTIZBLANCO_BRUNO] INFO  o.eclipse.m2e.core.internal.Bundles - 	Entry: C:\Users\ortiz\.p2\pool\plugins\org.eclipse.m2e.maven.runtime_3.9.1100.20250811-2018\jars\plexus-component-annotations-2.2.0.jar
2025-12-12 11:09:43,399 [Worker-39: Launching Executing clean in C__Users_ortiz_OneDrive_Documentos_proyecto_PROYECTO_ORTIZBLANCO_BRUNO_PROYECTO_ORTIZBLANCO_BRUNO] INFO  o.eclipse.m2e.core.internal.Bundles - 	Entry: C:\Users\ortiz\.p2\pool\plugins\org.eclipse.m2e.maven.runtime_3.9.1100.20250811-2018\jars\plexus-interpolation-1.28.jar
2025-12-12 11:09:43,399 [Worker-39: Launching Executing clean in C__Users_ortiz_OneDrive_Documentos_proyecto_PROYECTO_ORTIZBLANCO_BRUNO_PROYECTO_ORTIZBLANCO_BRUNO] INFO  o.eclipse.m2e.core.internal.Bundles - 	Entry: C:\Users\ortiz\.p2\pool\plugins\org.eclipse.m2e.maven.runtime_3.9.1100.20250811-2018\jars\plexus-sec-dispatcher-2.0.jar
2025-12-12 11:09:43,399 [Worker-39: Launching Executing clean in C__Users_ortiz_OneDrive_Documentos_proyecto_PROYECTO_ORTIZBLANCO_BRUNO_PROYECTO_ORTIZBLANCO_BRUNO] INFO  o.eclipse.m2e.core.internal.Bundles - 	Entry: C:\Users\ortiz\.p2\pool\plugins\org.eclipse.m2e.maven.runtime_3.9.1100.20250811-2018\jars\plexus-utils-3.6.0.jar
2025-12-12 11:09:43,399 [Worker-39: Launching Executing clean in C__Users_ortiz_OneDrive_Documentos_proyecto_PROYECTO_ORTIZBLANCO_BRUNO_PROYECTO_ORTIZBLANCO_BRUNO] INFO  o.eclipse.m2e.core.internal.Bundles - 	Entry: C:\Users\ortiz\.p2\pool\plugins\org.eclipse.m2e.maven.runtime_3.9.1100.20250811-2018\jars\wagon-file-3.5.3.jar
2025-12-12 11:09:43,399 [Worker-39: Launching Executing clean in C__Users_ortiz_OneDrive_Documentos_proyecto_PROYECTO_ORTIZBLANCO_BRUNO_PROYECTO_ORTIZBLANCO_BRUNO] INFO  o.eclipse.m2e.core.internal.Bundles - 	Entry: C:\Users\ortiz\.p2\pool\plugins\org.eclipse.m2e.maven.runtime_3.9.1100.20250811-2018\jars\wagon-http-3.5.3.jar
2025-12-12 11:09:43,399 [Worker-39: Launching Executing clean in C__Users_ortiz_OneDrive_Documentos_proyecto_PROYECTO_ORTIZBLANCO_BRUNO_PROYECTO_ORTIZBLANCO_BRUNO] INFO  o.eclipse.m2e.core.internal.Bundles - 	Entry: C:\Users\ortiz\.p2\pool\plugins\org.eclipse.m2e.maven.runtime_3.9.1100.20250811-2018\jars\wagon-http-shared-3.5.3.jar
2025-12-12 11:09:43,400 [Worker-39: Launching Executing clean in C__Users_ortiz_OneDrive_Documentos_proyecto_PROYECTO_ORTIZBLANCO_BRUNO_PROYECTO_ORTIZBLANCO_BRUNO] INFO  o.eclipse.m2e.core.internal.Bundles - 	Entry: C:\Users\ortiz\.p2\pool\plugins\org.eclipse.m2e.maven.runtime_3.9.1100.20250811-2018\jars\wagon-provider-api-3.5.3.jar
2025-12-12 11:09:43,400 [Worker-39: Launching Executing clean in C__Users_ortiz_OneDrive_Documentos_proyecto_PROYECTO_ORTIZBLANCO_BRUNO_PROYECTO_ORTIZBLANCO_BRUNO] INFO  o.eclipse.m2e.core.internal.Bundles - getClasspathEntries(Bundle=com.google.guava_33.5.0.jre [1329])
2025-12-12 11:09:43,400 [Worker-39: Launching Executing clean in C__Users_ortiz_OneDrive_Documentos_proyecto_PROYECTO_ORTIZBLANCO_BRUNO_PROYECTO_ORTIZBLANCO_BRUNO] INFO  o.eclipse.m2e.core.internal.Bundles - 	Entry: C:\Users\ortiz\.p2\pool\plugins\com.google.guava_33.5.0.jre.jar
2025-12-12 11:09:43,400 [Worker-39: Launching Executing clean in C__Users_ortiz_OneDrive_Documentos_proyecto_PROYECTO_ORTIZBLANCO_BRUNO_PROYECTO_ORTIZBLANCO_BRUNO] INFO  o.eclipse.m2e.core.internal.Bundles - getClasspathEntries(Bundle=slf4j.api_2.0.17 [1006])
2025-12-12 11:09:43,401 [Worker-39: Launching Executing clean in C__Users_ortiz_OneDrive_Documentos_proyecto_PROYECTO_ORTIZBLANCO_BRUNO_PROYECTO_ORTIZBLANCO_BRUNO] INFO  o.eclipse.m2e.core.internal.Bundles - 	Entry: C:\Users\ortiz\.p2\pool\plugins\slf4j.api_2.0.17.jar
2025-12-12 11:09:43,401 [Worker-39: Launching Executing clean in C__Users_ortiz_OneDrive_Documentos_proyecto_PROYECTO_ORTIZBLANCO_BRUNO_PROYECTO_ORTIZBLANCO_BRUNO] INFO  o.eclipse.m2e.core.internal.Bundles - getClasspathEntries(Bundle=jakarta.inject.jakarta.inject-api_1.0.5 [35])
2025-12-12 11:09:43,401 [Worker-39: Launching Executing clean in C__Users_ortiz_OneDrive_Documentos_proyecto_PROYECTO_ORTIZBLANCO_BRUNO_PROYECTO_ORTIZBLANCO_BRUNO] INFO  o.eclipse.m2e.core.internal.Bundles - 	Entry: C:\Users\ortiz\.p2\pool\plugins\jakarta.inject.jakarta.inject-api_1.0.5.jar
2025-12-12 11:09:43,401 [Worker-39: Launching Executing clean in C__Users_ortiz_OneDrive_Documentos_proyecto_PROYECTO_ORTIZBLANCO_BRUNO_PROYECTO_ORTIZBLANCO_BRUNO] INFO  o.eclipse.m2e.core.internal.Bundles - getClasspathEntries(Bundle=jakarta.annotation-api_1.3.5 [31])
2025-12-12 11:09:43,401 [Worker-39: Launching Executing clean in C__Users_ortiz_OneDrive_Documentos_proyecto_PROYECTO_ORTIZBLANCO_BRUNO_PROYECTO_ORTIZBLANCO_BRUNO] INFO  o.eclipse.m2e.core.internal.Bundles - 	Entry: C:\Users\ortiz\.p2\pool\plugins\jakarta.annotation-api_1.3.5.jar
2025-12-12 11:09:43,401 [Worker-39: Launching Executing clean in C__Users_ortiz_OneDrive_Documentos_proyecto_PROYECTO_ORTIZBLANCO_BRUNO_PROYECTO_ORTIZBLANCO_BRUNO] INFO  o.eclipse.m2e.core.internal.Bundles - getClasspathEntries(Bundle=org.apache.commons.cli_1.10.0 [75])
2025-12-12 11:09:43,402 [Worker-39: Launching Executing clean in C__Users_ortiz_OneDrive_Documentos_proyecto_PROYECTO_ORTIZBLANCO_BRUNO_PROYECTO_ORTIZBLANCO_BRUNO] INFO  o.eclipse.m2e.core.internal.Bundles - 	Entry: C:\Users\ortiz\.p2\pool\plugins\org.apache.commons.cli_1.10.0.jar
2025-12-12 11:09:43,402 [Worker-39: Launching Executing clean in C__Users_ortiz_OneDrive_Documentos_proyecto_PROYECTO_ORTIZBLANCO_BRUNO_PROYECTO_ORTIZBLANCO_BRUNO] INFO  o.eclipse.m2e.core.internal.Bundles - getClasspathEntries(Bundle=org.apache.commons.commons-codec_1.20.0 [1265])
2025-12-12 11:09:43,402 [Worker-39: Launching Executing clean in C__Users_ortiz_OneDrive_Documentos_proyecto_PROYECTO_ORTIZBLANCO_BRUNO_PROYECTO_ORTIZBLANCO_BRUNO] INFO  o.eclipse.m2e.core.internal.Bundles - 	Entry: C:\Users\ortiz\.p2\pool\plugins\org.apache.commons.commons-codec_1.20.0.jar
2025-12-12 11:09:43,402 [Worker-39: Launching Executing clean in C__Users_ortiz_OneDrive_Documentos_proyecto_PROYECTO_ORTIZBLANCO_BRUNO_PROYECTO_ORTIZBLANCO_BRUNO] INFO  o.eclipse.m2e.core.internal.Bundles - getClasspathEntries(Bundle=com.google.guava.failureaccess_1.0.3 [19])
2025-12-12 11:09:43,402 [Worker-39: Launching Executing clean in C__Users_ortiz_OneDrive_Documentos_proyecto_PROYECTO_ORTIZBLANCO_BRUNO_PROYECTO_ORTIZBLANCO_BRUNO] INFO  o.eclipse.m2e.core.internal.Bundles - 	Entry: C:\Users\ortiz\.p2\pool\plugins\com.google.guava.failureaccess_1.0.3.jar
2025-12-12 11:09:43,403 [Worker-39: Launching Executing clean in C__Users_ortiz_OneDrive_Documentos_proyecto_PROYECTO_ORTIZBLANCO_BRUNO_PROYECTO_ORTIZBLANCO_BRUNO] INFO  o.e.m.i.launch.MavenLaunchDelegate - Run build in "C:\Users\ortiz\OneDrive\Documentos\proyecto\PROYECTO_ORTIZBLANCO_BRUNO\PROYECTO_ORTIZBLANCO_BRUNO":
2025-12-12 11:09:43,403 [Worker-39: Launching Executing clean in C__Users_ortiz_OneDrive_Documentos_proyecto_PROYECTO_ORTIZBLANCO_BRUNO_PROYECTO_ORTIZBLANCO_BRUNO] INFO  o.e.m.i.launch.MavenLaunchDelegate -  mvn  -B -Dstyle.color=always clean
2025-12-12 11:09:46,031 [Worker-40: Building] INFO  o.a.m.s.f.DefaultMavenResourcesFiltering - skip non existing resourceDirectory C:\Users\ortiz\OneDrive\Documentos\proyecto\PROYECTO_ORTIZBLANCO_BRUNO\PROYECTO_ORTIZBLANCO_BRUNO\src\main\resources
2025-12-12 11:09:46,031 [Worker-40: Building] INFO  o.a.m.s.f.DefaultMavenResourcesFiltering - skip non existing resourceDirectory C:\Users\ortiz\OneDrive\Documentos\proyecto\PROYECTO_ORTIZBLANCO_BRUNO\PROYECTO_ORTIZBLANCO_BRUNO\src\main\resources
2025-12-12 11:09:46,032 [Worker-40: Building] INFO  o.a.m.s.f.DefaultMavenResourcesFiltering - skip non existing resourceDirectory C:\Users\ortiz\OneDrive\Documentos\proyecto\PROYECTO_ORTIZBLANCO_BRUNO\PROYECTO_ORTIZBLANCO_BRUNO\src\test\resources
2025-12-12 11:09:46,040 [Worker-40: Building] WARN  o.apache.maven.project.MavenProject - Direct modification of compileSourceRoots through clear() is deprecated and will not work in Maven 4.0.0. Please use the add/remove methods instead. If you're using a plugin that causes this warning, please upgrade to the latest version and report an issue if the warning persists. To disable these warnings, set -Dmaven.project.sourceRoots.warningsDisabled=true on the command line, in the .mvn/maven.config file, or in project POM properties.
2025-12-12 11:09:46,041 [Worker-40: Building] WARN  o.apache.maven.project.MavenProject - Direct modification of compileSourceRoots through add() is deprecated and will not work in Maven 4.0.0. Please use the add/remove methods instead. If you're using a plugin that causes this warning, please upgrade to the latest version and report an issue if the warning persists. To disable these warnings, set -Dmaven.project.sourceRoots.warningsDisabled=true on the command line, in the .mvn/maven.config file, or in project POM properties.
2025-12-12 11:09:46,041 [Worker-40: Building] WARN  o.apache.maven.project.MavenProject - Direct modification of testCompileSourceRoots through clear() is deprecated and will not work in Maven 4.0.0. Please use the add/remove methods instead. If you're using a plugin that causes this warning, please upgrade to the latest version and report an issue if the warning persists. To disable these warnings, set -Dmaven.project.sourceRoots.warningsDisabled=true on the command line, in the .mvn/maven.config file, or in project POM properties.
2025-12-12 11:09:46,041 [Worker-40: Building] WARN  o.apache.maven.project.MavenProject - Direct modification of testCompileSourceRoots through add() is deprecated and will not work in Maven 4.0.0. Please use the add/remove methods instead. If you're using a plugin that causes this warning, please upgrade to the latest version and report an issue if the warning persists. To disable these warnings, set -Dmaven.project.sourceRoots.warningsDisabled=true on the command line, in the .mvn/maven.config file, or in project POM properties.
2025-12-12 11:09:57,885 [Worker-41: Launching Executing install in C__Users_ortiz_OneDrive_Documentos_proyecto_PROYECTO_ORTIZBLANCO_BRUNO_PROYECTO_ORTIZBLANCO_BRUNO] INFO  o.eclipse.m2e.core.internal.Bundles - getClasspathEntries(Bundle=org.eclipse.m2e.maven.runtime_3.9.1100.20250811-2018 [641])
2025-12-12 11:09:57,885 [Worker-41: Launching Executing install in C__Users_ortiz_OneDrive_Documentos_proyecto_PROYECTO_ORTIZBLANCO_BRUNO_PROYECTO_ORTIZBLANCO_BRUNO] INFO  o.eclipse.m2e.core.internal.Bundles - 	Entry: C:\Users\ortiz\.p2\pool\plugins\org.eclipse.m2e.maven.runtime_3.9.1100.20250811-2018
2025-12-12 11:09:57,885 [Worker-41: Launching Executing install in C__Users_ortiz_OneDrive_Documentos_proyecto_PROYECTO_ORTIZBLANCO_BRUNO_PROYECTO_ORTIZBLANCO_BRUNO] INFO  o.eclipse.m2e.core.internal.Bundles - 	Entry: C:\Users\ortiz\.p2\pool\plugins\org.eclipse.m2e.maven.runtime_3.9.1100.20250811-2018\jars\aopalliance-1.0.jar
2025-12-12 11:09:57,885 [Worker-41: Launching Executing install in C__Users_ortiz_OneDrive_Documentos_proyecto_PROYECTO_ORTIZBLANCO_BRUNO_PROYECTO_ORTIZBLANCO_BRUNO] INFO  o.eclipse.m2e.core.internal.Bundles - 	Entry: C:\Users\ortiz\.p2\pool\plugins\org.eclipse.m2e.maven.runtime_3.9.1100.20250811-2018\jars\asm-9.8.jar
2025-12-12 11:09:57,886 [Worker-41: Launching Executing install in C__Users_ortiz_OneDrive_Documentos_proyecto_PROYECTO_ORTIZBLANCO_BRUNO_PROYECTO_ORTIZBLANCO_BRUNO] INFO  o.eclipse.m2e.core.internal.Bundles - 	Entry: C:\Users\ortiz\.p2\pool\plugins\org.eclipse.m2e.maven.runtime_3.9.1100.20250811-2018\jars\error_prone_annotations-2.38.0.jar
2025-12-12 11:09:57,886 [Worker-41: Launching Executing install in C__Users_ortiz_OneDrive_Documentos_proyecto_PROYECTO_ORTIZBLANCO_BRUNO_PROYECTO_ORTIZBLANCO_BRUNO] INFO  o.eclipse.m2e.core.internal.Bundles - 	Entry: C:\Users\ortiz\.p2\pool\plugins\org.eclipse.m2e.maven.runtime_3.9.1100.20250811-2018\jars\gson-2.13.1.jar
2025-12-12 11:09:57,886 [Worker-41: Launching Executing install in C__Users_ortiz_OneDrive_Documentos_proyecto_PROYECTO_ORTIZBLANCO_BRUNO_PROYECTO_ORTIZBLANCO_BRUNO] INFO  o.eclipse.m2e.core.internal.Bundles - 	Entry: C:\Users\ortiz\.p2\pool\plugins\org.eclipse.m2e.maven.runtime_3.9.1100.20250811-2018\jars\guice-5.1.0-classes.jar
2025-12-12 11:09:57,886 [Worker-41: Launching Executing install in C__Users_ortiz_OneDrive_Documentos_proyecto_PROYECTO_ORTIZBLANCO_BRUNO_PROYECTO_ORTIZBLANCO_BRUNO] INFO  o.eclipse.m2e.core.internal.Bundles - 	Entry: C:\Users\ortiz\.p2\pool\plugins\org.eclipse.m2e.maven.runtime_3.9.1100.20250811-2018\jars\httpclient-4.5.14.jar
2025-12-12 11:09:57,886 [Worker-41: Launching Executing install in C__Users_ortiz_OneDrive_Documentos_proyecto_PROYECTO_ORTIZBLANCO_BRUNO_PROYECTO_ORTIZBLANCO_BRUNO] INFO  o.eclipse.m2e.core.internal.Bundles - 	Entry: C:\Users\ortiz\.p2\pool\plugins\org.eclipse.m2e.maven.runtime_3.9.1100.20250811-2018\jars\httpcore-4.4.16.jar
2025-12-12 11:09:57,886 [Worker-41: Launching Executing install in C__Users_ortiz_OneDrive_Documentos_proyecto_PROYECTO_ORTIZBLANCO_BRUNO_PROYECTO_ORTIZBLANCO_BRUNO] INFO  o.eclipse.m2e.core.internal.Bundles - 	Entry: C:\Users\ortiz\.p2\pool\plugins\org.eclipse.m2e.maven.runtime_3.9.1100.20250811-2018\jars\jansi-2.4.2.jar
2025-12-12 11:09:57,886 [Worker-41: Launching Executing install in C__Users_ortiz_OneDrive_Documentos_proyecto_PROYECTO_ORTIZBLANCO_BRUNO_PROYECTO_ORTIZBLANCO_BRUNO] INFO  o.eclipse.m2e.core.internal.Bundles - 	Entry: C:\Users\ortiz\.p2\pool\plugins\org.eclipse.m2e.maven.runtime_3.9.1100.20250811-2018\jars\jcl-over-slf4j-1.7.36.jar
2025-12-12 11:09:57,886 [Worker-41: Launching Executing install in C__Users_ortiz_OneDrive_Documentos_proyecto_PROYECTO_ORTIZBLANCO_BRUNO_PROYECTO_ORTIZBLANCO_BRUNO] INFO  o.eclipse.m2e.core.internal.Bundles - 	Entry: C:\Users\ortiz\.p2\pool\plugins\org.eclipse.m2e.maven.runtime_3.9.1100.20250811-2018\jars\maven-artifact-3.9.11.jar
2025-12-12 11:09:57,887 [Worker-41: Launching Executing install in C__Users_ortiz_OneDrive_Documentos_proyecto_PROYECTO_ORTIZBLANCO_BRUNO_PROYECTO_ORTIZBLANCO_BRUNO] INFO  o.eclipse.m2e.core.internal.Bundles - 	Entry: C:\Users\ortiz\.p2\pool\plugins\org.eclipse.m2e.maven.runtime_3.9.1100.20250811-2018\jars\maven-builder-support-3.9.11.jar
2025-12-12 11:09:57,887 [Worker-41: Launching Executing install in C__Users_ortiz_OneDrive_Documentos_proyecto_PROYECTO_ORTIZBLANCO_BRUNO_PROYECTO_ORTIZBLANCO_BRUNO] INFO  o.eclipse.m2e.core.internal.Bundles - 	Entry: C:\Users\ortiz\.p2\pool\plugins\org.eclipse.m2e.maven.runtime_3.9.1100.20250811-2018\jars\maven-compat-3.9.11.jar
2025-12-12 11:09:57,887 [Worker-41: Launching Executing install in C__Users_ortiz_OneDrive_Documentos_proyecto_PROYECTO_ORTIZBLANCO_BRUNO_PROYECTO_ORTIZBLANCO_BRUNO] INFO  o.eclipse.m2e.core.internal.Bundles - 	Entry: C:\Users\ortiz\.p2\pool\plugins\org.eclipse.m2e.maven.runtime_3.9.1100.20250811-2018\jars\maven-core-3.9.11.jar
2025-12-12 11:09:57,887 [Worker-41: Launching Executing install in C__Users_ortiz_OneDrive_Documentos_proyecto_PROYECTO_ORTIZBLANCO_BRUNO_PROYECTO_ORTIZBLANCO_BRUNO] INFO  o.eclipse.m2e.core.internal.Bundles - 	Entry: C:\Users\ortiz\.p2\pool\plugins\org.eclipse.m2e.maven.runtime_3.9.1100.20250811-2018\jars\maven-embedder-3.9.11.jar
2025-12-12 11:09:57,887 [Worker-41: Launching Executing install in C__Users_ortiz_OneDrive_Documentos_proyecto_PROYECTO_ORTIZBLANCO_BRUNO_PROYECTO_ORTIZBLANCO_BRUNO] INFO  o.eclipse.m2e.core.internal.Bundles - 	Entry: C:\Users\ortiz\.p2\pool\plugins\org.eclipse.m2e.maven.runtime_3.9.1100.20250811-2018\jars\maven-model-3.9.11.jar
2025-12-12 11:09:57,887 [Worker-41: Launching Executing install in C__Users_ortiz_OneDrive_Documentos_proyecto_PROYECTO_ORTIZBLANCO_BRUNO_PROYECTO_ORTIZBLANCO_BRUNO] INFO  o.eclipse.m2e.core.internal.Bundles - 	Entry: C:\Users\ortiz\.p2\pool\plugins\org.eclipse.m2e.maven.runtime_3.9.1100.20250811-2018\jars\maven-model-builder-3.9.11.jar
2025-12-12 11:09:57,887 [Worker-41: Launching Executing install in C__Users_ortiz_OneDrive_Documentos_proyecto_PROYECTO_ORTIZBLANCO_BRUNO_PROYECTO_ORTIZBLANCO_BRUNO] INFO  o.eclipse.m2e.core.internal.Bundles - 	Entry: C:\Users\ortiz\.p2\pool\plugins\org.eclipse.m2e.maven.runtime_3.9.1100.20250811-2018\jars\maven-plugin-api-3.9.11.jar
2025-12-12 11:09:57,887 [Worker-41: Launching Executing install in C__Users_ortiz_OneDrive_Documentos_proyecto_PROYECTO_ORTIZBLANCO_BRUNO_PROYECTO_ORTIZBLANCO_BRUNO] INFO  o.eclipse.m2e.core.internal.Bundles - 	Entry: C:\Users\ortiz\.p2\pool\plugins\org.eclipse.m2e.maven.runtime_3.9.1100.20250811-2018\jars\maven-repository-metadata-3.9.11.jar
2025-12-12 11:09:57,887 [Worker-41: Launching Executing install in C__Users_ortiz_OneDrive_Documentos_proyecto_PROYECTO_ORTIZBLANCO_BRUNO_PROYECTO_ORTIZBLANCO_BRUNO] INFO  o.eclipse.m2e.core.internal.Bundles - 	Entry: C:\Users\ortiz\.p2\pool\plugins\org.eclipse.m2e.maven.runtime_3.9.1100.20250811-2018\jars\maven-resolver-api-1.9.24.jar
2025-12-12 11:09:57,888 [Worker-41: Launching Executing install in C__Users_ortiz_OneDrive_Documentos_proyecto_PROYECTO_ORTIZBLANCO_BRUNO_PROYECTO_ORTIZBLANCO_BRUNO] INFO  o.eclipse.m2e.core.internal.Bundles - 	Entry: C:\Users\ortiz\.p2\pool\plugins\org.eclipse.m2e.maven.runtime_3.9.1100.20250811-2018\jars\maven-resolver-connector-basic-1.9.24.jar
2025-12-12 11:09:57,888 [Worker-41: Launching Executing install in C__Users_ortiz_OneDrive_Documentos_proyecto_PROYECTO_ORTIZBLANCO_BRUNO_PROYECTO_ORTIZBLANCO_BRUNO] INFO  o.eclipse.m2e.core.internal.Bundles - 	Entry: C:\Users\ortiz\.p2\pool\plugins\org.eclipse.m2e.maven.runtime_3.9.1100.20250811-2018\jars\maven-resolver-impl-1.9.24.jar
2025-12-12 11:09:57,888 [Worker-41: Launching Executing install in C__Users_ortiz_OneDrive_Documentos_proyecto_PROYECTO_ORTIZBLANCO_BRUNO_PROYECTO_ORTIZBLANCO_BRUNO] INFO  o.eclipse.m2e.core.internal.Bundles - 	Entry: C:\Users\ortiz\.p2\pool\plugins\org.eclipse.m2e.maven.runtime_3.9.1100.20250811-2018\jars\maven-resolver-named-locks-1.9.24.jar
2025-12-12 11:09:57,888 [Worker-41: Launching Executing install in C__Users_ortiz_OneDrive_Documentos_proyecto_PROYECTO_ORTIZBLANCO_BRUNO_PROYECTO_ORTIZBLANCO_BRUNO] INFO  o.eclipse.m2e.core.internal.Bundles - 	Entry: C:\Users\ortiz\.p2\pool\plugins\org.eclipse.m2e.maven.runtime_3.9.1100.20250811-2018\jars\maven-resolver-provider-3.9.11.jar
2025-12-12 11:09:57,888 [Worker-41: Launching Executing install in C__Users_ortiz_OneDrive_Documentos_proyecto_PROYECTO_ORTIZBLANCO_BRUNO_PROYECTO_ORTIZBLANCO_BRUNO] INFO  o.eclipse.m2e.core.internal.Bundles - 	Entry: C:\Users\ortiz\.p2\pool\plugins\org.eclipse.m2e.maven.runtime_3.9.1100.20250811-2018\jars\maven-resolver-spi-1.9.24.jar
2025-12-12 11:09:57,888 [Worker-41: Launching Executing install in C__Users_ortiz_OneDrive_Documentos_proyecto_PROYECTO_ORTIZBLANCO_BRUNO_PROYECTO_ORTIZBLANCO_BRUNO] INFO  o.eclipse.m2e.core.internal.Bundles - 	Entry: C:\Users\ortiz\.p2\pool\plugins\org.eclipse.m2e.maven.runtime_3.9.1100.20250811-2018\jars\maven-resolver-transport-file-1.9.24.jar
2025-12-12 11:09:57,888 [Worker-41: Launching Executing install in C__Users_ortiz_OneDrive_Documentos_proyecto_PROYECTO_ORTIZBLANCO_BRUNO_PROYECTO_ORTIZBLANCO_BRUNO] INFO  o.eclipse.m2e.core.internal.Bundles - 	Entry: C:\Users\ortiz\.p2\pool\plugins\org.eclipse.m2e.maven.runtime_3.9.1100.20250811-2018\jars\maven-resolver-transport-http-1.9.24.jar
2025-12-12 11:09:57,889 [Worker-41: Launching Executing install in C__Users_ortiz_OneDrive_Documentos_proyecto_PROYECTO_ORTIZBLANCO_BRUNO_PROYECTO_ORTIZBLANCO_BRUNO] INFO  o.eclipse.m2e.core.internal.Bundles - 	Entry: C:\Users\ortiz\.p2\pool\plugins\org.eclipse.m2e.maven.runtime_3.9.1100.20250811-2018\jars\maven-resolver-transport-wagon-1.9.24.jar
2025-12-12 11:09:57,889 [Worker-41: Launching Executing install in C__Users_ortiz_OneDrive_Documentos_proyecto_PROYECTO_ORTIZBLANCO_BRUNO_PROYECTO_ORTIZBLANCO_BRUNO] INFO  o.eclipse.m2e.core.internal.Bundles - 	Entry: C:\Users\ortiz\.p2\pool\plugins\org.eclipse.m2e.maven.runtime_3.9.1100.20250811-2018\jars\maven-resolver-util-1.9.24.jar
2025-12-12 11:09:57,889 [Worker-41: Launching Executing install in C__Users_ortiz_OneDrive_Documentos_proyecto_PROYECTO_ORTIZBLANCO_BRUNO_PROYECTO_ORTIZBLANCO_BRUNO] INFO  o.eclipse.m2e.core.internal.Bundles - 	Entry: C:\Users\ortiz\.p2\pool\plugins\org.eclipse.m2e.maven.runtime_3.9.1100.20250811-2018\jars\maven-settings-3.9.11.jar
2025-12-12 11:09:57,889 [Worker-41: Launching Executing install in C__Users_ortiz_OneDrive_Documentos_proyecto_PROYECTO_ORTIZBLANCO_BRUNO_PROYECTO_ORTIZBLANCO_BRUNO] INFO  o.eclipse.m2e.core.internal.Bundles - 	Entry: C:\Users\ortiz\.p2\pool\plugins\org.eclipse.m2e.maven.runtime_3.9.1100.20250811-2018\jars\maven-settings-builder-3.9.11.jar
2025-12-12 11:09:57,889 [Worker-41: Launching Executing install in C__Users_ortiz_OneDrive_Documentos_proyecto_PROYECTO_ORTIZBLANCO_BRUNO_PROYECTO_ORTIZBLANCO_BRUNO] INFO  o.eclipse.m2e.core.internal.Bundles - 	Entry: C:\Users\ortiz\.p2\pool\plugins\org.eclipse.m2e.maven.runtime_3.9.1100.20250811-2018\jars\maven-shared-utils-3.4.2.jar
2025-12-12 11:09:57,889 [Worker-41: Launching Executing install in C__Users_ortiz_OneDrive_Documentos_proyecto_PROYECTO_ORTIZBLANCO_BRUNO_PROYECTO_ORTIZBLANCO_BRUNO] INFO  o.eclipse.m2e.core.internal.Bundles - 	Entry: C:\Users\ortiz\.p2\pool\plugins\org.eclipse.m2e.maven.runtime_3.9.1100.20250811-2018\jars\org.eclipse.sisu.inject-0.9.0.M4.jar
2025-12-12 11:09:57,889 [Worker-41: Launching Executing install in C__Users_ortiz_OneDrive_Documentos_proyecto_PROYECTO_ORTIZBLANCO_BRUNO_PROYECTO_ORTIZBLANCO_BRUNO] INFO  o.eclipse.m2e.core.internal.Bundles - 	Entry: C:\Users\ortiz\.p2\pool\plugins\org.eclipse.m2e.maven.runtime_3.9.1100.20250811-2018\jars\org.eclipse.sisu.plexus-0.9.0.M4.jar
2025-12-12 11:09:57,890 [Worker-41: Launching Executing install in C__Users_ortiz_OneDrive_Documentos_proyecto_PROYECTO_ORTIZBLANCO_BRUNO_PROYECTO_ORTIZBLANCO_BRUNO] INFO  o.eclipse.m2e.core.internal.Bundles - 	Entry: C:\Users\ortiz\.p2\pool\plugins\org.eclipse.m2e.maven.runtime_3.9.1100.20250811-2018\jars\plexus-build-api-0.0.7.jar
2025-12-12 11:09:57,890 [Worker-41: Launching Executing install in C__Users_ortiz_OneDrive_Documentos_proyecto_PROYECTO_ORTIZBLANCO_BRUNO_PROYECTO_ORTIZBLANCO_BRUNO] INFO  o.eclipse.m2e.core.internal.Bundles - 	Entry: C:\Users\ortiz\.p2\pool\plugins\org.eclipse.m2e.maven.runtime_3.9.1100.20250811-2018\jars\plexus-build-api-1.2.0.jar
2025-12-12 11:09:57,890 [Worker-41: Launching Executing install in C__Users_ortiz_OneDrive_Documentos_proyecto_PROYECTO_ORTIZBLANCO_BRUNO_PROYECTO_ORTIZBLANCO_BRUNO] INFO  o.eclipse.m2e.core.internal.Bundles - 	Entry: C:\Users\ortiz\.p2\pool\plugins\org.eclipse.m2e.maven.runtime_3.9.1100.20250811-2018\jars\plexus-cipher-2.0.jar
2025-12-12 11:09:57,890 [Worker-41: Launching Executing install in C__Users_ortiz_OneDrive_Documentos_proyecto_PROYECTO_ORTIZBLANCO_BRUNO_PROYECTO_ORTIZBLANCO_BRUNO] INFO  o.eclipse.m2e.core.internal.Bundles - 	Entry: C:\Users\ortiz\.p2\pool\plugins\org.eclipse.m2e.maven.runtime_3.9.1100.20250811-2018\jars\plexus-classworlds-2.9.0.jar
2025-12-12 11:09:57,890 [Worker-41: Launching Executing install in C__Users_ortiz_OneDrive_Documentos_proyecto_PROYECTO_ORTIZBLANCO_BRUNO_PROYECTO_ORTIZBLANCO_BRUNO] INFO  o.eclipse.m2e.core.internal.Bundles - 	Entry: C:\Users\ortiz\.p2\pool\plugins\org.eclipse.m2e.maven.runtime_3.9.1100.20250811-2018\jars\plexus-component-annotations-2.2.0.jar
2025-12-12 11:09:57,890 [Worker-41: Launching Executing install in C__Users_ortiz_OneDrive_Documentos_proyecto_PROYECTO_ORTIZBLANCO_BRUNO_PROYECTO_ORTIZBLANCO_BRUNO] INFO  o.eclipse.m2e.core.internal.Bundles - 	Entry: C:\Users\ortiz\.p2\pool\plugins\org.eclipse.m2e.maven.runtime_3.9.1100.20250811-2018\jars\plexus-interpolation-1.28.jar
2025-12-12 11:09:57,890 [Worker-41: Launching Executing install in C__Users_ortiz_OneDrive_Documentos_proyecto_PROYECTO_ORTIZBLANCO_BRUNO_PROYECTO_ORTIZBLANCO_BRUNO] INFO  o.eclipse.m2e.core.internal.Bundles - 	Entry: C:\Users\ortiz\.p2\pool\plugins\org.eclipse.m2e.maven.runtime_3.9.1100.20250811-2018\jars\plexus-sec-dispatcher-2.0.jar
2025-12-12 11:09:57,890 [Worker-41: Launching Executing install in C__Users_ortiz_OneDrive_Documentos_proyecto_PROYECTO_ORTIZBLANCO_BRUNO_PROYECTO_ORTIZBLANCO_BRUNO] INFO  o.eclipse.m2e.core.internal.Bundles - 	Entry: C:\Users\ortiz\.p2\pool\plugins\org.eclipse.m2e.maven.runtime_3.9.1100.20250811-2018\jars\plexus-utils-3.6.0.jar
2025-12-12 11:09:57,891 [Worker-41: Launching Executing install in C__Users_ortiz_OneDrive_Documentos_proyecto_PROYECTO_ORTIZBLANCO_BRUNO_PROYECTO_ORTIZBLANCO_BRUNO] INFO  o.eclipse.m2e.core.internal.Bundles - 	Entry: C:\Users\ortiz\.p2\pool\plugins\org.eclipse.m2e.maven.runtime_3.9.1100.20250811-2018\jars\wagon-file-3.5.3.jar
2025-12-12 11:09:57,891 [Worker-41: Launching Executing install in C__Users_ortiz_OneDrive_Documentos_proyecto_PROYECTO_ORTIZBLANCO_BRUNO_PROYECTO_ORTIZBLANCO_BRUNO] INFO  o.eclipse.m2e.core.internal.Bundles - 	Entry: C:\Users\ortiz\.p2\pool\plugins\org.eclipse.m2e.maven.runtime_3.9.1100.20250811-2018\jars\wagon-http-3.5.3.jar
2025-12-12 11:09:57,891 [Worker-41: Launching Executing install in C__Users_ortiz_OneDrive_Documentos_proyecto_PROYECTO_ORTIZBLANCO_BRUNO_PROYECTO_ORTIZBLANCO_BRUNO] INFO  o.eclipse.m2e.core.internal.Bundles - 	Entry: C:\Users\ortiz\.p2\pool\plugins\org.eclipse.m2e.maven.runtime_3.9.1100.20250811-2018\jars\wagon-http-shared-3.5.3.jar
2025-12-12 11:09:57,891 [Worker-41: Launching Executing install in C__Users_ortiz_OneDrive_Documentos_proyecto_PROYECTO_ORTIZBLANCO_BRUNO_PROYECTO_ORTIZBLANCO_BRUNO] INFO  o.eclipse.m2e.core.internal.Bundles - 	Entry: C:\Users\ortiz\.p2\pool\plugins\org.eclipse.m2e.maven.runtime_3.9.1100.20250811-2018\jars\wagon-provider-api-3.5.3.jar
2025-12-12 11:09:57,891 [Worker-41: Launching Executing install in C__Users_ortiz_OneDrive_Documentos_proyecto_PROYECTO_ORTIZBLANCO_BRUNO_PROYECTO_ORTIZBLANCO_BRUNO] INFO  o.eclipse.m2e.core.internal.Bundles - getClasspathEntries(Bundle=com.google.guava_33.5.0.jre [1329])
2025-12-12 11:09:57,892 [Worker-41: Launching Executing install in C__Users_ortiz_OneDrive_Documentos_proyecto_PROYECTO_ORTIZBLANCO_BRUNO_PROYECTO_ORTIZBLANCO_BRUNO] INFO  o.eclipse.m2e.core.internal.Bundles - 	Entry: C:\Users\ortiz\.p2\pool\plugins\com.google.guava_33.5.0.jre.jar
2025-12-12 11:09:57,892 [Worker-41: Launching Executing install in C__Users_ortiz_OneDrive_Documentos_proyecto_PROYECTO_ORTIZBLANCO_BRUNO_PROYECTO_ORTIZBLANCO_BRUNO] INFO  o.eclipse.m2e.core.internal.Bundles - getClasspathEntries(Bundle=slf4j.api_2.0.17 [1006])
2025-12-12 11:09:57,892 [Worker-41: Launching Executing install in C__Users_ortiz_OneDrive_Documentos_proyecto_PROYECTO_ORTIZBLANCO_BRUNO_PROYECTO_ORTIZBLANCO_BRUNO] INFO  o.eclipse.m2e.core.internal.Bundles - 	Entry: C:\Users\ortiz\.p2\pool\plugins\slf4j.api_2.0.17.jar
2025-12-12 11:09:57,892 [Worker-41: Launching Executing install in C__Users_ortiz_OneDrive_Documentos_proyecto_PROYECTO_ORTIZBLANCO_BRUNO_PROYECTO_ORTIZBLANCO_BRUNO] INFO  o.eclipse.m2e.core.internal.Bundles - getClasspathEntries(Bundle=jakarta.inject.jakarta.inject-api_1.0.5 [35])
2025-12-12 11:09:57,892 [Worker-41: Launching Executing install in C__Users_ortiz_OneDrive_Documentos_proyecto_PROYECTO_ORTIZBLANCO_BRUNO_PROYECTO_ORTIZBLANCO_BRUNO] INFO  o.eclipse.m2e.core.internal.Bundles - 	Entry: C:\Users\ortiz\.p2\pool\plugins\jakarta.inject.jakarta.inject-api_1.0.5.jar
2025-12-12 11:09:57,892 [Worker-41: Launching Executing install in C__Users_ortiz_OneDrive_Documentos_proyecto_PROYECTO_ORTIZBLANCO_BRUNO_PROYECTO_ORTIZBLANCO_BRUNO] INFO  o.eclipse.m2e.core.internal.Bundles - getClasspathEntries(Bundle=jakarta.annotation-api_1.3.5 [31])
2025-12-12 11:09:57,892 [Worker-41: Launching Executing install in C__Users_ortiz_OneDrive_Documentos_proyecto_PROYECTO_ORTIZBLANCO_BRUNO_PROYECTO_ORTIZBLANCO_BRUNO] INFO  o.eclipse.m2e.core.internal.Bundles - 	Entry: C:\Users\ortiz\.p2\pool\plugins\jakarta.annotation-api_1.3.5.jar
2025-12-12 11:09:57,892 [Worker-41: Launching Executing install in C__Users_ortiz_OneDrive_Documentos_proyecto_PROYECTO_ORTIZBLANCO_BRUNO_PROYECTO_ORTIZBLANCO_BRUNO] INFO  o.eclipse.m2e.core.internal.Bundles - getClasspathEntries(Bundle=org.apache.commons.cli_1.10.0 [75])
2025-12-12 11:09:57,893 [Worker-41: Launching Executing install in C__Users_ortiz_OneDrive_Documentos_proyecto_PROYECTO_ORTIZBLANCO_BRUNO_PROYECTO_ORTIZBLANCO_BRUNO] INFO  o.eclipse.m2e.core.internal.Bundles - 	Entry: C:\Users\ortiz\.p2\pool\plugins\org.apache.commons.cli_1.10.0.jar
2025-12-12 11:09:57,893 [Worker-41: Launching Executing install in C__Users_ortiz_OneDrive_Documentos_proyecto_PROYECTO_ORTIZBLANCO_BRUNO_PROYECTO_ORTIZBLANCO_BRUNO] INFO  o.eclipse.m2e.core.internal.Bundles - getClasspathEntries(Bundle=org.apache.commons.commons-codec_1.20.0 [1265])
2025-12-12 11:09:57,893 [Worker-41: Launching Executing install in C__Users_ortiz_OneDrive_Documentos_proyecto_PROYECTO_ORTIZBLANCO_BRUNO_PROYECTO_ORTIZBLANCO_BRUNO] INFO  o.eclipse.m2e.core.internal.Bundles - 	Entry: C:\Users\ortiz\.p2\pool\plugins\org.apache.commons.commons-codec_1.20.0.jar
2025-12-12 11:09:57,893 [Worker-41: Launching Executing install in C__Users_ortiz_OneDrive_Documentos_proyecto_PROYECTO_ORTIZBLANCO_BRUNO_PROYECTO_ORTIZBLANCO_BRUNO] INFO  o.eclipse.m2e.core.internal.Bundles - getClasspathEntries(Bundle=com.google.guava.failureaccess_1.0.3 [19])
2025-12-12 11:09:57,893 [Worker-41: Launching Executing install in C__Users_ortiz_OneDrive_Documentos_proyecto_PROYECTO_ORTIZBLANCO_BRUNO_PROYECTO_ORTIZBLANCO_BRUNO] INFO  o.eclipse.m2e.core.internal.Bundles - 	Entry: C:\Users\ortiz\.p2\pool\plugins\com.google.guava.failureaccess_1.0.3.jar
2025-12-12 11:09:57,895 [Worker-41: Launching Executing install in C__Users_ortiz_OneDrive_Documentos_proyecto_PROYECTO_ORTIZBLANCO_BRUNO_PROYECTO_ORTIZBLANCO_BRUNO] INFO  o.e.m.i.launch.MavenLaunchDelegate - Run build in "C:\Users\ortiz\OneDrive\Documentos\proyecto\PROYECTO_ORTIZBLANCO_BRUNO\PROYECTO_ORTIZBLANCO_BRUNO":
2025-12-12 11:09:57,895 [Worker-41: Launching Executing install in C__Users_ortiz_OneDrive_Documentos_proyecto_PROYECTO_ORTIZBLANCO_BRUNO_PROYECTO_ORTIZBLANCO_BRUNO] INFO  o.e.m.i.launch.MavenLaunchDelegate -  mvn  -B -Dstyle.color=always install
2025-12-12 11:10:33,239 [Worker-39: Building] INFO  o.e.m.c.i.l.LifecycleMappingFactory - Using org.eclipse.m2e.jdt.JarLifecycleMapping lifecycle mapping for MavenProject: dev.brunob:PROYECTO_ORTIZBLANCO_BRUNO:0.0.1-SNAPSHOT @ C:\Users\ortiz\OneDrive\Documentos\proyecto\PROYECTO_ORTIZBLANCO_BRUNO\PROYECTO_ORTIZBLANCO_BRUNO\pom.xml.
2025-12-12 11:10:33,594 [Worker-39: Building] INFO  o.a.m.s.f.DefaultMavenResourcesFiltering - skip non existing resourceDirectory C:\Users\ortiz\OneDrive\Documentos\proyecto\PROYECTO_ORTIZBLANCO_BRUNO\PROYECTO_ORTIZBLANCO_BRUNO\src\main\resources
2025-12-12 11:10:33,594 [Worker-39: Building] INFO  o.a.m.s.f.DefaultMavenResourcesFiltering - skip non existing resourceDirectory C:\Users\ortiz\OneDrive\Documentos\proyecto\PROYECTO_ORTIZBLANCO_BRUNO\PROYECTO_ORTIZBLANCO_BRUNO\src\main\resources
2025-12-12 11:10:33,597 [Worker-39: Building] INFO  o.a.m.s.f.DefaultMavenResourcesFiltering - skip non existing resourceDirectory C:\Users\ortiz\OneDrive\Documentos\proyecto\PROYECTO_ORTIZBLANCO_BRUNO\PROYECTO_ORTIZBLANCO_BRUNO\src\test\resources
2025-12-12 11:10:33,748 [Worker-39: Building] WARN  o.apache.maven.project.MavenProject - Direct modification of compileSourceRoots through clear() is deprecated and will not work in Maven 4.0.0. Please use the add/remove methods instead. If you're using a plugin that causes this warning, please upgrade to the latest version and report an issue if the warning persists. To disable these warnings, set -Dmaven.project.sourceRoots.warningsDisabled=true on the command line, in the .mvn/maven.config file, or in project POM properties.
2025-12-12 11:10:33,748 [Worker-39: Building] WARN  o.apache.maven.project.MavenProject - Direct modification of compileSourceRoots through add() is deprecated and will not work in Maven 4.0.0. Please use the add/remove methods instead. If you're using a plugin that causes this warning, please upgrade to the latest version and report an issue if the warning persists. To disable these warnings, set -Dmaven.project.sourceRoots.warningsDisabled=true on the command line, in the .mvn/maven.config file, or in project POM properties.
2025-12-12 11:10:33,748 [Worker-39: Building] WARN  o.apache.maven.project.MavenProject - Direct modification of testCompileSourceRoots through clear() is deprecated and will not work in Maven 4.0.0. Please use the add/remove methods instead. If you're using a plugin that causes this warning, please upgrade to the latest version and report an issue if the warning persists. To disable these warnings, set -Dmaven.project.sourceRoots.warningsDisabled=true on the command line, in the .mvn/maven.config file, or in project POM properties.
2025-12-12 11:10:33,749 [Worker-39: Building] WARN  o.apache.maven.project.MavenProject - Direct modification of testCompileSourceRoots through add() is deprecated and will not work in Maven 4.0.0. Please use the add/remove methods instead. If you're using a plugin that causes this warning, please upgrade to the latest version and report an issue if the warning persists. To disable these warnings, set -Dmaven.project.sourceRoots.warningsDisabled=true on the command line, in the .mvn/maven.config file, or in project POM properties.
2025-12-12 11:10:38,450 [Worker-43: Launching Executing install in C__Users_ortiz_OneDrive_Documentos_proyecto_PROYECTO_ORTIZBLANCO_BRUNO_PROYECTO_ORTIZBLANCO_BRUNO] INFO  o.eclipse.m2e.core.internal.Bundles - getClasspathEntries(Bundle=org.eclipse.m2e.maven.runtime_3.9.1100.20250811-2018 [641])
2025-12-12 11:10:38,451 [Worker-43: Launching Executing install in C__Users_ortiz_OneDrive_Documentos_proyecto_PROYECTO_ORTIZBLANCO_BRUNO_PROYECTO_ORTIZBLANCO_BRUNO] INFO  o.eclipse.m2e.core.internal.Bundles - 	Entry: C:\Users\ortiz\.p2\pool\plugins\org.eclipse.m2e.maven.runtime_3.9.1100.20250811-2018
2025-12-12 11:10:38,451 [Worker-43: Launching Executing install in C__Users_ortiz_OneDrive_Documentos_proyecto_PROYECTO_ORTIZBLANCO_BRUNO_PROYECTO_ORTIZBLANCO_BRUNO] INFO  o.eclipse.m2e.core.internal.Bundles - 	Entry: C:\Users\ortiz\.p2\pool\plugins\org.eclipse.m2e.maven.runtime_3.9.1100.20250811-2018\jars\aopalliance-1.0.jar
2025-12-12 11:10:38,451 [Worker-43: Launching Executing install in C__Users_ortiz_OneDrive_Documentos_proyecto_PROYECTO_ORTIZBLANCO_BRUNO_PROYECTO_ORTIZBLANCO_BRUNO] INFO  o.eclipse.m2e.core.internal.Bundles - 	Entry: C:\Users\ortiz\.p2\pool\plugins\org.eclipse.m2e.maven.runtime_3.9.1100.20250811-2018\jars\asm-9.8.jar
2025-12-12 11:10:38,451 [Worker-43: Launching Executing install in C__Users_ortiz_OneDrive_Documentos_proyecto_PROYECTO_ORTIZBLANCO_BRUNO_PROYECTO_ORTIZBLANCO_BRUNO] INFO  o.eclipse.m2e.core.internal.Bundles - 	Entry: C:\Users\ortiz\.p2\pool\plugins\org.eclipse.m2e.maven.runtime_3.9.1100.20250811-2018\jars\error_prone_annotations-2.38.0.jar
2025-12-12 11:10:38,451 [Worker-43: Launching Executing install in C__Users_ortiz_OneDrive_Documentos_proyecto_PROYECTO_ORTIZBLANCO_BRUNO_PROYECTO_ORTIZBLANCO_BRUNO] INFO  o.eclipse.m2e.core.internal.Bundles - 	Entry: C:\Users\ortiz\.p2\pool\plugins\org.eclipse.m2e.maven.runtime_3.9.1100.20250811-2018\jars\gson-2.13.1.jar
2025-12-12 11:10:38,451 [Worker-43: Launching Executing install in C__Users_ortiz_OneDrive_Documentos_proyecto_PROYECTO_ORTIZBLANCO_BRUNO_PROYECTO_ORTIZBLANCO_BRUNO] INFO  o.eclipse.m2e.core.internal.Bundles - 	Entry: C:\Users\ortiz\.p2\pool\plugins\org.eclipse.m2e.maven.runtime_3.9.1100.20250811-2018\jars\guice-5.1.0-classes.jar
2025-12-12 11:10:38,451 [Worker-43: Launching Executing install in C__Users_ortiz_OneDrive_Documentos_proyecto_PROYECTO_ORTIZBLANCO_BRUNO_PROYECTO_ORTIZBLANCO_BRUNO] INFO  o.eclipse.m2e.core.internal.Bundles - 	Entry: C:\Users\ortiz\.p2\pool\plugins\org.eclipse.m2e.maven.runtime_3.9.1100.20250811-2018\jars\httpclient-4.5.14.jar
2025-12-12 11:10:38,452 [Worker-43: Launching Executing install in C__Users_ortiz_OneDrive_Documentos_proyecto_PROYECTO_ORTIZBLANCO_BRUNO_PROYECTO_ORTIZBLANCO_BRUNO] INFO  o.eclipse.m2e.core.internal.Bundles - 	Entry: C:\Users\ortiz\.p2\pool\plugins\org.eclipse.m2e.maven.runtime_3.9.1100.20250811-2018\jars\httpcore-4.4.16.jar
2025-12-12 11:10:38,452 [Worker-43: Launching Executing install in C__Users_ortiz_OneDrive_Documentos_proyecto_PROYECTO_ORTIZBLANCO_BRUNO_PROYECTO_ORTIZBLANCO_BRUNO] INFO  o.eclipse.m2e.core.internal.Bundles - 	Entry: C:\Users\ortiz\.p2\pool\plugins\org.eclipse.m2e.maven.runtime_3.9.1100.20250811-2018\jars\jansi-2.4.2.jar
2025-12-12 11:10:38,452 [Worker-43: Launching Executing install in C__Users_ortiz_OneDrive_Documentos_proyecto_PROYECTO_ORTIZBLANCO_BRUNO_PROYECTO_ORTIZBLANCO_BRUNO] INFO  o.eclipse.m2e.core.internal.Bundles - 	Entry: C:\Users\ortiz\.p2\pool\plugins\org.eclipse.m2e.maven.runtime_3.9.1100.20250811-2018\jars\jcl-over-slf4j-1.7.36.jar
2025-12-12 11:10:38,452 [Worker-43: Launching Executing install in C__Users_ortiz_OneDrive_Documentos_proyecto_PROYECTO_ORTIZBLANCO_BRUNO_PROYECTO_ORTIZBLANCO_BRUNO] INFO  o.eclipse.m2e.core.internal.Bundles - 	Entry: C:\Users\ortiz\.p2\pool\plugins\org.eclipse.m2e.maven.runtime_3.9.1100.20250811-2018\jars\maven-artifact-3.9.11.jar
2025-12-12 11:10:38,452 [Worker-43: Launching Executing install in C__Users_ortiz_OneDrive_Documentos_proyecto_PROYECTO_ORTIZBLANCO_BRUNO_PROYECTO_ORTIZBLANCO_BRUNO] INFO  o.eclipse.m2e.core.internal.Bundles - 	Entry: C:\Users\ortiz\.p2\pool\plugins\org.eclipse.m2e.maven.runtime_3.9.1100.20250811-2018\jars\maven-builder-support-3.9.11.jar
2025-12-12 11:10:38,452 [Worker-43: Launching Executing install in C__Users_ortiz_OneDrive_Documentos_proyecto_PROYECTO_ORTIZBLANCO_BRUNO_PROYECTO_ORTIZBLANCO_BRUNO] INFO  o.eclipse.m2e.core.internal.Bundles - 	Entry: C:\Users\ortiz\.p2\pool\plugins\org.eclipse.m2e.maven.runtime_3.9.1100.20250811-2018\jars\maven-compat-3.9.11.jar
2025-12-12 11:10:38,452 [Worker-43: Launching Executing install in C__Users_ortiz_OneDrive_Documentos_proyecto_PROYECTO_ORTIZBLANCO_BRUNO_PROYECTO_ORTIZBLANCO_BRUNO] INFO  o.eclipse.m2e.core.internal.Bundles - 	Entry: C:\Users\ortiz\.p2\pool\plugins\org.eclipse.m2e.maven.runtime_3.9.1100.20250811-2018\jars\maven-core-3.9.11.jar
2025-12-12 11:10:38,452 [Worker-43: Launching Executing install in C__Users_ortiz_OneDrive_Documentos_proyecto_PROYECTO_ORTIZBLANCO_BRUNO_PROYECTO_ORTIZBLANCO_BRUNO] INFO  o.eclipse.m2e.core.internal.Bundles - 	Entry: C:\Users\ortiz\.p2\pool\plugins\org.eclipse.m2e.maven.runtime_3.9.1100.20250811-2018\jars\maven-embedder-3.9.11.jar
2025-12-12 11:10:38,452 [Worker-43: Launching Executing install in C__Users_ortiz_OneDrive_Documentos_proyecto_PROYECTO_ORTIZBLANCO_BRUNO_PROYECTO_ORTIZBLANCO_BRUNO] INFO  o.eclipse.m2e.core.internal.Bundles - 	Entry: C:\Users\ortiz\.p2\pool\plugins\org.eclipse.m2e.maven.runtime_3.9.1100.20250811-2018\jars\maven-model-3.9.11.jar
2025-12-12 11:10:38,453 [Worker-43: Launching Executing install in C__Users_ortiz_OneDrive_Documentos_proyecto_PROYECTO_ORTIZBLANCO_BRUNO_PROYECTO_ORTIZBLANCO_BRUNO] INFO  o.eclipse.m2e.core.internal.Bundles - 	Entry: C:\Users\ortiz\.p2\pool\plugins\org.eclipse.m2e.maven.runtime_3.9.1100.20250811-2018\jars\maven-model-builder-3.9.11.jar
2025-12-12 11:10:38,453 [Worker-43: Launching Executing install in C__Users_ortiz_OneDrive_Documentos_proyecto_PROYECTO_ORTIZBLANCO_BRUNO_PROYECTO_ORTIZBLANCO_BRUNO] INFO  o.eclipse.m2e.core.internal.Bundles - 	Entry: C:\Users\ortiz\.p2\pool\plugins\org.eclipse.m2e.maven.runtime_3.9.1100.20250811-2018\jars\maven-plugin-api-3.9.11.jar
2025-12-12 11:10:38,453 [Worker-43: Launching Executing install in C__Users_ortiz_OneDrive_Documentos_proyecto_PROYECTO_ORTIZBLANCO_BRUNO_PROYECTO_ORTIZBLANCO_BRUNO] INFO  o.eclipse.m2e.core.internal.Bundles - 	Entry: C:\Users\ortiz\.p2\pool\plugins\org.eclipse.m2e.maven.runtime_3.9.1100.20250811-2018\jars\maven-repository-metadata-3.9.11.jar
2025-12-12 11:10:38,453 [Worker-43: Launching Executing install in C__Users_ortiz_OneDrive_Documentos_proyecto_PROYECTO_ORTIZBLANCO_BRUNO_PROYECTO_ORTIZBLANCO_BRUNO] INFO  o.eclipse.m2e.core.internal.Bundles - 	Entry: C:\Users\ortiz\.p2\pool\plugins\org.eclipse.m2e.maven.runtime_3.9.1100.20250811-2018\jars\maven-resolver-api-1.9.24.jar
2025-12-12 11:10:38,453 [Worker-43: Launching Executing install in C__Users_ortiz_OneDrive_Documentos_proyecto_PROYECTO_ORTIZBLANCO_BRUNO_PROYECTO_ORTIZBLANCO_BRUNO] INFO  o.eclipse.m2e.core.internal.Bundles - 	Entry: C:\Users\ortiz\.p2\pool\plugins\org.eclipse.m2e.maven.runtime_3.9.1100.20250811-2018\jars\maven-resolver-connector-basic-1.9.24.jar
2025-12-12 11:10:38,453 [Worker-43: Launching Executing install in C__Users_ortiz_OneDrive_Documentos_proyecto_PROYECTO_ORTIZBLANCO_BRUNO_PROYECTO_ORTIZBLANCO_BRUNO] INFO  o.eclipse.m2e.core.internal.Bundles - 	Entry: C:\Users\ortiz\.p2\pool\plugins\org.eclipse.m2e.maven.runtime_3.9.1100.20250811-2018\jars\maven-resolver-impl-1.9.24.jar
2025-12-12 11:10:38,453 [Worker-43: Launching Executing install in C__Users_ortiz_OneDrive_Documentos_proyecto_PROYECTO_ORTIZBLANCO_BRUNO_PROYECTO_ORTIZBLANCO_BRUNO] INFO  o.eclipse.m2e.core.internal.Bundles - 	Entry: C:\Users\ortiz\.p2\pool\plugins\org.eclipse.m2e.maven.runtime_3.9.1100.20250811-2018\jars\maven-resolver-named-locks-1.9.24.jar
2025-12-12 11:10:38,453 [Worker-43: Launching Executing install in C__Users_ortiz_OneDrive_Documentos_proyecto_PROYECTO_ORTIZBLANCO_BRUNO_PROYECTO_ORTIZBLANCO_BRUNO] INFO  o.eclipse.m2e.core.internal.Bundles - 	Entry: C:\Users\ortiz\.p2\pool\plugins\org.eclipse.m2e.maven.runtime_3.9.1100.20250811-2018\jars\maven-resolver-provider-3.9.11.jar
2025-12-12 11:10:38,453 [Worker-43: Launching Executing install in C__Users_ortiz_OneDrive_Documentos_proyecto_PROYECTO_ORTIZBLANCO_BRUNO_PROYECTO_ORTIZBLANCO_BRUNO] INFO  o.eclipse.m2e.core.internal.Bundles - 	Entry: C:\Users\ortiz\.p2\pool\plugins\org.eclipse.m2e.maven.runtime_3.9.1100.20250811-2018\jars\maven-resolver-spi-1.9.24.jar
2025-12-12 11:10:38,454 [Worker-43: Launching Executing install in C__Users_ortiz_OneDrive_Documentos_proyecto_PROYECTO_ORTIZBLANCO_BRUNO_PROYECTO_ORTIZBLANCO_BRUNO] INFO  o.eclipse.m2e.core.internal.Bundles - 	Entry: C:\Users\ortiz\.p2\pool\plugins\org.eclipse.m2e.maven.runtime_3.9.1100.20250811-2018\jars\maven-resolver-transport-file-1.9.24.jar
2025-12-12 11:10:38,454 [Worker-43: Launching Executing install in C__Users_ortiz_OneDrive_Documentos_proyecto_PROYECTO_ORTIZBLANCO_BRUNO_PROYECTO_ORTIZBLANCO_BRUNO] INFO  o.eclipse.m2e.core.internal.Bundles - 	Entry: C:\Users\ortiz\.p2\pool\plugins\org.eclipse.m2e.maven.runtime_3.9.1100.20250811-2018\jars\maven-resolver-transport-http-1.9.24.jar
2025-12-12 11:10:38,454 [Worker-43: Launching Executing install in C__Users_ortiz_OneDrive_Documentos_proyecto_PROYECTO_ORTIZBLANCO_BRUNO_PROYECTO_ORTIZBLANCO_BRUNO] INFO  o.eclipse.m2e.core.internal.Bundles - 	Entry: C:\Users\ortiz\.p2\pool\plugins\org.eclipse.m2e.maven.runtime_3.9.1100.20250811-2018\jars\maven-resolver-transport-wagon-1.9.24.jar
2025-12-12 11:10:38,454 [Worker-43: Launching Executing install in C__Users_ortiz_OneDrive_Documentos_proyecto_PROYECTO_ORTIZBLANCO_BRUNO_PROYECTO_ORTIZBLANCO_BRUNO] INFO  o.eclipse.m2e.core.internal.Bundles - 	Entry: C:\Users\ortiz\.p2\pool\plugins\org.eclipse.m2e.maven.runtime_3.9.1100.20250811-2018\jars\maven-resolver-util-1.9.24.jar
2025-12-12 11:10:38,454 [Worker-43: Launching Executing install in C__Users_ortiz_OneDrive_Documentos_proyecto_PROYECTO_ORTIZBLANCO_BRUNO_PROYECTO_ORTIZBLANCO_BRUNO] INFO  o.eclipse.m2e.core.internal.Bundles - 	Entry: C:\Users\ortiz\.p2\pool\plugins\org.eclipse.m2e.maven.runtime_3.9.1100.20250811-2018\jars\maven-settings-3.9.11.jar
2025-12-12 11:10:38,454 [Worker-43: Launching Executing install in C__Users_ortiz_OneDrive_Documentos_proyecto_PROYECTO_ORTIZBLANCO_BRUNO_PROYECTO_ORTIZBLANCO_BRUNO] INFO  o.eclipse.m2e.core.internal.Bundles - 	Entry: C:\Users\ortiz\.p2\pool\plugins\org.eclipse.m2e.maven.runtime_3.9.1100.20250811-2018\jars\maven-settings-builder-3.9.11.jar
2025-12-12 11:10:38,454 [Worker-43: Launching Executing install in C__Users_ortiz_OneDrive_Documentos_proyecto_PROYECTO_ORTIZBLANCO_BRUNO_PROYECTO_ORTIZBLANCO_BRUNO] INFO  o.eclipse.m2e.core.internal.Bundles - 	Entry: C:\Users\ortiz\.p2\pool\plugins\org.eclipse.m2e.maven.runtime_3.9.1100.20250811-2018\jars\maven-shared-utils-3.4.2.jar
2025-12-12 11:10:38,454 [Worker-43: Launching Executing install in C__Users_ortiz_OneDrive_Documentos_proyecto_PROYECTO_ORTIZBLANCO_BRUNO_PROYECTO_ORTIZBLANCO_BRUNO] INFO  o.eclipse.m2e.core.internal.Bundles - 	Entry: C:\Users\ortiz\.p2\pool\plugins\org.eclipse.m2e.maven.runtime_3.9.1100.20250811-2018\jars\org.eclipse.sisu.inject-0.9.0.M4.jar
2025-12-12 11:10:38,454 [Worker-43: Launching Executing install in C__Users_ortiz_OneDrive_Documentos_proyecto_PROYECTO_ORTIZBLANCO_BRUNO_PROYECTO_ORTIZBLANCO_BRUNO] INFO  o.eclipse.m2e.core.internal.Bundles - 	Entry: C:\Users\ortiz\.p2\pool\plugins\org.eclipse.m2e.maven.runtime_3.9.1100.20250811-2018\jars\org.eclipse.sisu.plexus-0.9.0.M4.jar
2025-12-12 11:10:38,454 [Worker-43: Launching Executing install in C__Users_ortiz_OneDrive_Documentos_proyecto_PROYECTO_ORTIZBLANCO_BRUNO_PROYECTO_ORTIZBLANCO_BRUNO] INFO  o.eclipse.m2e.core.internal.Bundles - 	Entry: C:\Users\ortiz\.p2\pool\plugins\org.eclipse.m2e.maven.runtime_3.9.1100.20250811-2018\jars\plexus-build-api-0.0.7.jar
2025-12-12 11:10:38,454 [Worker-43: Launching Executing install in C__Users_ortiz_OneDrive_Documentos_proyecto_PROYECTO_ORTIZBLANCO_BRUNO_PROYECTO_ORTIZBLANCO_BRUNO] INFO  o.eclipse.m2e.core.internal.Bundles - 	Entry: C:\Users\ortiz\.p2\pool\plugins\org.eclipse.m2e.maven.runtime_3.9.1100.20250811-2018\jars\plexus-build-api-1.2.0.jar
2025-12-12 11:10:38,454 [Worker-43: Launching Executing install in C__Users_ortiz_OneDrive_Documentos_proyecto_PROYECTO_ORTIZBLANCO_BRUNO_PROYECTO_ORTIZBLANCO_BRUNO] INFO  o.eclipse.m2e.core.internal.Bundles - 	Entry: C:\Users\ortiz\.p2\pool\plugins\org.eclipse.m2e.maven.runtime_3.9.1100.20250811-2018\jars\plexus-cipher-2.0.jar
2025-12-12 11:10:38,454 [Worker-43: Launching Executing install in C__Users_ortiz_OneDrive_Documentos_proyecto_PROYECTO_ORTIZBLANCO_BRUNO_PROYECTO_ORTIZBLANCO_BRUNO] INFO  o.eclipse.m2e.core.internal.Bundles - 	Entry: C:\Users\ortiz\.p2\pool\plugins\org.eclipse.m2e.maven.runtime_3.9.1100.20250811-2018\jars\plexus-classworlds-2.9.0.jar
2025-12-12 11:10:38,454 [Worker-43: Launching Executing install in C__Users_ortiz_OneDrive_Documentos_proyecto_PROYECTO_ORTIZBLANCO_BRUNO_PROYECTO_ORTIZBLANCO_BRUNO] INFO  o.eclipse.m2e.core.internal.Bundles - 	Entry: C:\Users\ortiz\.p2\pool\plugins\org.eclipse.m2e.maven.runtime_3.9.1100.20250811-2018\jars\plexus-component-annotations-2.2.0.jar
2025-12-12 11:10:38,455 [Worker-43: Launching Executing install in C__Users_ortiz_OneDrive_Documentos_proyecto_PROYECTO_ORTIZBLANCO_BRUNO_PROYECTO_ORTIZBLANCO_BRUNO] INFO  o.eclipse.m2e.core.internal.Bundles - 	Entry: C:\Users\ortiz\.p2\pool\plugins\org.eclipse.m2e.maven.runtime_3.9.1100.20250811-2018\jars\plexus-interpolation-1.28.jar
2025-12-12 11:10:38,455 [Worker-43: Launching Executing install in C__Users_ortiz_OneDrive_Documentos_proyecto_PROYECTO_ORTIZBLANCO_BRUNO_PROYECTO_ORTIZBLANCO_BRUNO] INFO  o.eclipse.m2e.core.internal.Bundles - 	Entry: C:\Users\ortiz\.p2\pool\plugins\org.eclipse.m2e.maven.runtime_3.9.1100.20250811-2018\jars\plexus-sec-dispatcher-2.0.jar
2025-12-12 11:10:38,455 [Worker-43: Launching Executing install in C__Users_ortiz_OneDrive_Documentos_proyecto_PROYECTO_ORTIZBLANCO_BRUNO_PROYECTO_ORTIZBLANCO_BRUNO] INFO  o.eclipse.m2e.core.internal.Bundles - 	Entry: C:\Users\ortiz\.p2\pool\plugins\org.eclipse.m2e.maven.runtime_3.9.1100.20250811-2018\jars\plexus-utils-3.6.0.jar
2025-12-12 11:10:38,455 [Worker-43: Launching Executing install in C__Users_ortiz_OneDrive_Documentos_proyecto_PROYECTO_ORTIZBLANCO_BRUNO_PROYECTO_ORTIZBLANCO_BRUNO] INFO  o.eclipse.m2e.core.internal.Bundles - 	Entry: C:\Users\ortiz\.p2\pool\plugins\org.eclipse.m2e.maven.runtime_3.9.1100.20250811-2018\jars\wagon-file-3.5.3.jar
2025-12-12 11:10:38,455 [Worker-43: Launching Executing install in C__Users_ortiz_OneDrive_Documentos_proyecto_PROYECTO_ORTIZBLANCO_BRUNO_PROYECTO_ORTIZBLANCO_BRUNO] INFO  o.eclipse.m2e.core.internal.Bundles - 	Entry: C:\Users\ortiz\.p2\pool\plugins\org.eclipse.m2e.maven.runtime_3.9.1100.20250811-2018\jars\wagon-http-3.5.3.jar
2025-12-12 11:10:38,455 [Worker-43: Launching Executing install in C__Users_ortiz_OneDrive_Documentos_proyecto_PROYECTO_ORTIZBLANCO_BRUNO_PROYECTO_ORTIZBLANCO_BRUNO] INFO  o.eclipse.m2e.core.internal.Bundles - 	Entry: C:\Users\ortiz\.p2\pool\plugins\org.eclipse.m2e.maven.runtime_3.9.1100.20250811-2018\jars\wagon-http-shared-3.5.3.jar
2025-12-12 11:10:38,455 [Worker-43: Launching Executing install in C__Users_ortiz_OneDrive_Documentos_proyecto_PROYECTO_ORTIZBLANCO_BRUNO_PROYECTO_ORTIZBLANCO_BRUNO] INFO  o.eclipse.m2e.core.internal.Bundles - 	Entry: C:\Users\ortiz\.p2\pool\plugins\org.eclipse.m2e.maven.runtime_3.9.1100.20250811-2018\jars\wagon-provider-api-3.5.3.jar
2025-12-12 11:10:38,456 [Worker-43: Launching Executing install in C__Users_ortiz_OneDrive_Documentos_proyecto_PROYECTO_ORTIZBLANCO_BRUNO_PROYECTO_ORTIZBLANCO_BRUNO] INFO  o.eclipse.m2e.core.internal.Bundles - getClasspathEntries(Bundle=com.google.guava_33.5.0.jre [1329])
2025-12-12 11:10:38,456 [Worker-43: Launching Executing install in C__Users_ortiz_OneDrive_Documentos_proyecto_PROYECTO_ORTIZBLANCO_BRUNO_PROYECTO_ORTIZBLANCO_BRUNO] INFO  o.eclipse.m2e.core.internal.Bundles - 	Entry: C:\Users\ortiz\.p2\pool\plugins\com.google.guava_33.5.0.jre.jar
2025-12-12 11:10:38,456 [Worker-43: Launching Executing install in C__Users_ortiz_OneDrive_Documentos_proyecto_PROYECTO_ORTIZBLANCO_BRUNO_PROYECTO_ORTIZBLANCO_BRUNO] INFO  o.eclipse.m2e.core.internal.Bundles - getClasspathEntries(Bundle=slf4j.api_2.0.17 [1006])
2025-12-12 11:10:38,456 [Worker-43: Launching Executing install in C__Users_ortiz_OneDrive_Documentos_proyecto_PROYECTO_ORTIZBLANCO_BRUNO_PROYECTO_ORTIZBLANCO_BRUNO] INFO  o.eclipse.m2e.core.internal.Bundles - 	Entry: C:\Users\ortiz\.p2\pool\plugins\slf4j.api_2.0.17.jar
2025-12-12 11:10:38,456 [Worker-43: Launching Executing install in C__Users_ortiz_OneDrive_Documentos_proyecto_PROYECTO_ORTIZBLANCO_BRUNO_PROYECTO_ORTIZBLANCO_BRUNO] INFO  o.eclipse.m2e.core.internal.Bundles - getClasspathEntries(Bundle=jakarta.inject.jakarta.inject-api_1.0.5 [35])
2025-12-12 11:10:38,457 [Worker-43: Launching Executing install in C__Users_ortiz_OneDrive_Documentos_proyecto_PROYECTO_ORTIZBLANCO_BRUNO_PROYECTO_ORTIZBLANCO_BRUNO] INFO  o.eclipse.m2e.core.internal.Bundles - 	Entry: C:\Users\ortiz\.p2\pool\plugins\jakarta.inject.jakarta.inject-api_1.0.5.jar
2025-12-12 11:10:38,457 [Worker-43: Launching Executing install in C__Users_ortiz_OneDrive_Documentos_proyecto_PROYECTO_ORTIZBLANCO_BRUNO_PROYECTO_ORTIZBLANCO_BRUNO] INFO  o.eclipse.m2e.core.internal.Bundles - getClasspathEntries(Bundle=jakarta.annotation-api_1.3.5 [31])
2025-12-12 11:10:38,457 [Worker-43: Launching Executing install in C__Users_ortiz_OneDrive_Documentos_proyecto_PROYECTO_ORTIZBLANCO_BRUNO_PROYECTO_ORTIZBLANCO_BRUNO] INFO  o.eclipse.m2e.core.internal.Bundles - 	Entry: C:\Users\ortiz\.p2\pool\plugins\jakarta.annotation-api_1.3.5.jar
2025-12-12 11:10:38,457 [Worker-43: Launching Executing install in C__Users_ortiz_OneDrive_Documentos_proyecto_PROYECTO_ORTIZBLANCO_BRUNO_PROYECTO_ORTIZBLANCO_BRUNO] INFO  o.eclipse.m2e.core.internal.Bundles - getClasspathEntries(Bundle=org.apache.commons.cli_1.10.0 [75])
2025-12-12 11:10:38,457 [Worker-43: Launching Executing install in C__Users_ortiz_OneDrive_Documentos_proyecto_PROYECTO_ORTIZBLANCO_BRUNO_PROYECTO_ORTIZBLANCO_BRUNO] INFO  o.eclipse.m2e.core.internal.Bundles - 	Entry: C:\Users\ortiz\.p2\pool\plugins\org.apache.commons.cli_1.10.0.jar
2025-12-12 11:10:38,457 [Worker-43: Launching Executing install in C__Users_ortiz_OneDrive_Documentos_proyecto_PROYECTO_ORTIZBLANCO_BRUNO_PROYECTO_ORTIZBLANCO_BRUNO] INFO  o.eclipse.m2e.core.internal.Bundles - getClasspathEntries(Bundle=org.apache.commons.commons-codec_1.20.0 [1265])
2025-12-12 11:10:38,457 [Worker-43: Launching Executing install in C__Users_ortiz_OneDrive_Documentos_proyecto_PROYECTO_ORTIZBLANCO_BRUNO_PROYECTO_ORTIZBLANCO_BRUNO] INFO  o.eclipse.m2e.core.internal.Bundles - 	Entry: C:\Users\ortiz\.p2\pool\plugins\org.apache.commons.commons-codec_1.20.0.jar
2025-12-12 11:10:38,457 [Worker-43: Launching Executing install in C__Users_ortiz_OneDrive_Documentos_proyecto_PROYECTO_ORTIZBLANCO_BRUNO_PROYECTO_ORTIZBLANCO_BRUNO] INFO  o.eclipse.m2e.core.internal.Bundles - getClasspathEntries(Bundle=com.google.guava.failureaccess_1.0.3 [19])
2025-12-12 11:10:38,458 [Worker-43: Launching Executing install in C__Users_ortiz_OneDrive_Documentos_proyecto_PROYECTO_ORTIZBLANCO_BRUNO_PROYECTO_ORTIZBLANCO_BRUNO] INFO  o.eclipse.m2e.core.internal.Bundles - 	Entry: C:\Users\ortiz\.p2\pool\plugins\com.google.guava.failureaccess_1.0.3.jar
2025-12-12 11:10:38,459 [Worker-43: Launching Executing install in C__Users_ortiz_OneDrive_Documentos_proyecto_PROYECTO_ORTIZBLANCO_BRUNO_PROYECTO_ORTIZBLANCO_BRUNO] INFO  o.e.m.i.launch.MavenLaunchDelegate - Run build in "C:\Users\ortiz\OneDrive\Documentos\proyecto\PROYECTO_ORTIZBLANCO_BRUNO\PROYECTO_ORTIZBLANCO_BRUNO":
2025-12-12 11:10:38,459 [Worker-43: Launching Executing install in C__Users_ortiz_OneDrive_Documentos_proyecto_PROYECTO_ORTIZBLANCO_BRUNO_PROYECTO_ORTIZBLANCO_BRUNO] INFO  o.e.m.i.launch.MavenLaunchDelegate -  mvn  -B -Dstyle.color=always install
2025-12-12 11:11:19,290 [Worker-42: Launching PROYECTO_ORTIZBLANCO_BRUNO (1)] INFO  o.eclipse.m2e.core.internal.Bundles - getClasspathEntries(Bundle=org.eclipse.m2e.maven.runtime_3.9.1100.20250811-2018 [641])
2025-12-12 11:11:19,291 [Worker-42: Launching PROYECTO_ORTIZBLANCO_BRUNO (1)] INFO  o.eclipse.m2e.core.internal.Bundles - 	Entry: C:\Users\ortiz\.p2\pool\plugins\org.eclipse.m2e.maven.runtime_3.9.1100.20250811-2018
2025-12-12 11:11:19,291 [Worker-42: Launching PROYECTO_ORTIZBLANCO_BRUNO (1)] INFO  o.eclipse.m2e.core.internal.Bundles - 	Entry: C:\Users\ortiz\.p2\pool\plugins\org.eclipse.m2e.maven.runtime_3.9.1100.20250811-2018\jars\aopalliance-1.0.jar
2025-12-12 11:11:19,291 [Worker-42: Launching PROYECTO_ORTIZBLANCO_BRUNO (1)] INFO  o.eclipse.m2e.core.internal.Bundles - 	Entry: C:\Users\ortiz\.p2\pool\plugins\org.eclipse.m2e.maven.runtime_3.9.1100.20250811-2018\jars\asm-9.8.jar
2025-12-12 11:11:19,292 [Worker-42: Launching PROYECTO_ORTIZBLANCO_BRUNO (1)] INFO  o.eclipse.m2e.core.internal.Bundles - 	Entry: C:\Users\ortiz\.p2\pool\plugins\org.eclipse.m2e.maven.runtime_3.9.1100.20250811-2018\jars\error_prone_annotations-2.38.0.jar
2025-12-12 11:11:19,292 [Worker-42: Launching PROYECTO_ORTIZBLANCO_BRUNO (1)] INFO  o.eclipse.m2e.core.internal.Bundles - 	Entry: C:\Users\ortiz\.p2\pool\plugins\org.eclipse.m2e.maven.runtime_3.9.1100.20250811-2018\jars\gson-2.13.1.jar
2025-12-12 11:11:19,292 [Worker-42: Launching PROYECTO_ORTIZBLANCO_BRUNO (1)] INFO  o.eclipse.m2e.core.internal.Bundles - 	Entry: C:\Users\ortiz\.p2\pool\plugins\org.eclipse.m2e.maven.runtime_3.9.1100.20250811-2018\jars\guice-5.1.0-classes.jar
2025-12-12 11:11:19,292 [Worker-42: Launching PROYECTO_ORTIZBLANCO_BRUNO (1)] INFO  o.eclipse.m2e.core.internal.Bundles - 	Entry: C:\Users\ortiz\.p2\pool\plugins\org.eclipse.m2e.maven.runtime_3.9.1100.20250811-2018\jars\httpclient-4.5.14.jar
2025-12-12 11:11:19,292 [Worker-42: Launching PROYECTO_ORTIZBLANCO_BRUNO (1)] INFO  o.eclipse.m2e.core.internal.Bundles - 	Entry: C:\Users\ortiz\.p2\pool\plugins\org.eclipse.m2e.maven.runtime_3.9.1100.20250811-2018\jars\httpcore-4.4.16.jar
2025-12-12 11:11:19,292 [Worker-42: Launching PROYECTO_ORTIZBLANCO_BRUNO (1)] INFO  o.eclipse.m2e.core.internal.Bundles - 	Entry: C:\Users\ortiz\.p2\pool\plugins\org.eclipse.m2e.maven.runtime_3.9.1100.20250811-2018\jars\jansi-2.4.2.jar
2025-12-12 11:11:19,292 [Worker-42: Launching PROYECTO_ORTIZBLANCO_BRUNO (1)] INFO  o.eclipse.m2e.core.internal.Bundles - 	Entry: C:\Users\ortiz\.p2\pool\plugins\org.eclipse.m2e.maven.runtime_3.9.1100.20250811-2018\jars\jcl-over-slf4j-1.7.36.jar
2025-12-12 11:11:19,292 [Worker-42: Launching PROYECTO_ORTIZBLANCO_BRUNO (1)] INFO  o.eclipse.m2e.core.internal.Bundles - 	Entry: C:\Users\ortiz\.p2\pool\plugins\org.eclipse.m2e.maven.runtime_3.9.1100.20250811-2018\jars\maven-artifact-3.9.11.jar
2025-12-12 11:11:19,292 [Worker-42: Launching PROYECTO_ORTIZBLANCO_BRUNO (1)] INFO  o.eclipse.m2e.core.internal.Bundles - 	Entry: C:\Users\ortiz\.p2\pool\plugins\org.eclipse.m2e.maven.runtime_3.9.1100.20250811-2018\jars\maven-builder-support-3.9.11.jar
2025-12-12 11:11:19,292 [Worker-42: Launching PROYECTO_ORTIZBLANCO_BRUNO (1)] INFO  o.eclipse.m2e.core.internal.Bundles - 	Entry: C:\Users\ortiz\.p2\pool\plugins\org.eclipse.m2e.maven.runtime_3.9.1100.20250811-2018\jars\maven-compat-3.9.11.jar
2025-12-12 11:11:19,293 [Worker-42: Launching PROYECTO_ORTIZBLANCO_BRUNO (1)] INFO  o.eclipse.m2e.core.internal.Bundles - 	Entry: C:\Users\ortiz\.p2\pool\plugins\org.eclipse.m2e.maven.runtime_3.9.1100.20250811-2018\jars\maven-core-3.9.11.jar
2025-12-12 11:11:19,293 [Worker-42: Launching PROYECTO_ORTIZBLANCO_BRUNO (1)] INFO  o.eclipse.m2e.core.internal.Bundles - 	Entry: C:\Users\ortiz\.p2\pool\plugins\org.eclipse.m2e.maven.runtime_3.9.1100.20250811-2018\jars\maven-embedder-3.9.11.jar
2025-12-12 11:11:19,293 [Worker-42: Launching PROYECTO_ORTIZBLANCO_BRUNO (1)] INFO  o.eclipse.m2e.core.internal.Bundles - 	Entry: C:\Users\ortiz\.p2\pool\plugins\org.eclipse.m2e.maven.runtime_3.9.1100.20250811-2018\jars\maven-model-3.9.11.jar
2025-12-12 11:11:19,293 [Worker-42: Launching PROYECTO_ORTIZBLANCO_BRUNO (1)] INFO  o.eclipse.m2e.core.internal.Bundles - 	Entry: C:\Users\ortiz\.p2\pool\plugins\org.eclipse.m2e.maven.runtime_3.9.1100.20250811-2018\jars\maven-model-builder-3.9.11.jar
2025-12-12 11:11:19,293 [Worker-42: Launching PROYECTO_ORTIZBLANCO_BRUNO (1)] INFO  o.eclipse.m2e.core.internal.Bundles - 	Entry: C:\Users\ortiz\.p2\pool\plugins\org.eclipse.m2e.maven.runtime_3.9.1100.20250811-2018\jars\maven-plugin-api-3.9.11.jar
2025-12-12 11:11:19,293 [Worker-42: Launching PROYECTO_ORTIZBLANCO_BRUNO (1)] INFO  o.eclipse.m2e.core.internal.Bundles - 	Entry: C:\Users\ortiz\.p2\pool\plugins\org.eclipse.m2e.maven.runtime_3.9.1100.20250811-2018\jars\maven-repository-metadata-3.9.11.jar
2025-12-12 11:11:19,293 [Worker-42: Launching PROYECTO_ORTIZBLANCO_BRUNO (1)] INFO  o.eclipse.m2e.core.internal.Bundles - 	Entry: C:\Users\ortiz\.p2\pool\plugins\org.eclipse.m2e.maven.runtime_3.9.1100.20250811-2018\jars\maven-resolver-api-1.9.24.jar
2025-12-12 11:11:19,293 [Worker-42: Launching PROYECTO_ORTIZBLANCO_BRUNO (1)] INFO  o.eclipse.m2e.core.internal.Bundles - 	Entry: C:\Users\ortiz\.p2\pool\plugins\org.eclipse.m2e.maven.runtime_3.9.1100.20250811-2018\jars\maven-resolver-connector-basic-1.9.24.jar
2025-12-12 11:11:19,294 [Worker-42: Launching PROYECTO_ORTIZBLANCO_BRUNO (1)] INFO  o.eclipse.m2e.core.internal.Bundles - 	Entry: C:\Users\ortiz\.p2\pool\plugins\org.eclipse.m2e.maven.runtime_3.9.1100.20250811-2018\jars\maven-resolver-impl-1.9.24.jar
2025-12-12 11:11:19,294 [Worker-42: Launching PROYECTO_ORTIZBLANCO_BRUNO (1)] INFO  o.eclipse.m2e.core.internal.Bundles - 	Entry: C:\Users\ortiz\.p2\pool\plugins\org.eclipse.m2e.maven.runtime_3.9.1100.20250811-2018\jars\maven-resolver-named-locks-1.9.24.jar
2025-12-12 11:11:19,294 [Worker-42: Launching PROYECTO_ORTIZBLANCO_BRUNO (1)] INFO  o.eclipse.m2e.core.internal.Bundles - 	Entry: C:\Users\ortiz\.p2\pool\plugins\org.eclipse.m2e.maven.runtime_3.9.1100.20250811-2018\jars\maven-resolver-provider-3.9.11.jar
2025-12-12 11:11:19,294 [Worker-42: Launching PROYECTO_ORTIZBLANCO_BRUNO (1)] INFO  o.eclipse.m2e.core.internal.Bundles - 	Entry: C:\Users\ortiz\.p2\pool\plugins\org.eclipse.m2e.maven.runtime_3.9.1100.20250811-2018\jars\maven-resolver-spi-1.9.24.jar
2025-12-12 11:11:19,295 [Worker-42: Launching PROYECTO_ORTIZBLANCO_BRUNO (1)] INFO  o.eclipse.m2e.core.internal.Bundles - 	Entry: C:\Users\ortiz\.p2\pool\plugins\org.eclipse.m2e.maven.runtime_3.9.1100.20250811-2018\jars\maven-resolver-transport-file-1.9.24.jar
2025-12-12 11:11:19,295 [Worker-42: Launching PROYECTO_ORTIZBLANCO_BRUNO (1)] INFO  o.eclipse.m2e.core.internal.Bundles - 	Entry: C:\Users\ortiz\.p2\pool\plugins\org.eclipse.m2e.maven.runtime_3.9.1100.20250811-2018\jars\maven-resolver-transport-http-1.9.24.jar
2025-12-12 11:11:19,295 [Worker-42: Launching PROYECTO_ORTIZBLANCO_BRUNO (1)] INFO  o.eclipse.m2e.core.internal.Bundles - 	Entry: C:\Users\ortiz\.p2\pool\plugins\org.eclipse.m2e.maven.runtime_3.9.1100.20250811-2018\jars\maven-resolver-transport-wagon-1.9.24.jar
2025-12-12 11:11:19,295 [Worker-42: Launching PROYECTO_ORTIZBLANCO_BRUNO (1)] INFO  o.eclipse.m2e.core.internal.Bundles - 	Entry: C:\Users\ortiz\.p2\pool\plugins\org.eclipse.m2e.maven.runtime_3.9.1100.20250811-2018\jars\maven-resolver-util-1.9.24.jar
2025-12-12 11:11:19,295 [Worker-42: Launching PROYECTO_ORTIZBLANCO_BRUNO (1)] INFO  o.eclipse.m2e.core.internal.Bundles - 	Entry: C:\Users\ortiz\.p2\pool\plugins\org.eclipse.m2e.maven.runtime_3.9.1100.20250811-2018\jars\maven-settings-3.9.11.jar
2025-12-12 11:11:19,295 [Worker-42: Launching PROYECTO_ORTIZBLANCO_BRUNO (1)] INFO  o.eclipse.m2e.core.internal.Bundles - 	Entry: C:\Users\ortiz\.p2\pool\plugins\org.eclipse.m2e.maven.runtime_3.9.1100.20250811-2018\jars\maven-settings-builder-3.9.11.jar
2025-12-12 11:11:19,295 [Worker-42: Launching PROYECTO_ORTIZBLANCO_BRUNO (1)] INFO  o.eclipse.m2e.core.internal.Bundles - 	Entry: C:\Users\ortiz\.p2\pool\plugins\org.eclipse.m2e.maven.runtime_3.9.1100.20250811-2018\jars\maven-shared-utils-3.4.2.jar
2025-12-12 11:11:19,295 [Worker-42: Launching PROYECTO_ORTIZBLANCO_BRUNO (1)] INFO  o.eclipse.m2e.core.internal.Bundles - 	Entry: C:\Users\ortiz\.p2\pool\plugins\org.eclipse.m2e.maven.runtime_3.9.1100.20250811-2018\jars\org.eclipse.sisu.inject-0.9.0.M4.jar
2025-12-12 11:11:19,296 [Worker-42: Launching PROYECTO_ORTIZBLANCO_BRUNO (1)] INFO  o.eclipse.m2e.core.internal.Bundles - 	Entry: C:\Users\ortiz\.p2\pool\plugins\org.eclipse.m2e.maven.runtime_3.9.1100.20250811-2018\jars\org.eclipse.sisu.plexus-0.9.0.M4.jar
2025-12-12 11:11:19,296 [Worker-42: Launching PROYECTO_ORTIZBLANCO_BRUNO (1)] INFO  o.eclipse.m2e.core.internal.Bundles - 	Entry: C:\Users\ortiz\.p2\pool\plugins\org.eclipse.m2e.maven.runtime_3.9.1100.20250811-2018\jars\plexus-build-api-0.0.7.jar
2025-12-12 11:11:19,296 [Worker-42: Launching PROYECTO_ORTIZBLANCO_BRUNO (1)] INFO  o.eclipse.m2e.core.internal.Bundles - 	Entry: C:\Users\ortiz\.p2\pool\plugins\org.eclipse.m2e.maven.runtime_3.9.1100.20250811-2018\jars\plexus-build-api-1.2.0.jar
2025-12-12 11:11:19,296 [Worker-42: Launching PROYECTO_ORTIZBLANCO_BRUNO (1)] INFO  o.eclipse.m2e.core.internal.Bundles - 	Entry: C:\Users\ortiz\.p2\pool\plugins\org.eclipse.m2e.maven.runtime_3.9.1100.20250811-2018\jars\plexus-cipher-2.0.jar
2025-12-12 11:11:19,296 [Worker-42: Launching PROYECTO_ORTIZBLANCO_BRUNO (1)] INFO  o.eclipse.m2e.core.internal.Bundles - 	Entry: C:\Users\ortiz\.p2\pool\plugins\org.eclipse.m2e.maven.runtime_3.9.1100.20250811-2018\jars\plexus-classworlds-2.9.0.jar
2025-12-12 11:11:19,296 [Worker-42: Launching PROYECTO_ORTIZBLANCO_BRUNO (1)] INFO  o.eclipse.m2e.core.internal.Bundles - 	Entry: C:\Users\ortiz\.p2\pool\plugins\org.eclipse.m2e.maven.runtime_3.9.1100.20250811-2018\jars\plexus-component-annotations-2.2.0.jar
2025-12-12 11:11:19,296 [Worker-42: Launching PROYECTO_ORTIZBLANCO_BRUNO (1)] INFO  o.eclipse.m2e.core.internal.Bundles - 	Entry: C:\Users\ortiz\.p2\pool\plugins\org.eclipse.m2e.maven.runtime_3.9.1100.20250811-2018\jars\plexus-interpolation-1.28.jar
2025-12-12 11:11:19,296 [Worker-42: Launching PROYECTO_ORTIZBLANCO_BRUNO (1)] INFO  o.eclipse.m2e.core.internal.Bundles - 	Entry: C:\Users\ortiz\.p2\pool\plugins\org.eclipse.m2e.maven.runtime_3.9.1100.20250811-2018\jars\plexus-sec-dispatcher-2.0.jar
2025-12-12 11:11:19,297 [Worker-42: Launching PROYECTO_ORTIZBLANCO_BRUNO (1)] INFO  o.eclipse.m2e.core.internal.Bundles - 	Entry: C:\Users\ortiz\.p2\pool\plugins\org.eclipse.m2e.maven.runtime_3.9.1100.20250811-2018\jars\plexus-utils-3.6.0.jar
2025-12-12 11:11:19,297 [Worker-42: Launching PROYECTO_ORTIZBLANCO_BRUNO (1)] INFO  o.eclipse.m2e.core.internal.Bundles - 	Entry: C:\Users\ortiz\.p2\pool\plugins\org.eclipse.m2e.maven.runtime_3.9.1100.20250811-2018\jars\wagon-file-3.5.3.jar
2025-12-12 11:11:19,297 [Worker-42: Launching PROYECTO_ORTIZBLANCO_BRUNO (1)] INFO  o.eclipse.m2e.core.internal.Bundles - 	Entry: C:\Users\ortiz\.p2\pool\plugins\org.eclipse.m2e.maven.runtime_3.9.1100.20250811-2018\jars\wagon-http-3.5.3.jar
2025-12-12 11:11:19,297 [Worker-42: Launching PROYECTO_ORTIZBLANCO_BRUNO (1)] INFO  o.eclipse.m2e.core.internal.Bundles - 	Entry: C:\Users\ortiz\.p2\pool\plugins\org.eclipse.m2e.maven.runtime_3.9.1100.20250811-2018\jars\wagon-http-shared-3.5.3.jar
2025-12-12 11:11:19,297 [Worker-42: Launching PROYECTO_ORTIZBLANCO_BRUNO (1)] INFO  o.eclipse.m2e.core.internal.Bundles - 	Entry: C:\Users\ortiz\.p2\pool\plugins\org.eclipse.m2e.maven.runtime_3.9.1100.20250811-2018\jars\wagon-provider-api-3.5.3.jar
2025-12-12 11:11:19,297 [Worker-42: Launching PROYECTO_ORTIZBLANCO_BRUNO (1)] INFO  o.eclipse.m2e.core.internal.Bundles - getClasspathEntries(Bundle=com.google.guava_33.5.0.jre [1329])
2025-12-12 11:11:19,298 [Worker-42: Launching PROYECTO_ORTIZBLANCO_BRUNO (1)] INFO  o.eclipse.m2e.core.internal.Bundles - 	Entry: C:\Users\ortiz\.p2\pool\plugins\com.google.guava_33.5.0.jre.jar
2025-12-12 11:11:19,298 [Worker-42: Launching PROYECTO_ORTIZBLANCO_BRUNO (1)] INFO  o.eclipse.m2e.core.internal.Bundles - getClasspathEntries(Bundle=slf4j.api_2.0.17 [1006])
2025-12-12 11:11:19,298 [Worker-42: Launching PROYECTO_ORTIZBLANCO_BRUNO (1)] INFO  o.eclipse.m2e.core.internal.Bundles - 	Entry: C:\Users\ortiz\.p2\pool\plugins\slf4j.api_2.0.17.jar
2025-12-12 11:11:19,298 [Worker-42: Launching PROYECTO_ORTIZBLANCO_BRUNO (1)] INFO  o.eclipse.m2e.core.internal.Bundles - getClasspathEntries(Bundle=jakarta.inject.jakarta.inject-api_1.0.5 [35])
2025-12-12 11:11:19,298 [Worker-42: Launching PROYECTO_ORTIZBLANCO_BRUNO (1)] INFO  o.eclipse.m2e.core.internal.Bundles - 	Entry: C:\Users\ortiz\.p2\pool\plugins\jakarta.inject.jakarta.inject-api_1.0.5.jar
2025-12-12 11:11:19,298 [Worker-42: Launching PROYECTO_ORTIZBLANCO_BRUNO (1)] INFO  o.eclipse.m2e.core.internal.Bundles - getClasspathEntries(Bundle=jakarta.annotation-api_1.3.5 [31])
2025-12-12 11:11:19,299 [Worker-42: Launching PROYECTO_ORTIZBLANCO_BRUNO (1)] INFO  o.eclipse.m2e.core.internal.Bundles - 	Entry: C:\Users\ortiz\.p2\pool\plugins\jakarta.annotation-api_1.3.5.jar
2025-12-12 11:11:19,299 [Worker-42: Launching PROYECTO_ORTIZBLANCO_BRUNO (1)] INFO  o.eclipse.m2e.core.internal.Bundles - getClasspathEntries(Bundle=org.apache.commons.cli_1.10.0 [75])
2025-12-12 11:11:19,299 [Worker-42: Launching PROYECTO_ORTIZBLANCO_BRUNO (1)] INFO  o.eclipse.m2e.core.internal.Bundles - 	Entry: C:\Users\ortiz\.p2\pool\plugins\org.apache.commons.cli_1.10.0.jar
2025-12-12 11:11:19,299 [Worker-42: Launching PROYECTO_ORTIZBLANCO_BRUNO (1)] INFO  o.eclipse.m2e.core.internal.Bundles - getClasspathEntries(Bundle=org.apache.commons.commons-codec_1.20.0 [1265])
2025-12-12 11:11:19,299 [Worker-42: Launching PROYECTO_ORTIZBLANCO_BRUNO (1)] INFO  o.eclipse.m2e.core.internal.Bundles - 	Entry: C:\Users\ortiz\.p2\pool\plugins\org.apache.commons.commons-codec_1.20.0.jar
2025-12-12 11:11:19,299 [Worker-42: Launching PROYECTO_ORTIZBLANCO_BRUNO (1)] INFO  o.eclipse.m2e.core.internal.Bundles - getClasspathEntries(Bundle=com.google.guava.failureaccess_1.0.3 [19])
2025-12-12 11:11:19,299 [Worker-42: Launching PROYECTO_ORTIZBLANCO_BRUNO (1)] INFO  o.eclipse.m2e.core.internal.Bundles - 	Entry: C:\Users\ortiz\.p2\pool\plugins\com.google.guava.failureaccess_1.0.3.jar
2025-12-12 11:11:19,301 [Worker-42: Launching PROYECTO_ORTIZBLANCO_BRUNO (1)] INFO  o.e.m.i.launch.MavenLaunchDelegate - Run build in "C:\Users\ortiz\OneDrive\Documentos\proyecto\PROYECTO_ORTIZBLANCO_BRUNO\PROYECTO_ORTIZBLANCO_BRUNO":
2025-12-12 11:11:19,301 [Worker-42: Launching PROYECTO_ORTIZBLANCO_BRUNO (1)] INFO  o.e.m.i.launch.MavenLaunchDelegate -  mvn  -B -Dstyle.color=always 
2025-12-12 11:12:48,390 [Worker-42: Launching PROYECTO_ORTIZBLANCO_BRUNO] INFO  o.eclipse.m2e.core.internal.Bundles - getClasspathEntries(Bundle=org.eclipse.m2e.maven.runtime_3.9.1100.20250811-2018 [641])
2025-12-12 11:12:48,391 [Worker-42: Launching PROYECTO_ORTIZBLANCO_BRUNO] INFO  o.eclipse.m2e.core.internal.Bundles - 	Entry: C:\Users\ortiz\.p2\pool\plugins\org.eclipse.m2e.maven.runtime_3.9.1100.20250811-2018
2025-12-12 11:12:48,391 [Worker-42: Launching PROYECTO_ORTIZBLANCO_BRUNO] INFO  o.eclipse.m2e.core.internal.Bundles - 	Entry: C:\Users\ortiz\.p2\pool\plugins\org.eclipse.m2e.maven.runtime_3.9.1100.20250811-2018\jars\aopalliance-1.0.jar
2025-12-12 11:12:48,391 [Worker-42: Launching PROYECTO_ORTIZBLANCO_BRUNO] INFO  o.eclipse.m2e.core.internal.Bundles - 	Entry: C:\Users\ortiz\.p2\pool\plugins\org.eclipse.m2e.maven.runtime_3.9.1100.20250811-2018\jars\asm-9.8.jar
2025-12-12 11:12:48,391 [Worker-42: Launching PROYECTO_ORTIZBLANCO_BRUNO] INFO  o.eclipse.m2e.core.internal.Bundles - 	Entry: C:\Users\ortiz\.p2\pool\plugins\org.eclipse.m2e.maven.runtime_3.9.1100.20250811-2018\jars\error_prone_annotations-2.38.0.jar
2025-12-12 11:12:48,391 [Worker-42: Launching PROYECTO_ORTIZBLANCO_BRUNO] INFO  o.eclipse.m2e.core.internal.Bundles - 	Entry: C:\Users\ortiz\.p2\pool\plugins\org.eclipse.m2e.maven.runtime_3.9.1100.20250811-2018\jars\gson-2.13.1.jar
2025-12-12 11:12:48,392 [Worker-42: Launching PROYECTO_ORTIZBLANCO_BRUNO] INFO  o.eclipse.m2e.core.internal.Bundles - 	Entry: C:\Users\ortiz\.p2\pool\plugins\org.eclipse.m2e.maven.runtime_3.9.1100.20250811-2018\jars\guice-5.1.0-classes.jar
2025-12-12 11:12:48,392 [Worker-42: Launching PROYECTO_ORTIZBLANCO_BRUNO] INFO  o.eclipse.m2e.core.internal.Bundles - 	Entry: C:\Users\ortiz\.p2\pool\plugins\org.eclipse.m2e.maven.runtime_3.9.1100.20250811-2018\jars\httpclient-4.5.14.jar
2025-12-12 11:12:48,392 [Worker-42: Launching PROYECTO_ORTIZBLANCO_BRUNO] INFO  o.eclipse.m2e.core.internal.Bundles - 	Entry: C:\Users\ortiz\.p2\pool\plugins\org.eclipse.m2e.maven.runtime_3.9.1100.20250811-2018\jars\httpcore-4.4.16.jar
2025-12-12 11:12:48,392 [Worker-42: Launching PROYECTO_ORTIZBLANCO_BRUNO] INFO  o.eclipse.m2e.core.internal.Bundles - 	Entry: C:\Users\ortiz\.p2\pool\plugins\org.eclipse.m2e.maven.runtime_3.9.1100.20250811-2018\jars\jansi-2.4.2.jar
2025-12-12 11:12:48,392 [Worker-42: Launching PROYECTO_ORTIZBLANCO_BRUNO] INFO  o.eclipse.m2e.core.internal.Bundles - 	Entry: C:\Users\ortiz\.p2\pool\plugins\org.eclipse.m2e.maven.runtime_3.9.1100.20250811-2018\jars\jcl-over-slf4j-1.7.36.jar
2025-12-12 11:12:48,392 [Worker-42: Launching PROYECTO_ORTIZBLANCO_BRUNO] INFO  o.eclipse.m2e.core.internal.Bundles - 	Entry: C:\Users\ortiz\.p2\pool\plugins\org.eclipse.m2e.maven.runtime_3.9.1100.20250811-2018\jars\maven-artifact-3.9.11.jar
2025-12-12 11:12:48,392 [Worker-42: Launching PROYECTO_ORTIZBLANCO_BRUNO] INFO  o.eclipse.m2e.core.internal.Bundles - 	Entry: C:\Users\ortiz\.p2\pool\plugins\org.eclipse.m2e.maven.runtime_3.9.1100.20250811-2018\jars\maven-builder-support-3.9.11.jar
2025-12-12 11:12:48,392 [Worker-42: Launching PROYECTO_ORTIZBLANCO_BRUNO] INFO  o.eclipse.m2e.core.internal.Bundles - 	Entry: C:\Users\ortiz\.p2\pool\plugins\org.eclipse.m2e.maven.runtime_3.9.1100.20250811-2018\jars\maven-compat-3.9.11.jar
2025-12-12 11:12:48,392 [Worker-42: Launching PROYECTO_ORTIZBLANCO_BRUNO] INFO  o.eclipse.m2e.core.internal.Bundles - 	Entry: C:\Users\ortiz\.p2\pool\plugins\org.eclipse.m2e.maven.runtime_3.9.1100.20250811-2018\jars\maven-core-3.9.11.jar
2025-12-12 11:12:48,393 [Worker-42: Launching PROYECTO_ORTIZBLANCO_BRUNO] INFO  o.eclipse.m2e.core.internal.Bundles - 	Entry: C:\Users\ortiz\.p2\pool\plugins\org.eclipse.m2e.maven.runtime_3.9.1100.20250811-2018\jars\maven-embedder-3.9.11.jar
2025-12-12 11:12:48,393 [Worker-42: Launching PROYECTO_ORTIZBLANCO_BRUNO] INFO  o.eclipse.m2e.core.internal.Bundles - 	Entry: C:\Users\ortiz\.p2\pool\plugins\org.eclipse.m2e.maven.runtime_3.9.1100.20250811-2018\jars\maven-model-3.9.11.jar
2025-12-12 11:12:48,393 [Worker-42: Launching PROYECTO_ORTIZBLANCO_BRUNO] INFO  o.eclipse.m2e.core.internal.Bundles - 	Entry: C:\Users\ortiz\.p2\pool\plugins\org.eclipse.m2e.maven.runtime_3.9.1100.20250811-2018\jars\maven-model-builder-3.9.11.jar
2025-12-12 11:12:48,393 [Worker-42: Launching PROYECTO_ORTIZBLANCO_BRUNO] INFO  o.eclipse.m2e.core.internal.Bundles - 	Entry: C:\Users\ortiz\.p2\pool\plugins\org.eclipse.m2e.maven.runtime_3.9.1100.20250811-2018\jars\maven-plugin-api-3.9.11.jar
2025-12-12 11:12:48,393 [Worker-42: Launching PROYECTO_ORTIZBLANCO_BRUNO] INFO  o.eclipse.m2e.core.internal.Bundles - 	Entry: C:\Users\ortiz\.p2\pool\plugins\org.eclipse.m2e.maven.runtime_3.9.1100.20250811-2018\jars\maven-repository-metadata-3.9.11.jar
2025-12-12 11:12:48,393 [Worker-42: Launching PROYECTO_ORTIZBLANCO_BRUNO] INFO  o.eclipse.m2e.core.internal.Bundles - 	Entry: C:\Users\ortiz\.p2\pool\plugins\org.eclipse.m2e.maven.runtime_3.9.1100.20250811-2018\jars\maven-resolver-api-1.9.24.jar
2025-12-12 11:12:48,393 [Worker-42: Launching PROYECTO_ORTIZBLANCO_BRUNO] INFO  o.eclipse.m2e.core.internal.Bundles - 	Entry: C:\Users\ortiz\.p2\pool\plugins\org.eclipse.m2e.maven.runtime_3.9.1100.20250811-2018\jars\maven-resolver-connector-basic-1.9.24.jar
2025-12-12 11:12:48,393 [Worker-42: Launching PROYECTO_ORTIZBLANCO_BRUNO] INFO  o.eclipse.m2e.core.internal.Bundles - 	Entry: C:\Users\ortiz\.p2\pool\plugins\org.eclipse.m2e.maven.runtime_3.9.1100.20250811-2018\jars\maven-resolver-impl-1.9.24.jar
2025-12-12 11:12:48,393 [Worker-42: Launching PROYECTO_ORTIZBLANCO_BRUNO] INFO  o.eclipse.m2e.core.internal.Bundles - 	Entry: C:\Users\ortiz\.p2\pool\plugins\org.eclipse.m2e.maven.runtime_3.9.1100.20250811-2018\jars\maven-resolver-named-locks-1.9.24.jar
2025-12-12 11:12:48,394 [Worker-42: Launching PROYECTO_ORTIZBLANCO_BRUNO] INFO  o.eclipse.m2e.core.internal.Bundles - 	Entry: C:\Users\ortiz\.p2\pool\plugins\org.eclipse.m2e.maven.runtime_3.9.1100.20250811-2018\jars\maven-resolver-provider-3.9.11.jar
2025-12-12 11:12:48,394 [Worker-42: Launching PROYECTO_ORTIZBLANCO_BRUNO] INFO  o.eclipse.m2e.core.internal.Bundles - 	Entry: C:\Users\ortiz\.p2\pool\plugins\org.eclipse.m2e.maven.runtime_3.9.1100.20250811-2018\jars\maven-resolver-spi-1.9.24.jar
2025-12-12 11:12:48,394 [Worker-42: Launching PROYECTO_ORTIZBLANCO_BRUNO] INFO  o.eclipse.m2e.core.internal.Bundles - 	Entry: C:\Users\ortiz\.p2\pool\plugins\org.eclipse.m2e.maven.runtime_3.9.1100.20250811-2018\jars\maven-resolver-transport-file-1.9.24.jar
2025-12-12 11:12:48,394 [Worker-42: Launching PROYECTO_ORTIZBLANCO_BRUNO] INFO  o.eclipse.m2e.core.internal.Bundles - 	Entry: C:\Users\ortiz\.p2\pool\plugins\org.eclipse.m2e.maven.runtime_3.9.1100.20250811-2018\jars\maven-resolver-transport-http-1.9.24.jar
2025-12-12 11:12:48,394 [Worker-42: Launching PROYECTO_ORTIZBLANCO_BRUNO] INFO  o.eclipse.m2e.core.internal.Bundles - 	Entry: C:\Users\ortiz\.p2\pool\plugins\org.eclipse.m2e.maven.runtime_3.9.1100.20250811-2018\jars\maven-resolver-transport-wagon-1.9.24.jar
2025-12-12 11:12:48,394 [Worker-42: Launching PROYECTO_ORTIZBLANCO_BRUNO] INFO  o.eclipse.m2e.core.internal.Bundles - 	Entry: C:\Users\ortiz\.p2\pool\plugins\org.eclipse.m2e.maven.runtime_3.9.1100.20250811-2018\jars\maven-resolver-util-1.9.24.jar
2025-12-12 11:12:48,394 [Worker-42: Launching PROYECTO_ORTIZBLANCO_BRUNO] INFO  o.eclipse.m2e.core.internal.Bundles - 	Entry: C:\Users\ortiz\.p2\pool\plugins\org.eclipse.m2e.maven.runtime_3.9.1100.20250811-2018\jars\maven-settings-3.9.11.jar
2025-12-12 11:12:48,394 [Worker-42: Launching PROYECTO_ORTIZBLANCO_BRUNO] INFO  o.eclipse.m2e.core.internal.Bundles - 	Entry: C:\Users\ortiz\.p2\pool\plugins\org.eclipse.m2e.maven.runtime_3.9.1100.20250811-2018\jars\maven-settings-builder-3.9.11.jar
2025-12-12 11:12:48,394 [Worker-42: Launching PROYECTO_ORTIZBLANCO_BRUNO] INFO  o.eclipse.m2e.core.internal.Bundles - 	Entry: C:\Users\ortiz\.p2\pool\plugins\org.eclipse.m2e.maven.runtime_3.9.1100.20250811-2018\jars\maven-shared-utils-3.4.2.jar
2025-12-12 11:12:48,395 [Worker-42: Launching PROYECTO_ORTIZBLANCO_BRUNO] INFO  o.eclipse.m2e.core.internal.Bundles - 	Entry: C:\Users\ortiz\.p2\pool\plugins\org.eclipse.m2e.maven.runtime_3.9.1100.20250811-2018\jars\org.eclipse.sisu.inject-0.9.0.M4.jar
2025-12-12 11:12:48,395 [Worker-42: Launching PROYECTO_ORTIZBLANCO_BRUNO] INFO  o.eclipse.m2e.core.internal.Bundles - 	Entry: C:\Users\ortiz\.p2\pool\plugins\org.eclipse.m2e.maven.runtime_3.9.1100.20250811-2018\jars\org.eclipse.sisu.plexus-0.9.0.M4.jar
2025-12-12 11:12:48,395 [Worker-42: Launching PROYECTO_ORTIZBLANCO_BRUNO] INFO  o.eclipse.m2e.core.internal.Bundles - 	Entry: C:\Users\ortiz\.p2\pool\plugins\org.eclipse.m2e.maven.runtime_3.9.1100.20250811-2018\jars\plexus-build-api-0.0.7.jar
2025-12-12 11:12:48,395 [Worker-42: Launching PROYECTO_ORTIZBLANCO_BRUNO] INFO  o.eclipse.m2e.core.internal.Bundles - 	Entry: C:\Users\ortiz\.p2\pool\plugins\org.eclipse.m2e.maven.runtime_3.9.1100.20250811-2018\jars\plexus-build-api-1.2.0.jar
2025-12-12 11:12:48,395 [Worker-42: Launching PROYECTO_ORTIZBLANCO_BRUNO] INFO  o.eclipse.m2e.core.internal.Bundles - 	Entry: C:\Users\ortiz\.p2\pool\plugins\org.eclipse.m2e.maven.runtime_3.9.1100.20250811-2018\jars\plexus-cipher-2.0.jar
2025-12-12 11:12:48,395 [Worker-42: Launching PROYECTO_ORTIZBLANCO_BRUNO] INFO  o.eclipse.m2e.core.internal.Bundles - 	Entry: C:\Users\ortiz\.p2\pool\plugins\org.eclipse.m2e.maven.runtime_3.9.1100.20250811-2018\jars\plexus-classworlds-2.9.0.jar
2025-12-12 11:12:48,395 [Worker-42: Launching PROYECTO_ORTIZBLANCO_BRUNO] INFO  o.eclipse.m2e.core.internal.Bundles - 	Entry: C:\Users\ortiz\.p2\pool\plugins\org.eclipse.m2e.maven.runtime_3.9.1100.20250811-2018\jars\plexus-component-annotations-2.2.0.jar
2025-12-12 11:12:48,395 [Worker-42: Launching PROYECTO_ORTIZBLANCO_BRUNO] INFO  o.eclipse.m2e.core.internal.Bundles - 	Entry: C:\Users\ortiz\.p2\pool\plugins\org.eclipse.m2e.maven.runtime_3.9.1100.20250811-2018\jars\plexus-interpolation-1.28.jar
2025-12-12 11:12:48,395 [Worker-42: Launching PROYECTO_ORTIZBLANCO_BRUNO] INFO  o.eclipse.m2e.core.internal.Bundles - 	Entry: C:\Users\ortiz\.p2\pool\plugins\org.eclipse.m2e.maven.runtime_3.9.1100.20250811-2018\jars\plexus-sec-dispatcher-2.0.jar
2025-12-12 11:12:48,396 [Worker-42: Launching PROYECTO_ORTIZBLANCO_BRUNO] INFO  o.eclipse.m2e.core.internal.Bundles - 	Entry: C:\Users\ortiz\.p2\pool\plugins\org.eclipse.m2e.maven.runtime_3.9.1100.20250811-2018\jars\plexus-utils-3.6.0.jar
2025-12-12 11:12:48,396 [Worker-42: Launching PROYECTO_ORTIZBLANCO_BRUNO] INFO  o.eclipse.m2e.core.internal.Bundles - 	Entry: C:\Users\ortiz\.p2\pool\plugins\org.eclipse.m2e.maven.runtime_3.9.1100.20250811-2018\jars\wagon-file-3.5.3.jar
2025-12-12 11:12:48,396 [Worker-42: Launching PROYECTO_ORTIZBLANCO_BRUNO] INFO  o.eclipse.m2e.core.internal.Bundles - 	Entry: C:\Users\ortiz\.p2\pool\plugins\org.eclipse.m2e.maven.runtime_3.9.1100.20250811-2018\jars\wagon-http-3.5.3.jar
2025-12-12 11:12:48,396 [Worker-42: Launching PROYECTO_ORTIZBLANCO_BRUNO] INFO  o.eclipse.m2e.core.internal.Bundles - 	Entry: C:\Users\ortiz\.p2\pool\plugins\org.eclipse.m2e.maven.runtime_3.9.1100.20250811-2018\jars\wagon-http-shared-3.5.3.jar
2025-12-12 11:12:48,396 [Worker-42: Launching PROYECTO_ORTIZBLANCO_BRUNO] INFO  o.eclipse.m2e.core.internal.Bundles - 	Entry: C:\Users\ortiz\.p2\pool\plugins\org.eclipse.m2e.maven.runtime_3.9.1100.20250811-2018\jars\wagon-provider-api-3.5.3.jar
2025-12-12 11:12:48,396 [Worker-42: Launching PROYECTO_ORTIZBLANCO_BRUNO] INFO  o.eclipse.m2e.core.internal.Bundles - getClasspathEntries(Bundle=com.google.guava_33.5.0.jre [1329])
2025-12-12 11:12:48,397 [Worker-42: Launching PROYECTO_ORTIZBLANCO_BRUNO] INFO  o.eclipse.m2e.core.internal.Bundles - 	Entry: C:\Users\ortiz\.p2\pool\plugins\com.google.guava_33.5.0.jre.jar
2025-12-12 11:12:48,397 [Worker-42: Launching PROYECTO_ORTIZBLANCO_BRUNO] INFO  o.eclipse.m2e.core.internal.Bundles - getClasspathEntries(Bundle=slf4j.api_2.0.17 [1006])
2025-12-12 11:12:48,397 [Worker-42: Launching PROYECTO_ORTIZBLANCO_BRUNO] INFO  o.eclipse.m2e.core.internal.Bundles - 	Entry: C:\Users\ortiz\.p2\pool\plugins\slf4j.api_2.0.17.jar
2025-12-12 11:12:48,397 [Worker-42: Launching PROYECTO_ORTIZBLANCO_BRUNO] INFO  o.eclipse.m2e.core.internal.Bundles - getClasspathEntries(Bundle=jakarta.inject.jakarta.inject-api_1.0.5 [35])
2025-12-12 11:12:48,397 [Worker-42: Launching PROYECTO_ORTIZBLANCO_BRUNO] INFO  o.eclipse.m2e.core.internal.Bundles - 	Entry: C:\Users\ortiz\.p2\pool\plugins\jakarta.inject.jakarta.inject-api_1.0.5.jar
2025-12-12 11:12:48,397 [Worker-42: Launching PROYECTO_ORTIZBLANCO_BRUNO] INFO  o.eclipse.m2e.core.internal.Bundles - getClasspathEntries(Bundle=jakarta.annotation-api_1.3.5 [31])
2025-12-12 11:12:48,398 [Worker-42: Launching PROYECTO_ORTIZBLANCO_BRUNO] INFO  o.eclipse.m2e.core.internal.Bundles - 	Entry: C:\Users\ortiz\.p2\pool\plugins\jakarta.annotation-api_1.3.5.jar
2025-12-12 11:12:48,398 [Worker-42: Launching PROYECTO_ORTIZBLANCO_BRUNO] INFO  o.eclipse.m2e.core.internal.Bundles - getClasspathEntries(Bundle=org.apache.commons.cli_1.10.0 [75])
2025-12-12 11:12:48,398 [Worker-42: Launching PROYECTO_ORTIZBLANCO_BRUNO] INFO  o.eclipse.m2e.core.internal.Bundles - 	Entry: C:\Users\ortiz\.p2\pool\plugins\org.apache.commons.cli_1.10.0.jar
2025-12-12 11:12:48,398 [Worker-42: Launching PROYECTO_ORTIZBLANCO_BRUNO] INFO  o.eclipse.m2e.core.internal.Bundles - getClasspathEntries(Bundle=org.apache.commons.commons-codec_1.20.0 [1265])
2025-12-12 11:12:48,398 [Worker-42: Launching PROYECTO_ORTIZBLANCO_BRUNO] INFO  o.eclipse.m2e.core.internal.Bundles - 	Entry: C:\Users\ortiz\.p2\pool\plugins\org.apache.commons.commons-codec_1.20.0.jar
2025-12-12 11:12:48,398 [Worker-42: Launching PROYECTO_ORTIZBLANCO_BRUNO] INFO  o.eclipse.m2e.core.internal.Bundles - getClasspathEntries(Bundle=com.google.guava.failureaccess_1.0.3 [19])
2025-12-12 11:12:48,399 [Worker-42: Launching PROYECTO_ORTIZBLANCO_BRUNO] INFO  o.eclipse.m2e.core.internal.Bundles - 	Entry: C:\Users\ortiz\.p2\pool\plugins\com.google.guava.failureaccess_1.0.3.jar
2025-12-12 11:12:48,399 [Worker-42: Launching PROYECTO_ORTIZBLANCO_BRUNO] INFO  o.e.m.i.launch.MavenLaunchDelegate - Run build in "C:\Users\ortiz\OneDrive\Documentos\proyecto\PROYECTO_ORTIZBLANCO_BRUNO\PROYECTO_ORTIZBLANCO_BRUNO":
2025-12-12 11:12:48,400 [Worker-42: Launching PROYECTO_ORTIZBLANCO_BRUNO] INFO  o.e.m.i.launch.MavenLaunchDelegate -  mvn  -B -Dstyle.color=always spring-boot:run
2025-12-12 11:13:57,657 [Worker-40: Building] INFO  o.a.m.s.f.DefaultMavenResourcesFiltering - skip non existing resourceDirectory C:\Users\ortiz\OneDrive\Documentos\proyecto\PROYECTO_ORTIZBLANCO_BRUNO\PROYECTO_ORTIZBLANCO_BRUNO\src\main\resources
2025-12-12 11:13:57,657 [Worker-40: Building] INFO  o.a.m.s.f.DefaultMavenResourcesFiltering - skip non existing resourceDirectory C:\Users\ortiz\OneDrive\Documentos\proyecto\PROYECTO_ORTIZBLANCO_BRUNO\PROYECTO_ORTIZBLANCO_BRUNO\src\main\resources
2025-12-12 11:13:57,659 [Worker-40: Building] INFO  o.a.m.s.f.DefaultMavenResourcesFiltering - skip non existing resourceDirectory C:\Users\ortiz\OneDrive\Documentos\proyecto\PROYECTO_ORTIZBLANCO_BRUNO\PROYECTO_ORTIZBLANCO_BRUNO\src\test\resources
2025-12-12 11:13:57,659 [Worker-40: Building] WARN  o.apache.maven.project.MavenProject - Direct modification of compileSourceRoots through clear() is deprecated and will not work in Maven 4.0.0. Please use the add/remove methods instead. If you're using a plugin that causes this warning, please upgrade to the latest version and report an issue if the warning persists. To disable these warnings, set -Dmaven.project.sourceRoots.warningsDisabled=true on the command line, in the .mvn/maven.config file, or in project POM properties.
2025-12-12 11:13:57,660 [Worker-40: Building] WARN  o.apache.maven.project.MavenProject - Direct modification of compileSourceRoots through add() is deprecated and will not work in Maven 4.0.0. Please use the add/remove methods instead. If you're using a plugin that causes this warning, please upgrade to the latest version and report an issue if the warning persists. To disable these warnings, set -Dmaven.project.sourceRoots.warningsDisabled=true on the command line, in the .mvn/maven.config file, or in project POM properties.
2025-12-12 11:13:57,660 [Worker-40: Building] WARN  o.apache.maven.project.MavenProject - Direct modification of testCompileSourceRoots through clear() is deprecated and will not work in Maven 4.0.0. Please use the add/remove methods instead. If you're using a plugin that causes this warning, please upgrade to the latest version and report an issue if the warning persists. To disable these warnings, set -Dmaven.project.sourceRoots.warningsDisabled=true on the command line, in the .mvn/maven.config file, or in project POM properties.
2025-12-12 11:13:57,660 [Worker-40: Building] WARN  o.apache.maven.project.MavenProject - Direct modification of testCompileSourceRoots through add() is deprecated and will not work in Maven 4.0.0. Please use the add/remove methods instead. If you're using a plugin that causes this warning, please upgrade to the latest version and report an issue if the warning persists. To disable these warnings, set -Dmaven.project.sourceRoots.warningsDisabled=true on the command line, in the .mvn/maven.config file, or in project POM properties.
2025-12-12 11:14:01,784 [Worker-47: Building] INFO  o.a.m.s.f.DefaultMavenResourcesFiltering - skip non existing resourceDirectory C:\Users\ortiz\OneDrive\Documentos\proyecto\PROYECTO_ORTIZBLANCO_BRUNO\PROYECTO_ORTIZBLANCO_BRUNO\src\main\resources
2025-12-12 11:14:01,785 [Worker-47: Building] INFO  o.a.m.s.f.DefaultMavenResourcesFiltering - skip non existing resourceDirectory C:\Users\ortiz\OneDrive\Documentos\proyecto\PROYECTO_ORTIZBLANCO_BRUNO\PROYECTO_ORTIZBLANCO_BRUNO\src\main\resources
2025-12-12 11:14:01,790 [Worker-47: Building] INFO  o.a.m.s.f.DefaultMavenResourcesFiltering - skip non existing resourceDirectory C:\Users\ortiz\OneDrive\Documentos\proyecto\PROYECTO_ORTIZBLANCO_BRUNO\PROYECTO_ORTIZBLANCO_BRUNO\src\test\resources
2025-12-12 11:14:01,792 [Worker-47: Building] WARN  o.apache.maven.project.MavenProject - Direct modification of compileSourceRoots through clear() is deprecated and will not work in Maven 4.0.0. Please use the add/remove methods instead. If you're using a plugin that causes this warning, please upgrade to the latest version and report an issue if the warning persists. To disable these warnings, set -Dmaven.project.sourceRoots.warningsDisabled=true on the command line, in the .mvn/maven.config file, or in project POM properties.
2025-12-12 11:14:01,793 [Worker-47: Building] WARN  o.apache.maven.project.MavenProject - Direct modification of compileSourceRoots through add() is deprecated and will not work in Maven 4.0.0. Please use the add/remove methods instead. If you're using a plugin that causes this warning, please upgrade to the latest version and report an issue if the warning persists. To disable these warnings, set -Dmaven.project.sourceRoots.warningsDisabled=true on the command line, in the .mvn/maven.config file, or in project POM properties.
2025-12-12 11:14:01,793 [Worker-47: Building] WARN  o.apache.maven.project.MavenProject - Direct modification of testCompileSourceRoots through clear() is deprecated and will not work in Maven 4.0.0. Please use the add/remove methods instead. If you're using a plugin that causes this warning, please upgrade to the latest version and report an issue if the warning persists. To disable these warnings, set -Dmaven.project.sourceRoots.warningsDisabled=true on the command line, in the .mvn/maven.config file, or in project POM properties.
2025-12-12 11:14:01,794 [Worker-47: Building] WARN  o.apache.maven.project.MavenProject - Direct modification of testCompileSourceRoots through add() is deprecated and will not work in Maven 4.0.0. Please use the add/remove methods instead. If you're using a plugin that causes this warning, please upgrade to the latest version and report an issue if the warning persists. To disable these warnings, set -Dmaven.project.sourceRoots.warningsDisabled=true on the command line, in the .mvn/maven.config file, or in project POM properties.
2025-12-12 11:15:13,724 [Burningwave - Resource releaser] INFO  o.b.c.a.StaticComponentContainer - (StaticComponentContainer.java:391) - ... Waiting for all tasks ending
2025-12-12 11:15:13,725 [Burningwave - Resource releaser] INFO  o.b.c.a.StaticComponentContainer - (StaticComponentContainer.java:397) - Closing all component containers
2025-12-12 11:15:13,727 [Burningwave - Resource releaser] INFO  o.b.c.a.StaticComponentContainer - (StaticComponentContainer.java:403) - Closing FileSystemHelper
2025-12-12 11:15:13,728 [Burningwave - Resource releaser] INFO  o.b.c.a.StaticComponentContainer - (StaticComponentContainer.java:409) - ... Waiting for all tasks ending before shutting down the BackgroundExecutor
2025-12-12 11:15:13,728 [Burningwave - Resource releaser] INFO  o.b.c.a.StaticComponentContainer - (StaticComponentContainer.java:414) - Shutting down BackgroundExecutor
2025-12-12 11:15:13,728 [Burningwave - Resource releaser] INFO  o.b.c.a.StaticComponentContainer - (StaticComponentContainer.java:420) - Stopping all threads monitoring thread
2025-12-12 11:15:13,729 [Burningwave - Resource releaser] INFO  o.b.c.a.StaticComponentContainer - (StaticComponentContainer.java:425) - Closing ThreadHolder
2025-12-12 11:15:13,729 [Burningwave - Resource releaser] INFO  o.b.c.a.StaticComponentContainer - (StaticComponentContainer.java:430) - Shutting down ThreadSupplier
2025-12-12 11:15:36,467 [Worker-1: Loading available Gradle versions] INFO  o.e.b.c.i.u.g.PublishedGradleVersions - Gradle version information cache is up-to-date. Trying to read.
2025-12-12 11:15:39,982 [Worker-5: Building] INFO  o.e.m.c.i.l.LifecycleMappingFactory - Using org.eclipse.m2e.jdt.JarLifecycleMapping lifecycle mapping for MavenProject: com.luisdbb:tarea3AD2024base:0.0.1-SNAPSHOT @ C:\Users\ortiz\OneDrive\Documentos\proyecto\PROYECTO_ORTIZBLANCO_BRUNO\PROYECTO_ORTIZBLANCO_BRUNO\pom.xml.
2025-12-12 11:16:11,974 [Worker-7: Configuring project PROYECTO_ORTIZBLANCO_BRUNO] INFO  o.b.c.a.StaticComponentContainer - (StaticComponentContainer.java:368) - Instantiated org.burningwave.core.SLF4JManagedLoggerRepository
2025-12-12 11:16:11,975 [Worker-7: Configuring project PROYECTO_ORTIZBLANCO_BRUNO] INFO  o.b.c.a.StaticComponentContainer - (StaticComponentContainer.java:369) - 

	Configuration values for static components:

		background-executor.all-tasks-monitoring.enabled=\
			true
		background-executor.all-tasks-monitoring.interval=\
			30000
		background-executor.all-tasks-monitoring.logger.enabled=\
			false
		background-executor.all-tasks-monitoring.minimum-elapsed-time-to-consider-a-task-as-probable-dead-locked=\
			300000
		background-executor.all-tasks-monitoring.probable-dead-locked-tasks-handling.policy=\
			log only
		background-executor.queued-task-executor[0].name=\
			Low priority tasks
		background-executor.queued-task-executor[0].priority=\
			1
		background-executor.queued-task-executor[1].name=\
			Normal priority tasks
		background-executor.queued-task-executor[1].priority=\
			5
		background-executor.queued-task-executor[2].name=\
			High priority tasks
		background-executor.queued-task-executor[2].priority=\
			10
		background-executor.task-creation-tracking.enabled=\
			${background-executor.all-tasks-monitoring.enabled}
		banner.additonal-informations=\
			${Bundle-Vendor} ${Bundle-Name} ${Bundle-Version}
		banner.additonal-informations.retrieve-from-manifest-file-of=\
			Burningwave Core
		banner.file=\
			org/burningwave/banner.bwb
		banner.hide=\
			true
		buffer-handler.default-allocation-mode=\
			ByteBuffer::allocateDirect
		buffer-handler.default-buffer-size=\
			1024
		group-name-for-named-elements=\
			Burningwave
		iterable-object-helper.default-values-separator=\
			;
		iterable-object-helper.parallel-iteration.applicability.default-minimum-collection-size=\
			2
		iterable-object-helper.parallel-iteration.applicability.max-runtime-thread-count-threshold=\
			autodetect
		iterable-object-helper.parallel-iteration.applicability.output-collection-enabled-types=\
			java.util.concurrent.ConcurrentHashMap$CollectionView;\
			java.util.Collections$SynchronizedCollection;\
			java.util.concurrent.CopyOnWriteArrayList;\
			java.util.concurrent.CopyOnWriteArraySet;\
			java.util.concurrent.BlockingQueue;\
			java.util.concurrent.ConcurrentSkipListSet;\
			java.util.concurrent.ConcurrentSkipListMap$EntrySet;\
			java.util.concurrent.ConcurrentSkipListMap$KeySet;\
			java.util.concurrent.ConcurrentSkipListMap$Values;
		jvm.driver.init=\
			false
		managed-logger.repository=\
			autodetect
		managed-logger.repository.enabled=\
			true
		managed-logger.repository.logging.warn.disabled-for=\
			org.burningwave.core.assembler.ComponentContainer$ClassLoader;\
			org.burningwave.core.classes.MemoryClassLoader;\
			org.burningwave.core.classes.PathScannerClassLoader;
		modules.export-all-to-all=\
			true
		resource-releaser.enabled=\
			true
		synchronizer.all-threads-monitoring.enabled=\
			false
		synchronizer.all-threads-monitoring.interval=\
			90000
		thread-supplier.default-daemon-flag-value=\
			true
		thread-supplier.default-thread-priority=\
			5
		thread-supplier.max-detached-thread-count=\
			${thread-supplier.max-poolable-thread-count}
		thread-supplier.max-detached-thread-count.elapsed-time-threshold-from-last-increase-for-gradual-decreasing-to-initial-value=\
			30000
		thread-supplier.max-detached-thread-count.increasing-step=\
			autodetect
		thread-supplier.max-poolable-thread-count=\
			autodetect
		thread-supplier.poolable-thread-request-timeout=\
			6000


2025-12-12 11:16:11,977 [Worker-7: Configuring project PROYECTO_ORTIZBLANCO_BRUNO] INFO  o.b.core.jvm.BufferHandler - (BufferHandler.java:127) - default buffer size: 1024 bytes
2025-12-12 11:16:11,979 [Worker-7: Configuring project PROYECTO_ORTIZBLANCO_BRUNO] INFO  o.b.core.jvm.BufferHandler - (BufferHandler.java:141) - default allocation mode: ByteBuffer::allocateDirect
2025-12-12 11:16:11,983 [Worker-7: Configuring project PROYECTO_ORTIZBLANCO_BRUNO] INFO  org.burningwave.core.Cache - (Cache.java:76) - Building cache
2025-12-12 11:16:12,005 [Worker-7: Configuring project PROYECTO_ORTIZBLANCO_BRUNO] INFO  o.b.c.a.StaticComponentContainer - (StaticComponentContainer.java:443) - org.burningwave.core.assembler.StaticComponentContainer initialized in 0.1181547 seconds
2025-12-12 11:16:13,136 [Worker-3: Building] INFO  o.e.m.c.i.l.LifecycleMappingFactory - Using org.eclipse.m2e.jdt.JarLifecycleMapping lifecycle mapping for MavenProject: com.luisdbb:tarea3AD2024base:0.0.1-SNAPSHOT @ C:\Users\ortiz\OneDrive\Documentos\proyecto\PROYECTO_ORTIZBLANCO_BRUNO\PROYECTO_ORTIZBLANCO_BRUNO\pom.xml.
2025-12-12 11:16:13,776 [Worker-3: Building] INFO  o.a.m.s.f.DefaultMavenResourcesFiltering - Copying 1 resource from src\main\resources to target\classes
2025-12-12 11:16:13,797 [Worker-3: Building] INFO  o.a.m.s.f.DefaultMavenResourcesFiltering - Copying 5 resources from src\main\resources to target\classes
2025-12-12 11:16:13,812 [Worker-3: Building] INFO  o.a.m.s.f.DefaultMavenResourcesFiltering - skip non existing resourceDirectory C:\Users\ortiz\OneDrive\Documentos\proyecto\PROYECTO_ORTIZBLANCO_BRUNO\PROYECTO_ORTIZBLANCO_BRUNO\src\test\resources
2025-12-12 11:16:13,830 [Worker-3: Building] WARN  o.apache.maven.project.MavenProject - Direct modification of compileSourceRoots through clear() is deprecated and will not work in Maven 4.0.0. Please use the add/remove methods instead. If you're using a plugin that causes this warning, please upgrade to the latest version and report an issue if the warning persists. To disable these warnings, set -Dmaven.project.sourceRoots.warningsDisabled=true on the command line, in the .mvn/maven.config file, or in project POM properties.
2025-12-12 11:16:13,831 [Worker-3: Building] WARN  o.apache.maven.project.MavenProject - Direct modification of compileSourceRoots through add() is deprecated and will not work in Maven 4.0.0. Please use the add/remove methods instead. If you're using a plugin that causes this warning, please upgrade to the latest version and report an issue if the warning persists. To disable these warnings, set -Dmaven.project.sourceRoots.warningsDisabled=true on the command line, in the .mvn/maven.config file, or in project POM properties.
2025-12-12 11:16:13,832 [Worker-3: Building] WARN  o.apache.maven.project.MavenProject - Direct modification of testCompileSourceRoots through clear() is deprecated and will not work in Maven 4.0.0. Please use the add/remove methods instead. If you're using a plugin that causes this warning, please upgrade to the latest version and report an issue if the warning persists. To disable these warnings, set -Dmaven.project.sourceRoots.warningsDisabled=true on the command line, in the .mvn/maven.config file, or in project POM properties.
2025-12-12 11:16:13,833 [Worker-3: Building] WARN  o.apache.maven.project.MavenProject - Direct modification of testCompileSourceRoots through add() is deprecated and will not work in Maven 4.0.0. Please use the add/remove methods instead. If you're using a plugin that causes this warning, please upgrade to the latest version and report an issue if the warning persists. To disable these warnings, set -Dmaven.project.sourceRoots.warningsDisabled=true on the command line, in the .mvn/maven.config file, or in project POM properties.
2025-12-12 11:16:14,258 [Worker-2: Updating Maven Dependencies] INFO  o.e.m.c.i.l.LifecycleMappingFactory - Using org.eclipse.m2e.jdt.JarLifecycleMapping lifecycle mapping for MavenProject: com.luisdbb:tarea3AD2024base:0.0.1-SNAPSHOT @ C:\Users\ortiz\OneDrive\Documentos\proyecto\PROYECTO_ORTIZBLANCO_BRUNO\PROYECTO_ORTIZBLANCO_BRUNO\pom.xml.
2025-12-12 11:17:18,746 [Worker-2: Launching PROYECTO_ORTIZBLANCO_BRUNO] INFO  o.eclipse.m2e.core.internal.Bundles - getClasspathEntries(Bundle=org.eclipse.m2e.maven.runtime_3.9.1100.20250811-2018 [641])
2025-12-12 11:17:18,748 [Worker-2: Launching PROYECTO_ORTIZBLANCO_BRUNO] INFO  o.eclipse.m2e.core.internal.Bundles - 	Entry: C:\Users\ortiz\.p2\pool\plugins\org.eclipse.m2e.maven.runtime_3.9.1100.20250811-2018
2025-12-12 11:17:18,748 [Worker-2: Launching PROYECTO_ORTIZBLANCO_BRUNO] INFO  o.eclipse.m2e.core.internal.Bundles - 	Entry: C:\Users\ortiz\.p2\pool\plugins\org.eclipse.m2e.maven.runtime_3.9.1100.20250811-2018\jars\aopalliance-1.0.jar
2025-12-12 11:17:18,748 [Worker-2: Launching PROYECTO_ORTIZBLANCO_BRUNO] INFO  o.eclipse.m2e.core.internal.Bundles - 	Entry: C:\Users\ortiz\.p2\pool\plugins\org.eclipse.m2e.maven.runtime_3.9.1100.20250811-2018\jars\asm-9.8.jar
2025-12-12 11:17:18,748 [Worker-2: Launching PROYECTO_ORTIZBLANCO_BRUNO] INFO  o.eclipse.m2e.core.internal.Bundles - 	Entry: C:\Users\ortiz\.p2\pool\plugins\org.eclipse.m2e.maven.runtime_3.9.1100.20250811-2018\jars\error_prone_annotations-2.38.0.jar
2025-12-12 11:17:18,748 [Worker-2: Launching PROYECTO_ORTIZBLANCO_BRUNO] INFO  o.eclipse.m2e.core.internal.Bundles - 	Entry: C:\Users\ortiz\.p2\pool\plugins\org.eclipse.m2e.maven.runtime_3.9.1100.20250811-2018\jars\gson-2.13.1.jar
2025-12-12 11:17:18,748 [Worker-2: Launching PROYECTO_ORTIZBLANCO_BRUNO] INFO  o.eclipse.m2e.core.internal.Bundles - 	Entry: C:\Users\ortiz\.p2\pool\plugins\org.eclipse.m2e.maven.runtime_3.9.1100.20250811-2018\jars\guice-5.1.0-classes.jar
2025-12-12 11:17:18,749 [Worker-2: Launching PROYECTO_ORTIZBLANCO_BRUNO] INFO  o.eclipse.m2e.core.internal.Bundles - 	Entry: C:\Users\ortiz\.p2\pool\plugins\org.eclipse.m2e.maven.runtime_3.9.1100.20250811-2018\jars\httpclient-4.5.14.jar
2025-12-12 11:17:18,749 [Worker-2: Launching PROYECTO_ORTIZBLANCO_BRUNO] INFO  o.eclipse.m2e.core.internal.Bundles - 	Entry: C:\Users\ortiz\.p2\pool\plugins\org.eclipse.m2e.maven.runtime_3.9.1100.20250811-2018\jars\httpcore-4.4.16.jar
2025-12-12 11:17:18,749 [Worker-2: Launching PROYECTO_ORTIZBLANCO_BRUNO] INFO  o.eclipse.m2e.core.internal.Bundles - 	Entry: C:\Users\ortiz\.p2\pool\plugins\org.eclipse.m2e.maven.runtime_3.9.1100.20250811-2018\jars\jansi-2.4.2.jar
2025-12-12 11:17:18,749 [Worker-2: Launching PROYECTO_ORTIZBLANCO_BRUNO] INFO  o.eclipse.m2e.core.internal.Bundles - 	Entry: C:\Users\ortiz\.p2\pool\plugins\org.eclipse.m2e.maven.runtime_3.9.1100.20250811-2018\jars\jcl-over-slf4j-1.7.36.jar
2025-12-12 11:17:18,749 [Worker-2: Launching PROYECTO_ORTIZBLANCO_BRUNO] INFO  o.eclipse.m2e.core.internal.Bundles - 	Entry: C:\Users\ortiz\.p2\pool\plugins\org.eclipse.m2e.maven.runtime_3.9.1100.20250811-2018\jars\maven-artifact-3.9.11.jar
2025-12-12 11:17:18,749 [Worker-2: Launching PROYECTO_ORTIZBLANCO_BRUNO] INFO  o.eclipse.m2e.core.internal.Bundles - 	Entry: C:\Users\ortiz\.p2\pool\plugins\org.eclipse.m2e.maven.runtime_3.9.1100.20250811-2018\jars\maven-builder-support-3.9.11.jar
2025-12-12 11:17:18,749 [Worker-2: Launching PROYECTO_ORTIZBLANCO_BRUNO] INFO  o.eclipse.m2e.core.internal.Bundles - 	Entry: C:\Users\ortiz\.p2\pool\plugins\org.eclipse.m2e.maven.runtime_3.9.1100.20250811-2018\jars\maven-compat-3.9.11.jar
2025-12-12 11:17:18,750 [Worker-2: Launching PROYECTO_ORTIZBLANCO_BRUNO] INFO  o.eclipse.m2e.core.internal.Bundles - 	Entry: C:\Users\ortiz\.p2\pool\plugins\org.eclipse.m2e.maven.runtime_3.9.1100.20250811-2018\jars\maven-core-3.9.11.jar
2025-12-12 11:17:18,750 [Worker-2: Launching PROYECTO_ORTIZBLANCO_BRUNO] INFO  o.eclipse.m2e.core.internal.Bundles - 	Entry: C:\Users\ortiz\.p2\pool\plugins\org.eclipse.m2e.maven.runtime_3.9.1100.20250811-2018\jars\maven-embedder-3.9.11.jar
2025-12-12 11:17:18,750 [Worker-2: Launching PROYECTO_ORTIZBLANCO_BRUNO] INFO  o.eclipse.m2e.core.internal.Bundles - 	Entry: C:\Users\ortiz\.p2\pool\plugins\org.eclipse.m2e.maven.runtime_3.9.1100.20250811-2018\jars\maven-model-3.9.11.jar
2025-12-12 11:17:18,750 [Worker-2: Launching PROYECTO_ORTIZBLANCO_BRUNO] INFO  o.eclipse.m2e.core.internal.Bundles - 	Entry: C:\Users\ortiz\.p2\pool\plugins\org.eclipse.m2e.maven.runtime_3.9.1100.20250811-2018\jars\maven-model-builder-3.9.11.jar
2025-12-12 11:17:18,750 [Worker-2: Launching PROYECTO_ORTIZBLANCO_BRUNO] INFO  o.eclipse.m2e.core.internal.Bundles - 	Entry: C:\Users\ortiz\.p2\pool\plugins\org.eclipse.m2e.maven.runtime_3.9.1100.20250811-2018\jars\maven-plugin-api-3.9.11.jar
2025-12-12 11:17:18,750 [Worker-2: Launching PROYECTO_ORTIZBLANCO_BRUNO] INFO  o.eclipse.m2e.core.internal.Bundles - 	Entry: C:\Users\ortiz\.p2\pool\plugins\org.eclipse.m2e.maven.runtime_3.9.1100.20250811-2018\jars\maven-repository-metadata-3.9.11.jar
2025-12-12 11:17:18,751 [Worker-2: Launching PROYECTO_ORTIZBLANCO_BRUNO] INFO  o.eclipse.m2e.core.internal.Bundles - 	Entry: C:\Users\ortiz\.p2\pool\plugins\org.eclipse.m2e.maven.runtime_3.9.1100.20250811-2018\jars\maven-resolver-api-1.9.24.jar
2025-12-12 11:17:18,751 [Worker-2: Launching PROYECTO_ORTIZBLANCO_BRUNO] INFO  o.eclipse.m2e.core.internal.Bundles - 	Entry: C:\Users\ortiz\.p2\pool\plugins\org.eclipse.m2e.maven.runtime_3.9.1100.20250811-2018\jars\maven-resolver-connector-basic-1.9.24.jar
2025-12-12 11:17:18,751 [Worker-2: Launching PROYECTO_ORTIZBLANCO_BRUNO] INFO  o.eclipse.m2e.core.internal.Bundles - 	Entry: C:\Users\ortiz\.p2\pool\plugins\org.eclipse.m2e.maven.runtime_3.9.1100.20250811-2018\jars\maven-resolver-impl-1.9.24.jar
2025-12-12 11:17:18,751 [Worker-2: Launching PROYECTO_ORTIZBLANCO_BRUNO] INFO  o.eclipse.m2e.core.internal.Bundles - 	Entry: C:\Users\ortiz\.p2\pool\plugins\org.eclipse.m2e.maven.runtime_3.9.1100.20250811-2018\jars\maven-resolver-named-locks-1.9.24.jar
2025-12-12 11:17:18,751 [Worker-2: Launching PROYECTO_ORTIZBLANCO_BRUNO] INFO  o.eclipse.m2e.core.internal.Bundles - 	Entry: C:\Users\ortiz\.p2\pool\plugins\org.eclipse.m2e.maven.runtime_3.9.1100.20250811-2018\jars\maven-resolver-provider-3.9.11.jar
2025-12-12 11:17:18,751 [Worker-2: Launching PROYECTO_ORTIZBLANCO_BRUNO] INFO  o.eclipse.m2e.core.internal.Bundles - 	Entry: C:\Users\ortiz\.p2\pool\plugins\org.eclipse.m2e.maven.runtime_3.9.1100.20250811-2018\jars\maven-resolver-spi-1.9.24.jar
2025-12-12 11:17:18,751 [Worker-2: Launching PROYECTO_ORTIZBLANCO_BRUNO] INFO  o.eclipse.m2e.core.internal.Bundles - 	Entry: C:\Users\ortiz\.p2\pool\plugins\org.eclipse.m2e.maven.runtime_3.9.1100.20250811-2018\jars\maven-resolver-transport-file-1.9.24.jar
2025-12-12 11:17:18,752 [Worker-2: Launching PROYECTO_ORTIZBLANCO_BRUNO] INFO  o.eclipse.m2e.core.internal.Bundles - 	Entry: C:\Users\ortiz\.p2\pool\plugins\org.eclipse.m2e.maven.runtime_3.9.1100.20250811-2018\jars\maven-resolver-transport-http-1.9.24.jar
2025-12-12 11:17:18,752 [Worker-2: Launching PROYECTO_ORTIZBLANCO_BRUNO] INFO  o.eclipse.m2e.core.internal.Bundles - 	Entry: C:\Users\ortiz\.p2\pool\plugins\org.eclipse.m2e.maven.runtime_3.9.1100.20250811-2018\jars\maven-resolver-transport-wagon-1.9.24.jar
2025-12-12 11:17:18,752 [Worker-2: Launching PROYECTO_ORTIZBLANCO_BRUNO] INFO  o.eclipse.m2e.core.internal.Bundles - 	Entry: C:\Users\ortiz\.p2\pool\plugins\org.eclipse.m2e.maven.runtime_3.9.1100.20250811-2018\jars\maven-resolver-util-1.9.24.jar
2025-12-12 11:17:18,752 [Worker-2: Launching PROYECTO_ORTIZBLANCO_BRUNO] INFO  o.eclipse.m2e.core.internal.Bundles - 	Entry: C:\Users\ortiz\.p2\pool\plugins\org.eclipse.m2e.maven.runtime_3.9.1100.20250811-2018\jars\maven-settings-3.9.11.jar
2025-12-12 11:17:18,753 [Worker-2: Launching PROYECTO_ORTIZBLANCO_BRUNO] INFO  o.eclipse.m2e.core.internal.Bundles - 	Entry: C:\Users\ortiz\.p2\pool\plugins\org.eclipse.m2e.maven.runtime_3.9.1100.20250811-2018\jars\maven-settings-builder-3.9.11.jar
2025-12-12 11:17:18,753 [Worker-2: Launching PROYECTO_ORTIZBLANCO_BRUNO] INFO  o.eclipse.m2e.core.internal.Bundles - 	Entry: C:\Users\ortiz\.p2\pool\plugins\org.eclipse.m2e.maven.runtime_3.9.1100.20250811-2018\jars\maven-shared-utils-3.4.2.jar
2025-12-12 11:17:18,753 [Worker-2: Launching PROYECTO_ORTIZBLANCO_BRUNO] INFO  o.eclipse.m2e.core.internal.Bundles - 	Entry: C:\Users\ortiz\.p2\pool\plugins\org.eclipse.m2e.maven.runtime_3.9.1100.20250811-2018\jars\org.eclipse.sisu.inject-0.9.0.M4.jar
2025-12-12 11:17:18,753 [Worker-2: Launching PROYECTO_ORTIZBLANCO_BRUNO] INFO  o.eclipse.m2e.core.internal.Bundles - 	Entry: C:\Users\ortiz\.p2\pool\plugins\org.eclipse.m2e.maven.runtime_3.9.1100.20250811-2018\jars\org.eclipse.sisu.plexus-0.9.0.M4.jar
2025-12-12 11:17:18,753 [Worker-2: Launching PROYECTO_ORTIZBLANCO_BRUNO] INFO  o.eclipse.m2e.core.internal.Bundles - 	Entry: C:\Users\ortiz\.p2\pool\plugins\org.eclipse.m2e.maven.runtime_3.9.1100.20250811-2018\jars\plexus-build-api-0.0.7.jar
2025-12-12 11:17:18,753 [Worker-2: Launching PROYECTO_ORTIZBLANCO_BRUNO] INFO  o.eclipse.m2e.core.internal.Bundles - 	Entry: C:\Users\ortiz\.p2\pool\plugins\org.eclipse.m2e.maven.runtime_3.9.1100.20250811-2018\jars\plexus-build-api-1.2.0.jar
2025-12-12 11:17:18,753 [Worker-2: Launching PROYECTO_ORTIZBLANCO_BRUNO] INFO  o.eclipse.m2e.core.internal.Bundles - 	Entry: C:\Users\ortiz\.p2\pool\plugins\org.eclipse.m2e.maven.runtime_3.9.1100.20250811-2018\jars\plexus-cipher-2.0.jar
2025-12-12 11:17:18,754 [Worker-2: Launching PROYECTO_ORTIZBLANCO_BRUNO] INFO  o.eclipse.m2e.core.internal.Bundles - 	Entry: C:\Users\ortiz\.p2\pool\plugins\org.eclipse.m2e.maven.runtime_3.9.1100.20250811-2018\jars\plexus-classworlds-2.9.0.jar
2025-12-12 11:17:18,754 [Worker-2: Launching PROYECTO_ORTIZBLANCO_BRUNO] INFO  o.eclipse.m2e.core.internal.Bundles - 	Entry: C:\Users\ortiz\.p2\pool\plugins\org.eclipse.m2e.maven.runtime_3.9.1100.20250811-2018\jars\plexus-component-annotations-2.2.0.jar
2025-12-12 11:17:18,754 [Worker-2: Launching PROYECTO_ORTIZBLANCO_BRUNO] INFO  o.eclipse.m2e.core.internal.Bundles - 	Entry: C:\Users\ortiz\.p2\pool\plugins\org.eclipse.m2e.maven.runtime_3.9.1100.20250811-2018\jars\plexus-interpolation-1.28.jar
2025-12-12 11:17:18,754 [Worker-2: Launching PROYECTO_ORTIZBLANCO_BRUNO] INFO  o.eclipse.m2e.core.internal.Bundles - 	Entry: C:\Users\ortiz\.p2\pool\plugins\org.eclipse.m2e.maven.runtime_3.9.1100.20250811-2018\jars\plexus-sec-dispatcher-2.0.jar
2025-12-12 11:17:18,754 [Worker-2: Launching PROYECTO_ORTIZBLANCO_BRUNO] INFO  o.eclipse.m2e.core.internal.Bundles - 	Entry: C:\Users\ortiz\.p2\pool\plugins\org.eclipse.m2e.maven.runtime_3.9.1100.20250811-2018\jars\plexus-utils-3.6.0.jar
2025-12-12 11:17:18,754 [Worker-2: Launching PROYECTO_ORTIZBLANCO_BRUNO] INFO  o.eclipse.m2e.core.internal.Bundles - 	Entry: C:\Users\ortiz\.p2\pool\plugins\org.eclipse.m2e.maven.runtime_3.9.1100.20250811-2018\jars\wagon-file-3.5.3.jar
2025-12-12 11:17:18,754 [Worker-2: Launching PROYECTO_ORTIZBLANCO_BRUNO] INFO  o.eclipse.m2e.core.internal.Bundles - 	Entry: C:\Users\ortiz\.p2\pool\plugins\org.eclipse.m2e.maven.runtime_3.9.1100.20250811-2018\jars\wagon-http-3.5.3.jar
2025-12-12 11:17:18,755 [Worker-2: Launching PROYECTO_ORTIZBLANCO_BRUNO] INFO  o.eclipse.m2e.core.internal.Bundles - 	Entry: C:\Users\ortiz\.p2\pool\plugins\org.eclipse.m2e.maven.runtime_3.9.1100.20250811-2018\jars\wagon-http-shared-3.5.3.jar
2025-12-12 11:17:18,755 [Worker-2: Launching PROYECTO_ORTIZBLANCO_BRUNO] INFO  o.eclipse.m2e.core.internal.Bundles - 	Entry: C:\Users\ortiz\.p2\pool\plugins\org.eclipse.m2e.maven.runtime_3.9.1100.20250811-2018\jars\wagon-provider-api-3.5.3.jar
2025-12-12 11:17:18,755 [Worker-2: Launching PROYECTO_ORTIZBLANCO_BRUNO] INFO  o.eclipse.m2e.core.internal.Bundles - getClasspathEntries(Bundle=com.google.guava_33.5.0.jre [1329])
2025-12-12 11:17:18,757 [Worker-2: Launching PROYECTO_ORTIZBLANCO_BRUNO] INFO  o.eclipse.m2e.core.internal.Bundles - 	Entry: C:\Users\ortiz\.p2\pool\plugins\com.google.guava_33.5.0.jre.jar
2025-12-12 11:17:18,757 [Worker-2: Launching PROYECTO_ORTIZBLANCO_BRUNO] INFO  o.eclipse.m2e.core.internal.Bundles - getClasspathEntries(Bundle=slf4j.api_2.0.17 [1006])
2025-12-12 11:17:18,757 [Worker-2: Launching PROYECTO_ORTIZBLANCO_BRUNO] INFO  o.eclipse.m2e.core.internal.Bundles - 	Entry: C:\Users\ortiz\.p2\pool\plugins\slf4j.api_2.0.17.jar
2025-12-12 11:17:18,757 [Worker-2: Launching PROYECTO_ORTIZBLANCO_BRUNO] INFO  o.eclipse.m2e.core.internal.Bundles - getClasspathEntries(Bundle=jakarta.inject.jakarta.inject-api_1.0.5 [35])
2025-12-12 11:17:18,758 [Worker-2: Launching PROYECTO_ORTIZBLANCO_BRUNO] INFO  o.eclipse.m2e.core.internal.Bundles - 	Entry: C:\Users\ortiz\.p2\pool\plugins\jakarta.inject.jakarta.inject-api_1.0.5.jar
2025-12-12 11:17:18,758 [Worker-2: Launching PROYECTO_ORTIZBLANCO_BRUNO] INFO  o.eclipse.m2e.core.internal.Bundles - getClasspathEntries(Bundle=jakarta.annotation-api_1.3.5 [31])
2025-12-12 11:17:18,758 [Worker-2: Launching PROYECTO_ORTIZBLANCO_BRUNO] INFO  o.eclipse.m2e.core.internal.Bundles - 	Entry: C:\Users\ortiz\.p2\pool\plugins\jakarta.annotation-api_1.3.5.jar
2025-12-12 11:17:18,758 [Worker-2: Launching PROYECTO_ORTIZBLANCO_BRUNO] INFO  o.eclipse.m2e.core.internal.Bundles - getClasspathEntries(Bundle=org.apache.commons.cli_1.10.0 [75])
2025-12-12 11:17:18,758 [Worker-2: Launching PROYECTO_ORTIZBLANCO_BRUNO] INFO  o.eclipse.m2e.core.internal.Bundles - 	Entry: C:\Users\ortiz\.p2\pool\plugins\org.apache.commons.cli_1.10.0.jar
2025-12-12 11:17:18,758 [Worker-2: Launching PROYECTO_ORTIZBLANCO_BRUNO] INFO  o.eclipse.m2e.core.internal.Bundles - getClasspathEntries(Bundle=org.apache.commons.commons-codec_1.20.0 [1265])
2025-12-12 11:17:18,759 [Worker-2: Launching PROYECTO_ORTIZBLANCO_BRUNO] INFO  o.eclipse.m2e.core.internal.Bundles - 	Entry: C:\Users\ortiz\.p2\pool\plugins\org.apache.commons.commons-codec_1.20.0.jar
2025-12-12 11:17:18,759 [Worker-2: Launching PROYECTO_ORTIZBLANCO_BRUNO] INFO  o.eclipse.m2e.core.internal.Bundles - getClasspathEntries(Bundle=com.google.guava.failureaccess_1.0.3 [19])
2025-12-12 11:17:18,759 [Worker-2: Launching PROYECTO_ORTIZBLANCO_BRUNO] INFO  o.eclipse.m2e.core.internal.Bundles - 	Entry: C:\Users\ortiz\.p2\pool\plugins\com.google.guava.failureaccess_1.0.3.jar
2025-12-12 11:17:18,761 [Worker-2: Launching PROYECTO_ORTIZBLANCO_BRUNO] INFO  o.e.m.i.launch.MavenLaunchDelegate - Run build in "C:\Users\ortiz\OneDrive\Documentos\proyecto\PROYECTO_ORTIZBLANCO_BRUNO\PROYECTO_ORTIZBLANCO_BRUNO":
2025-12-12 11:17:18,763 [Worker-2: Launching PROYECTO_ORTIZBLANCO_BRUNO] INFO  o.e.m.i.launch.MavenLaunchDelegate -  mvn  -B -Dstyle.color=always javafx:run
2025-12-12 11:17:49,768 [Worker-12: Building] INFO  o.e.m.c.i.l.LifecycleMappingFactory - Using org.eclipse.m2e.jdt.JarLifecycleMapping lifecycle mapping for MavenProject: com.luisdbb:tarea3AD2024base:0.0.1-SNAPSHOT @ C:\Users\ortiz\OneDrive\Documentos\proyecto\PROYECTO_ORTIZBLANCO_BRUNO\PROYECTO_ORTIZBLANCO_BRUNO\pom.xml.
2025-12-12 11:17:50,186 [Worker-12: Building] INFO  o.a.m.s.f.DefaultMavenResourcesFiltering - Copying 0 resource from src\main\resources to target\classes
2025-12-12 11:17:50,189 [Worker-12: Building] INFO  o.a.m.s.f.DefaultMavenResourcesFiltering - Copying 0 resource from src\main\resources to target\classes
2025-12-12 11:17:50,192 [Worker-12: Building] INFO  o.a.m.s.f.DefaultMavenResourcesFiltering - skip non existing resourceDirectory C:\Users\ortiz\OneDrive\Documentos\proyecto\PROYECTO_ORTIZBLANCO_BRUNO\PROYECTO_ORTIZBLANCO_BRUNO\src\test\resources
2025-12-12 11:17:50,204 [Worker-12: Building] WARN  o.apache.maven.project.MavenProject - Direct modification of compileSourceRoots through clear() is deprecated and will not work in Maven 4.0.0. Please use the add/remove methods instead. If you're using a plugin that causes this warning, please upgrade to the latest version and report an issue if the warning persists. To disable these warnings, set -Dmaven.project.sourceRoots.warningsDisabled=true on the command line, in the .mvn/maven.config file, or in project POM properties.
2025-12-12 11:17:50,205 [Worker-12: Building] WARN  o.apache.maven.project.MavenProject - Direct modification of compileSourceRoots through add() is deprecated and will not work in Maven 4.0.0. Please use the add/remove methods instead. If you're using a plugin that causes this warning, please upgrade to the latest version and report an issue if the warning persists. To disable these warnings, set -Dmaven.project.sourceRoots.warningsDisabled=true on the command line, in the .mvn/maven.config file, or in project POM properties.
2025-12-12 11:17:50,206 [Worker-12: Building] WARN  o.apache.maven.project.MavenProject - Direct modification of testCompileSourceRoots through clear() is deprecated and will not work in Maven 4.0.0. Please use the add/remove methods instead. If you're using a plugin that causes this warning, please upgrade to the latest version and report an issue if the warning persists. To disable these warnings, set -Dmaven.project.sourceRoots.warningsDisabled=true on the command line, in the .mvn/maven.config file, or in project POM properties.
2025-12-12 11:17:50,206 [Worker-12: Building] WARN  o.apache.maven.project.MavenProject - Direct modification of testCompileSourceRoots through add() is deprecated and will not work in Maven 4.0.0. Please use the add/remove methods instead. If you're using a plugin that causes this warning, please upgrade to the latest version and report an issue if the warning persists. To disable these warnings, set -Dmaven.project.sourceRoots.warningsDisabled=true on the command line, in the .mvn/maven.config file, or in project POM properties.
2025-12-12 11:18:06,138 [Worker-0: Launching PROYECTO_ORTIZBLANCO_BRUNO] INFO  o.eclipse.m2e.core.internal.Bundles - getClasspathEntries(Bundle=org.eclipse.m2e.maven.runtime_3.9.1100.20250811-2018 [641])
2025-12-12 11:18:06,139 [Worker-0: Launching PROYECTO_ORTIZBLANCO_BRUNO] INFO  o.eclipse.m2e.core.internal.Bundles - 	Entry: C:\Users\ortiz\.p2\pool\plugins\org.eclipse.m2e.maven.runtime_3.9.1100.20250811-2018
2025-12-12 11:18:06,139 [Worker-0: Launching PROYECTO_ORTIZBLANCO_BRUNO] INFO  o.eclipse.m2e.core.internal.Bundles - 	Entry: C:\Users\ortiz\.p2\pool\plugins\org.eclipse.m2e.maven.runtime_3.9.1100.20250811-2018\jars\aopalliance-1.0.jar
2025-12-12 11:18:06,139 [Worker-0: Launching PROYECTO_ORTIZBLANCO_BRUNO] INFO  o.eclipse.m2e.core.internal.Bundles - 	Entry: C:\Users\ortiz\.p2\pool\plugins\org.eclipse.m2e.maven.runtime_3.9.1100.20250811-2018\jars\asm-9.8.jar
2025-12-12 11:18:06,139 [Worker-0: Launching PROYECTO_ORTIZBLANCO_BRUNO] INFO  o.eclipse.m2e.core.internal.Bundles - 	Entry: C:\Users\ortiz\.p2\pool\plugins\org.eclipse.m2e.maven.runtime_3.9.1100.20250811-2018\jars\error_prone_annotations-2.38.0.jar
2025-12-12 11:18:06,139 [Worker-0: Launching PROYECTO_ORTIZBLANCO_BRUNO] INFO  o.eclipse.m2e.core.internal.Bundles - 	Entry: C:\Users\ortiz\.p2\pool\plugins\org.eclipse.m2e.maven.runtime_3.9.1100.20250811-2018\jars\gson-2.13.1.jar
2025-12-12 11:18:06,140 [Worker-0: Launching PROYECTO_ORTIZBLANCO_BRUNO] INFO  o.eclipse.m2e.core.internal.Bundles - 	Entry: C:\Users\ortiz\.p2\pool\plugins\org.eclipse.m2e.maven.runtime_3.9.1100.20250811-2018\jars\guice-5.1.0-classes.jar
2025-12-12 11:18:06,140 [Worker-0: Launching PROYECTO_ORTIZBLANCO_BRUNO] INFO  o.eclipse.m2e.core.internal.Bundles - 	Entry: C:\Users\ortiz\.p2\pool\plugins\org.eclipse.m2e.maven.runtime_3.9.1100.20250811-2018\jars\httpclient-4.5.14.jar
2025-12-12 11:18:06,140 [Worker-0: Launching PROYECTO_ORTIZBLANCO_BRUNO] INFO  o.eclipse.m2e.core.internal.Bundles - 	Entry: C:\Users\ortiz\.p2\pool\plugins\org.eclipse.m2e.maven.runtime_3.9.1100.20250811-2018\jars\httpcore-4.4.16.jar
2025-12-12 11:18:06,140 [Worker-0: Launching PROYECTO_ORTIZBLANCO_BRUNO] INFO  o.eclipse.m2e.core.internal.Bundles - 	Entry: C:\Users\ortiz\.p2\pool\plugins\org.eclipse.m2e.maven.runtime_3.9.1100.20250811-2018\jars\jansi-2.4.2.jar
2025-12-12 11:18:06,140 [Worker-0: Launching PROYECTO_ORTIZBLANCO_BRUNO] INFO  o.eclipse.m2e.core.internal.Bundles - 	Entry: C:\Users\ortiz\.p2\pool\plugins\org.eclipse.m2e.maven.runtime_3.9.1100.20250811-2018\jars\jcl-over-slf4j-1.7.36.jar
2025-12-12 11:18:06,140 [Worker-0: Launching PROYECTO_ORTIZBLANCO_BRUNO] INFO  o.eclipse.m2e.core.internal.Bundles - 	Entry: C:\Users\ortiz\.p2\pool\plugins\org.eclipse.m2e.maven.runtime_3.9.1100.20250811-2018\jars\maven-artifact-3.9.11.jar
2025-12-12 11:18:06,141 [Worker-0: Launching PROYECTO_ORTIZBLANCO_BRUNO] INFO  o.eclipse.m2e.core.internal.Bundles - 	Entry: C:\Users\ortiz\.p2\pool\plugins\org.eclipse.m2e.maven.runtime_3.9.1100.20250811-2018\jars\maven-builder-support-3.9.11.jar
2025-12-12 11:18:06,141 [Worker-0: Launching PROYECTO_ORTIZBLANCO_BRUNO] INFO  o.eclipse.m2e.core.internal.Bundles - 	Entry: C:\Users\ortiz\.p2\pool\plugins\org.eclipse.m2e.maven.runtime_3.9.1100.20250811-2018\jars\maven-compat-3.9.11.jar
2025-12-12 11:18:06,141 [Worker-0: Launching PROYECTO_ORTIZBLANCO_BRUNO] INFO  o.eclipse.m2e.core.internal.Bundles - 	Entry: C:\Users\ortiz\.p2\pool\plugins\org.eclipse.m2e.maven.runtime_3.9.1100.20250811-2018\jars\maven-core-3.9.11.jar
2025-12-12 11:18:06,141 [Worker-0: Launching PROYECTO_ORTIZBLANCO_BRUNO] INFO  o.eclipse.m2e.core.internal.Bundles - 	Entry: C:\Users\ortiz\.p2\pool\plugins\org.eclipse.m2e.maven.runtime_3.9.1100.20250811-2018\jars\maven-embedder-3.9.11.jar
2025-12-12 11:18:06,141 [Worker-0: Launching PROYECTO_ORTIZBLANCO_BRUNO] INFO  o.eclipse.m2e.core.internal.Bundles - 	Entry: C:\Users\ortiz\.p2\pool\plugins\org.eclipse.m2e.maven.runtime_3.9.1100.20250811-2018\jars\maven-model-3.9.11.jar
2025-12-12 11:18:06,141 [Worker-0: Launching PROYECTO_ORTIZBLANCO_BRUNO] INFO  o.eclipse.m2e.core.internal.Bundles - 	Entry: C:\Users\ortiz\.p2\pool\plugins\org.eclipse.m2e.maven.runtime_3.9.1100.20250811-2018\jars\maven-model-builder-3.9.11.jar
2025-12-12 11:18:06,142 [Worker-0: Launching PROYECTO_ORTIZBLANCO_BRUNO] INFO  o.eclipse.m2e.core.internal.Bundles - 	Entry: C:\Users\ortiz\.p2\pool\plugins\org.eclipse.m2e.maven.runtime_3.9.1100.20250811-2018\jars\maven-plugin-api-3.9.11.jar
2025-12-12 11:18:06,142 [Worker-0: Launching PROYECTO_ORTIZBLANCO_BRUNO] INFO  o.eclipse.m2e.core.internal.Bundles - 	Entry: C:\Users\ortiz\.p2\pool\plugins\org.eclipse.m2e.maven.runtime_3.9.1100.20250811-2018\jars\maven-repository-metadata-3.9.11.jar
2025-12-12 11:18:06,142 [Worker-0: Launching PROYECTO_ORTIZBLANCO_BRUNO] INFO  o.eclipse.m2e.core.internal.Bundles - 	Entry: C:\Users\ortiz\.p2\pool\plugins\org.eclipse.m2e.maven.runtime_3.9.1100.20250811-2018\jars\maven-resolver-api-1.9.24.jar
2025-12-12 11:18:06,142 [Worker-0: Launching PROYECTO_ORTIZBLANCO_BRUNO] INFO  o.eclipse.m2e.core.internal.Bundles - 	Entry: C:\Users\ortiz\.p2\pool\plugins\org.eclipse.m2e.maven.runtime_3.9.1100.20250811-2018\jars\maven-resolver-connector-basic-1.9.24.jar
2025-12-12 11:18:06,142 [Worker-0: Launching PROYECTO_ORTIZBLANCO_BRUNO] INFO  o.eclipse.m2e.core.internal.Bundles - 	Entry: C:\Users\ortiz\.p2\pool\plugins\org.eclipse.m2e.maven.runtime_3.9.1100.20250811-2018\jars\maven-resolver-impl-1.9.24.jar
2025-12-12 11:18:06,142 [Worker-0: Launching PROYECTO_ORTIZBLANCO_BRUNO] INFO  o.eclipse.m2e.core.internal.Bundles - 	Entry: C:\Users\ortiz\.p2\pool\plugins\org.eclipse.m2e.maven.runtime_3.9.1100.20250811-2018\jars\maven-resolver-named-locks-1.9.24.jar
2025-12-12 11:18:06,142 [Worker-0: Launching PROYECTO_ORTIZBLANCO_BRUNO] INFO  o.eclipse.m2e.core.internal.Bundles - 	Entry: C:\Users\ortiz\.p2\pool\plugins\org.eclipse.m2e.maven.runtime_3.9.1100.20250811-2018\jars\maven-resolver-provider-3.9.11.jar
2025-12-12 11:18:06,143 [Worker-0: Launching PROYECTO_ORTIZBLANCO_BRUNO] INFO  o.eclipse.m2e.core.internal.Bundles - 	Entry: C:\Users\ortiz\.p2\pool\plugins\org.eclipse.m2e.maven.runtime_3.9.1100.20250811-2018\jars\maven-resolver-spi-1.9.24.jar
2025-12-12 11:18:06,143 [Worker-0: Launching PROYECTO_ORTIZBLANCO_BRUNO] INFO  o.eclipse.m2e.core.internal.Bundles - 	Entry: C:\Users\ortiz\.p2\pool\plugins\org.eclipse.m2e.maven.runtime_3.9.1100.20250811-2018\jars\maven-resolver-transport-file-1.9.24.jar
2025-12-12 11:18:06,143 [Worker-0: Launching PROYECTO_ORTIZBLANCO_BRUNO] INFO  o.eclipse.m2e.core.internal.Bundles - 	Entry: C:\Users\ortiz\.p2\pool\plugins\org.eclipse.m2e.maven.runtime_3.9.1100.20250811-2018\jars\maven-resolver-transport-http-1.9.24.jar
2025-12-12 11:18:06,143 [Worker-0: Launching PROYECTO_ORTIZBLANCO_BRUNO] INFO  o.eclipse.m2e.core.internal.Bundles - 	Entry: C:\Users\ortiz\.p2\pool\plugins\org.eclipse.m2e.maven.runtime_3.9.1100.20250811-2018\jars\maven-resolver-transport-wagon-1.9.24.jar
2025-12-12 11:18:06,143 [Worker-0: Launching PROYECTO_ORTIZBLANCO_BRUNO] INFO  o.eclipse.m2e.core.internal.Bundles - 	Entry: C:\Users\ortiz\.p2\pool\plugins\org.eclipse.m2e.maven.runtime_3.9.1100.20250811-2018\jars\maven-resolver-util-1.9.24.jar
2025-12-12 11:18:06,143 [Worker-0: Launching PROYECTO_ORTIZBLANCO_BRUNO] INFO  o.eclipse.m2e.core.internal.Bundles - 	Entry: C:\Users\ortiz\.p2\pool\plugins\org.eclipse.m2e.maven.runtime_3.9.1100.20250811-2018\jars\maven-settings-3.9.11.jar
2025-12-12 11:18:06,144 [Worker-0: Launching PROYECTO_ORTIZBLANCO_BRUNO] INFO  o.eclipse.m2e.core.internal.Bundles - 	Entry: C:\Users\ortiz\.p2\pool\plugins\org.eclipse.m2e.maven.runtime_3.9.1100.20250811-2018\jars\maven-settings-builder-3.9.11.jar
2025-12-12 11:18:06,144 [Worker-0: Launching PROYECTO_ORTIZBLANCO_BRUNO] INFO  o.eclipse.m2e.core.internal.Bundles - 	Entry: C:\Users\ortiz\.p2\pool\plugins\org.eclipse.m2e.maven.runtime_3.9.1100.20250811-2018\jars\maven-shared-utils-3.4.2.jar
2025-12-12 11:18:06,144 [Worker-0: Launching PROYECTO_ORTIZBLANCO_BRUNO] INFO  o.eclipse.m2e.core.internal.Bundles - 	Entry: C:\Users\ortiz\.p2\pool\plugins\org.eclipse.m2e.maven.runtime_3.9.1100.20250811-2018\jars\org.eclipse.sisu.inject-0.9.0.M4.jar
2025-12-12 11:18:06,144 [Worker-0: Launching PROYECTO_ORTIZBLANCO_BRUNO] INFO  o.eclipse.m2e.core.internal.Bundles - 	Entry: C:\Users\ortiz\.p2\pool\plugins\org.eclipse.m2e.maven.runtime_3.9.1100.20250811-2018\jars\org.eclipse.sisu.plexus-0.9.0.M4.jar
2025-12-12 11:18:06,144 [Worker-0: Launching PROYECTO_ORTIZBLANCO_BRUNO] INFO  o.eclipse.m2e.core.internal.Bundles - 	Entry: C:\Users\ortiz\.p2\pool\plugins\org.eclipse.m2e.maven.runtime_3.9.1100.20250811-2018\jars\plexus-build-api-0.0.7.jar
2025-12-12 11:18:06,144 [Worker-0: Launching PROYECTO_ORTIZBLANCO_BRUNO] INFO  o.eclipse.m2e.core.internal.Bundles - 	Entry: C:\Users\ortiz\.p2\pool\plugins\org.eclipse.m2e.maven.runtime_3.9.1100.20250811-2018\jars\plexus-build-api-1.2.0.jar
2025-12-12 11:18:06,144 [Worker-0: Launching PROYECTO_ORTIZBLANCO_BRUNO] INFO  o.eclipse.m2e.core.internal.Bundles - 	Entry: C:\Users\ortiz\.p2\pool\plugins\org.eclipse.m2e.maven.runtime_3.9.1100.20250811-2018\jars\plexus-cipher-2.0.jar
2025-12-12 11:18:06,144 [Worker-0: Launching PROYECTO_ORTIZBLANCO_BRUNO] INFO  o.eclipse.m2e.core.internal.Bundles - 	Entry: C:\Users\ortiz\.p2\pool\plugins\org.eclipse.m2e.maven.runtime_3.9.1100.20250811-2018\jars\plexus-classworlds-2.9.0.jar
2025-12-12 11:18:06,145 [Worker-0: Launching PROYECTO_ORTIZBLANCO_BRUNO] INFO  o.eclipse.m2e.core.internal.Bundles - 	Entry: C:\Users\ortiz\.p2\pool\plugins\org.eclipse.m2e.maven.runtime_3.9.1100.20250811-2018\jars\plexus-component-annotations-2.2.0.jar
2025-12-12 11:18:06,145 [Worker-0: Launching PROYECTO_ORTIZBLANCO_BRUNO] INFO  o.eclipse.m2e.core.internal.Bundles - 	Entry: C:\Users\ortiz\.p2\pool\plugins\org.eclipse.m2e.maven.runtime_3.9.1100.20250811-2018\jars\plexus-interpolation-1.28.jar
2025-12-12 11:18:06,145 [Worker-0: Launching PROYECTO_ORTIZBLANCO_BRUNO] INFO  o.eclipse.m2e.core.internal.Bundles - 	Entry: C:\Users\ortiz\.p2\pool\plugins\org.eclipse.m2e.maven.runtime_3.9.1100.20250811-2018\jars\plexus-sec-dispatcher-2.0.jar
2025-12-12 11:18:06,145 [Worker-0: Launching PROYECTO_ORTIZBLANCO_BRUNO] INFO  o.eclipse.m2e.core.internal.Bundles - 	Entry: C:\Users\ortiz\.p2\pool\plugins\org.eclipse.m2e.maven.runtime_3.9.1100.20250811-2018\jars\plexus-utils-3.6.0.jar
2025-12-12 11:18:06,145 [Worker-0: Launching PROYECTO_ORTIZBLANCO_BRUNO] INFO  o.eclipse.m2e.core.internal.Bundles - 	Entry: C:\Users\ortiz\.p2\pool\plugins\org.eclipse.m2e.maven.runtime_3.9.1100.20250811-2018\jars\wagon-file-3.5.3.jar
2025-12-12 11:18:06,145 [Worker-0: Launching PROYECTO_ORTIZBLANCO_BRUNO] INFO  o.eclipse.m2e.core.internal.Bundles - 	Entry: C:\Users\ortiz\.p2\pool\plugins\org.eclipse.m2e.maven.runtime_3.9.1100.20250811-2018\jars\wagon-http-3.5.3.jar
2025-12-12 11:18:06,147 [Worker-0: Launching PROYECTO_ORTIZBLANCO_BRUNO] INFO  o.eclipse.m2e.core.internal.Bundles - 	Entry: C:\Users\ortiz\.p2\pool\plugins\org.eclipse.m2e.maven.runtime_3.9.1100.20250811-2018\jars\wagon-http-shared-3.5.3.jar
2025-12-12 11:18:06,147 [Worker-0: Launching PROYECTO_ORTIZBLANCO_BRUNO] INFO  o.eclipse.m2e.core.internal.Bundles - 	Entry: C:\Users\ortiz\.p2\pool\plugins\org.eclipse.m2e.maven.runtime_3.9.1100.20250811-2018\jars\wagon-provider-api-3.5.3.jar
2025-12-12 11:18:06,147 [Worker-0: Launching PROYECTO_ORTIZBLANCO_BRUNO] INFO  o.eclipse.m2e.core.internal.Bundles - getClasspathEntries(Bundle=com.google.guava_33.5.0.jre [1329])
2025-12-12 11:18:06,147 [Worker-0: Launching PROYECTO_ORTIZBLANCO_BRUNO] INFO  o.eclipse.m2e.core.internal.Bundles - 	Entry: C:\Users\ortiz\.p2\pool\plugins\com.google.guava_33.5.0.jre.jar
2025-12-12 11:18:06,147 [Worker-0: Launching PROYECTO_ORTIZBLANCO_BRUNO] INFO  o.eclipse.m2e.core.internal.Bundles - getClasspathEntries(Bundle=slf4j.api_2.0.17 [1006])
2025-12-12 11:18:06,148 [Worker-0: Launching PROYECTO_ORTIZBLANCO_BRUNO] INFO  o.eclipse.m2e.core.internal.Bundles - 	Entry: C:\Users\ortiz\.p2\pool\plugins\slf4j.api_2.0.17.jar
2025-12-12 11:18:06,148 [Worker-0: Launching PROYECTO_ORTIZBLANCO_BRUNO] INFO  o.eclipse.m2e.core.internal.Bundles - getClasspathEntries(Bundle=jakarta.inject.jakarta.inject-api_1.0.5 [35])
2025-12-12 11:18:06,148 [Worker-0: Launching PROYECTO_ORTIZBLANCO_BRUNO] INFO  o.eclipse.m2e.core.internal.Bundles - 	Entry: C:\Users\ortiz\.p2\pool\plugins\jakarta.inject.jakarta.inject-api_1.0.5.jar
2025-12-12 11:18:06,148 [Worker-0: Launching PROYECTO_ORTIZBLANCO_BRUNO] INFO  o.eclipse.m2e.core.internal.Bundles - getClasspathEntries(Bundle=jakarta.annotation-api_1.3.5 [31])
2025-12-12 11:18:06,148 [Worker-0: Launching PROYECTO_ORTIZBLANCO_BRUNO] INFO  o.eclipse.m2e.core.internal.Bundles - 	Entry: C:\Users\ortiz\.p2\pool\plugins\jakarta.annotation-api_1.3.5.jar
2025-12-12 11:18:06,148 [Worker-0: Launching PROYECTO_ORTIZBLANCO_BRUNO] INFO  o.eclipse.m2e.core.internal.Bundles - getClasspathEntries(Bundle=org.apache.commons.cli_1.10.0 [75])
2025-12-12 11:18:06,148 [Worker-0: Launching PROYECTO_ORTIZBLANCO_BRUNO] INFO  o.eclipse.m2e.core.internal.Bundles - 	Entry: C:\Users\ortiz\.p2\pool\plugins\org.apache.commons.cli_1.10.0.jar
2025-12-12 11:18:06,148 [Worker-0: Launching PROYECTO_ORTIZBLANCO_BRUNO] INFO  o.eclipse.m2e.core.internal.Bundles - getClasspathEntries(Bundle=org.apache.commons.commons-codec_1.20.0 [1265])
2025-12-12 11:18:06,149 [Worker-0: Launching PROYECTO_ORTIZBLANCO_BRUNO] INFO  o.eclipse.m2e.core.internal.Bundles - 	Entry: C:\Users\ortiz\.p2\pool\plugins\org.apache.commons.commons-codec_1.20.0.jar
2025-12-12 11:18:06,149 [Worker-0: Launching PROYECTO_ORTIZBLANCO_BRUNO] INFO  o.eclipse.m2e.core.internal.Bundles - getClasspathEntries(Bundle=com.google.guava.failureaccess_1.0.3 [19])
2025-12-12 11:18:06,149 [Worker-0: Launching PROYECTO_ORTIZBLANCO_BRUNO] INFO  o.eclipse.m2e.core.internal.Bundles - 	Entry: C:\Users\ortiz\.p2\pool\plugins\com.google.guava.failureaccess_1.0.3.jar
2025-12-12 11:18:06,150 [Worker-0: Launching PROYECTO_ORTIZBLANCO_BRUNO] INFO  o.e.m.i.launch.MavenLaunchDelegate - Run build in "C:\Users\ortiz\OneDrive\Documentos\proyecto\PROYECTO_ORTIZBLANCO_BRUNO\PROYECTO_ORTIZBLANCO_BRUNO":
2025-12-12 11:18:06,150 [Worker-0: Launching PROYECTO_ORTIZBLANCO_BRUNO] INFO  o.e.m.i.launch.MavenLaunchDelegate -  mvn  -B -Dstyle.color=always javafx:run
2025-12-12 11:19:14,867 [Worker-14: Launching PROYECTO_ORTIZBLANCO_BRUNO] INFO  o.eclipse.m2e.core.internal.Bundles - getClasspathEntries(Bundle=org.eclipse.m2e.maven.runtime_3.9.1100.20250811-2018 [641])
2025-12-12 11:19:14,868 [Worker-14: Launching PROYECTO_ORTIZBLANCO_BRUNO] INFO  o.eclipse.m2e.core.internal.Bundles - 	Entry: C:\Users\ortiz\.p2\pool\plugins\org.eclipse.m2e.maven.runtime_3.9.1100.20250811-2018
2025-12-12 11:19:14,868 [Worker-14: Launching PROYECTO_ORTIZBLANCO_BRUNO] INFO  o.eclipse.m2e.core.internal.Bundles - 	Entry: C:\Users\ortiz\.p2\pool\plugins\org.eclipse.m2e.maven.runtime_3.9.1100.20250811-2018\jars\aopalliance-1.0.jar
2025-12-12 11:19:14,868 [Worker-14: Launching PROYECTO_ORTIZBLANCO_BRUNO] INFO  o.eclipse.m2e.core.internal.Bundles - 	Entry: C:\Users\ortiz\.p2\pool\plugins\org.eclipse.m2e.maven.runtime_3.9.1100.20250811-2018\jars\asm-9.8.jar
2025-12-12 11:19:14,868 [Worker-14: Launching PROYECTO_ORTIZBLANCO_BRUNO] INFO  o.eclipse.m2e.core.internal.Bundles - 	Entry: C:\Users\ortiz\.p2\pool\plugins\org.eclipse.m2e.maven.runtime_3.9.1100.20250811-2018\jars\error_prone_annotations-2.38.0.jar
2025-12-12 11:19:14,869 [Worker-14: Launching PROYECTO_ORTIZBLANCO_BRUNO] INFO  o.eclipse.m2e.core.internal.Bundles - 	Entry: C:\Users\ortiz\.p2\pool\plugins\org.eclipse.m2e.maven.runtime_3.9.1100.20250811-2018\jars\gson-2.13.1.jar
2025-12-12 11:19:14,869 [Worker-14: Launching PROYECTO_ORTIZBLANCO_BRUNO] INFO  o.eclipse.m2e.core.internal.Bundles - 	Entry: C:\Users\ortiz\.p2\pool\plugins\org.eclipse.m2e.maven.runtime_3.9.1100.20250811-2018\jars\guice-5.1.0-classes.jar
2025-12-12 11:19:14,869 [Worker-14: Launching PROYECTO_ORTIZBLANCO_BRUNO] INFO  o.eclipse.m2e.core.internal.Bundles - 	Entry: C:\Users\ortiz\.p2\pool\plugins\org.eclipse.m2e.maven.runtime_3.9.1100.20250811-2018\jars\httpclient-4.5.14.jar
2025-12-12 11:19:14,869 [Worker-14: Launching PROYECTO_ORTIZBLANCO_BRUNO] INFO  o.eclipse.m2e.core.internal.Bundles - 	Entry: C:\Users\ortiz\.p2\pool\plugins\org.eclipse.m2e.maven.runtime_3.9.1100.20250811-2018\jars\httpcore-4.4.16.jar
2025-12-12 11:19:14,869 [Worker-14: Launching PROYECTO_ORTIZBLANCO_BRUNO] INFO  o.eclipse.m2e.core.internal.Bundles - 	Entry: C:\Users\ortiz\.p2\pool\plugins\org.eclipse.m2e.maven.runtime_3.9.1100.20250811-2018\jars\jansi-2.4.2.jar
2025-12-12 11:19:14,869 [Worker-14: Launching PROYECTO_ORTIZBLANCO_BRUNO] INFO  o.eclipse.m2e.core.internal.Bundles - 	Entry: C:\Users\ortiz\.p2\pool\plugins\org.eclipse.m2e.maven.runtime_3.9.1100.20250811-2018\jars\jcl-over-slf4j-1.7.36.jar
2025-12-12 11:19:14,870 [Worker-14: Launching PROYECTO_ORTIZBLANCO_BRUNO] INFO  o.eclipse.m2e.core.internal.Bundles - 	Entry: C:\Users\ortiz\.p2\pool\plugins\org.eclipse.m2e.maven.runtime_3.9.1100.20250811-2018\jars\maven-artifact-3.9.11.jar
2025-12-12 11:19:14,870 [Worker-14: Launching PROYECTO_ORTIZBLANCO_BRUNO] INFO  o.eclipse.m2e.core.internal.Bundles - 	Entry: C:\Users\ortiz\.p2\pool\plugins\org.eclipse.m2e.maven.runtime_3.9.1100.20250811-2018\jars\maven-builder-support-3.9.11.jar
2025-12-12 11:19:14,870 [Worker-14: Launching PROYECTO_ORTIZBLANCO_BRUNO] INFO  o.eclipse.m2e.core.internal.Bundles - 	Entry: C:\Users\ortiz\.p2\pool\plugins\org.eclipse.m2e.maven.runtime_3.9.1100.20250811-2018\jars\maven-compat-3.9.11.jar
2025-12-12 11:19:14,870 [Worker-14: Launching PROYECTO_ORTIZBLANCO_BRUNO] INFO  o.eclipse.m2e.core.internal.Bundles - 	Entry: C:\Users\ortiz\.p2\pool\plugins\org.eclipse.m2e.maven.runtime_3.9.1100.20250811-2018\jars\maven-core-3.9.11.jar
2025-12-12 11:19:14,870 [Worker-14: Launching PROYECTO_ORTIZBLANCO_BRUNO] INFO  o.eclipse.m2e.core.internal.Bundles - 	Entry: C:\Users\ortiz\.p2\pool\plugins\org.eclipse.m2e.maven.runtime_3.9.1100.20250811-2018\jars\maven-embedder-3.9.11.jar
2025-12-12 11:19:14,870 [Worker-14: Launching PROYECTO_ORTIZBLANCO_BRUNO] INFO  o.eclipse.m2e.core.internal.Bundles - 	Entry: C:\Users\ortiz\.p2\pool\plugins\org.eclipse.m2e.maven.runtime_3.9.1100.20250811-2018\jars\maven-model-3.9.11.jar
2025-12-12 11:19:14,871 [Worker-14: Launching PROYECTO_ORTIZBLANCO_BRUNO] INFO  o.eclipse.m2e.core.internal.Bundles - 	Entry: C:\Users\ortiz\.p2\pool\plugins\org.eclipse.m2e.maven.runtime_3.9.1100.20250811-2018\jars\maven-model-builder-3.9.11.jar
2025-12-12 11:19:14,871 [Worker-14: Launching PROYECTO_ORTIZBLANCO_BRUNO] INFO  o.eclipse.m2e.core.internal.Bundles - 	Entry: C:\Users\ortiz\.p2\pool\plugins\org.eclipse.m2e.maven.runtime_3.9.1100.20250811-2018\jars\maven-plugin-api-3.9.11.jar
2025-12-12 11:19:14,871 [Worker-14: Launching PROYECTO_ORTIZBLANCO_BRUNO] INFO  o.eclipse.m2e.core.internal.Bundles - 	Entry: C:\Users\ortiz\.p2\pool\plugins\org.eclipse.m2e.maven.runtime_3.9.1100.20250811-2018\jars\maven-repository-metadata-3.9.11.jar
2025-12-12 11:19:14,871 [Worker-14: Launching PROYECTO_ORTIZBLANCO_BRUNO] INFO  o.eclipse.m2e.core.internal.Bundles - 	Entry: C:\Users\ortiz\.p2\pool\plugins\org.eclipse.m2e.maven.runtime_3.9.1100.20250811-2018\jars\maven-resolver-api-1.9.24.jar
2025-12-12 11:19:14,871 [Worker-14: Launching PROYECTO_ORTIZBLANCO_BRUNO] INFO  o.eclipse.m2e.core.internal.Bundles - 	Entry: C:\Users\ortiz\.p2\pool\plugins\org.eclipse.m2e.maven.runtime_3.9.1100.20250811-2018\jars\maven-resolver-connector-basic-1.9.24.jar
2025-12-12 11:19:14,872 [Worker-14: Launching PROYECTO_ORTIZBLANCO_BRUNO] INFO  o.eclipse.m2e.core.internal.Bundles - 	Entry: C:\Users\ortiz\.p2\pool\plugins\org.eclipse.m2e.maven.runtime_3.9.1100.20250811-2018\jars\maven-resolver-impl-1.9.24.jar
2025-12-12 11:19:14,872 [Worker-14: Launching PROYECTO_ORTIZBLANCO_BRUNO] INFO  o.eclipse.m2e.core.internal.Bundles - 	Entry: C:\Users\ortiz\.p2\pool\plugins\org.eclipse.m2e.maven.runtime_3.9.1100.20250811-2018\jars\maven-resolver-named-locks-1.9.24.jar
2025-12-12 11:19:14,872 [Worker-14: Launching PROYECTO_ORTIZBLANCO_BRUNO] INFO  o.eclipse.m2e.core.internal.Bundles - 	Entry: C:\Users\ortiz\.p2\pool\plugins\org.eclipse.m2e.maven.runtime_3.9.1100.20250811-2018\jars\maven-resolver-provider-3.9.11.jar
2025-12-12 11:19:14,872 [Worker-14: Launching PROYECTO_ORTIZBLANCO_BRUNO] INFO  o.eclipse.m2e.core.internal.Bundles - 	Entry: C:\Users\ortiz\.p2\pool\plugins\org.eclipse.m2e.maven.runtime_3.9.1100.20250811-2018\jars\maven-resolver-spi-1.9.24.jar
2025-12-12 11:19:14,872 [Worker-14: Launching PROYECTO_ORTIZBLANCO_BRUNO] INFO  o.eclipse.m2e.core.internal.Bundles - 	Entry: C:\Users\ortiz\.p2\pool\plugins\org.eclipse.m2e.maven.runtime_3.9.1100.20250811-2018\jars\maven-resolver-transport-file-1.9.24.jar
2025-12-12 11:19:14,873 [Worker-14: Launching PROYECTO_ORTIZBLANCO_BRUNO] INFO  o.eclipse.m2e.core.internal.Bundles - 	Entry: C:\Users\ortiz\.p2\pool\plugins\org.eclipse.m2e.maven.runtime_3.9.1100.20250811-2018\jars\maven-resolver-transport-http-1.9.24.jar
2025-12-12 11:19:14,873 [Worker-14: Launching PROYECTO_ORTIZBLANCO_BRUNO] INFO  o.eclipse.m2e.core.internal.Bundles - 	Entry: C:\Users\ortiz\.p2\pool\plugins\org.eclipse.m2e.maven.runtime_3.9.1100.20250811-2018\jars\maven-resolver-transport-wagon-1.9.24.jar
2025-12-12 11:19:14,873 [Worker-14: Launching PROYECTO_ORTIZBLANCO_BRUNO] INFO  o.eclipse.m2e.core.internal.Bundles - 	Entry: C:\Users\ortiz\.p2\pool\plugins\org.eclipse.m2e.maven.runtime_3.9.1100.20250811-2018\jars\maven-resolver-util-1.9.24.jar
2025-12-12 11:19:14,873 [Worker-14: Launching PROYECTO_ORTIZBLANCO_BRUNO] INFO  o.eclipse.m2e.core.internal.Bundles - 	Entry: C:\Users\ortiz\.p2\pool\plugins\org.eclipse.m2e.maven.runtime_3.9.1100.20250811-2018\jars\maven-settings-3.9.11.jar
2025-12-12 11:19:14,873 [Worker-14: Launching PROYECTO_ORTIZBLANCO_BRUNO] INFO  o.eclipse.m2e.core.internal.Bundles - 	Entry: C:\Users\ortiz\.p2\pool\plugins\org.eclipse.m2e.maven.runtime_3.9.1100.20250811-2018\jars\maven-settings-builder-3.9.11.jar
2025-12-12 11:19:14,873 [Worker-14: Launching PROYECTO_ORTIZBLANCO_BRUNO] INFO  o.eclipse.m2e.core.internal.Bundles - 	Entry: C:\Users\ortiz\.p2\pool\plugins\org.eclipse.m2e.maven.runtime_3.9.1100.20250811-2018\jars\maven-shared-utils-3.4.2.jar
2025-12-12 11:19:14,874 [Worker-14: Launching PROYECTO_ORTIZBLANCO_BRUNO] INFO  o.eclipse.m2e.core.internal.Bundles - 	Entry: C:\Users\ortiz\.p2\pool\plugins\org.eclipse.m2e.maven.runtime_3.9.1100.20250811-2018\jars\org.eclipse.sisu.inject-0.9.0.M4.jar
2025-12-12 11:19:14,874 [Worker-14: Launching PROYECTO_ORTIZBLANCO_BRUNO] INFO  o.eclipse.m2e.core.internal.Bundles - 	Entry: C:\Users\ortiz\.p2\pool\plugins\org.eclipse.m2e.maven.runtime_3.9.1100.20250811-2018\jars\org.eclipse.sisu.plexus-0.9.0.M4.jar
2025-12-12 11:19:14,874 [Worker-14: Launching PROYECTO_ORTIZBLANCO_BRUNO] INFO  o.eclipse.m2e.core.internal.Bundles - 	Entry: C:\Users\ortiz\.p2\pool\plugins\org.eclipse.m2e.maven.runtime_3.9.1100.20250811-2018\jars\plexus-build-api-0.0.7.jar
2025-12-12 11:19:14,874 [Worker-14: Launching PROYECTO_ORTIZBLANCO_BRUNO] INFO  o.eclipse.m2e.core.internal.Bundles - 	Entry: C:\Users\ortiz\.p2\pool\plugins\org.eclipse.m2e.maven.runtime_3.9.1100.20250811-2018\jars\plexus-build-api-1.2.0.jar
2025-12-12 11:19:14,874 [Worker-14: Launching PROYECTO_ORTIZBLANCO_BRUNO] INFO  o.eclipse.m2e.core.internal.Bundles - 	Entry: C:\Users\ortiz\.p2\pool\plugins\org.eclipse.m2e.maven.runtime_3.9.1100.20250811-2018\jars\plexus-cipher-2.0.jar
2025-12-12 11:19:14,874 [Worker-14: Launching PROYECTO_ORTIZBLANCO_BRUNO] INFO  o.eclipse.m2e.core.internal.Bundles - 	Entry: C:\Users\ortiz\.p2\pool\plugins\org.eclipse.m2e.maven.runtime_3.9.1100.20250811-2018\jars\plexus-classworlds-2.9.0.jar
2025-12-12 11:19:14,875 [Worker-14: Launching PROYECTO_ORTIZBLANCO_BRUNO] INFO  o.eclipse.m2e.core.internal.Bundles - 	Entry: C:\Users\ortiz\.p2\pool\plugins\org.eclipse.m2e.maven.runtime_3.9.1100.20250811-2018\jars\plexus-component-annotations-2.2.0.jar
2025-12-12 11:19:14,875 [Worker-14: Launching PROYECTO_ORTIZBLANCO_BRUNO] INFO  o.eclipse.m2e.core.internal.Bundles - 	Entry: C:\Users\ortiz\.p2\pool\plugins\org.eclipse.m2e.maven.runtime_3.9.1100.20250811-2018\jars\plexus-interpolation-1.28.jar
2025-12-12 11:19:14,875 [Worker-14: Launching PROYECTO_ORTIZBLANCO_BRUNO] INFO  o.eclipse.m2e.core.internal.Bundles - 	Entry: C:\Users\ortiz\.p2\pool\plugins\org.eclipse.m2e.maven.runtime_3.9.1100.20250811-2018\jars\plexus-sec-dispatcher-2.0.jar
2025-12-12 11:19:14,875 [Worker-14: Launching PROYECTO_ORTIZBLANCO_BRUNO] INFO  o.eclipse.m2e.core.internal.Bundles - 	Entry: C:\Users\ortiz\.p2\pool\plugins\org.eclipse.m2e.maven.runtime_3.9.1100.20250811-2018\jars\plexus-utils-3.6.0.jar
2025-12-12 11:19:14,875 [Worker-14: Launching PROYECTO_ORTIZBLANCO_BRUNO] INFO  o.eclipse.m2e.core.internal.Bundles - 	Entry: C:\Users\ortiz\.p2\pool\plugins\org.eclipse.m2e.maven.runtime_3.9.1100.20250811-2018\jars\wagon-file-3.5.3.jar
2025-12-12 11:19:14,875 [Worker-14: Launching PROYECTO_ORTIZBLANCO_BRUNO] INFO  o.eclipse.m2e.core.internal.Bundles - 	Entry: C:\Users\ortiz\.p2\pool\plugins\org.eclipse.m2e.maven.runtime_3.9.1100.20250811-2018\jars\wagon-http-3.5.3.jar
2025-12-12 11:19:14,876 [Worker-14: Launching PROYECTO_ORTIZBLANCO_BRUNO] INFO  o.eclipse.m2e.core.internal.Bundles - 	Entry: C:\Users\ortiz\.p2\pool\plugins\org.eclipse.m2e.maven.runtime_3.9.1100.20250811-2018\jars\wagon-http-shared-3.5.3.jar
2025-12-12 11:19:14,876 [Worker-14: Launching PROYECTO_ORTIZBLANCO_BRUNO] INFO  o.eclipse.m2e.core.internal.Bundles - 	Entry: C:\Users\ortiz\.p2\pool\plugins\org.eclipse.m2e.maven.runtime_3.9.1100.20250811-2018\jars\wagon-provider-api-3.5.3.jar
2025-12-12 11:19:14,876 [Worker-14: Launching PROYECTO_ORTIZBLANCO_BRUNO] INFO  o.eclipse.m2e.core.internal.Bundles - getClasspathEntries(Bundle=com.google.guava_33.5.0.jre [1329])
2025-12-12 11:19:14,876 [Worker-14: Launching PROYECTO_ORTIZBLANCO_BRUNO] INFO  o.eclipse.m2e.core.internal.Bundles - 	Entry: C:\Users\ortiz\.p2\pool\plugins\com.google.guava_33.5.0.jre.jar
2025-12-12 11:19:14,876 [Worker-14: Launching PROYECTO_ORTIZBLANCO_BRUNO] INFO  o.eclipse.m2e.core.internal.Bundles - getClasspathEntries(Bundle=slf4j.api_2.0.17 [1006])
2025-12-12 11:19:14,877 [Worker-14: Launching PROYECTO_ORTIZBLANCO_BRUNO] INFO  o.eclipse.m2e.core.internal.Bundles - 	Entry: C:\Users\ortiz\.p2\pool\plugins\slf4j.api_2.0.17.jar
2025-12-12 11:19:14,877 [Worker-14: Launching PROYECTO_ORTIZBLANCO_BRUNO] INFO  o.eclipse.m2e.core.internal.Bundles - getClasspathEntries(Bundle=jakarta.inject.jakarta.inject-api_1.0.5 [35])
2025-12-12 11:19:14,877 [Worker-14: Launching PROYECTO_ORTIZBLANCO_BRUNO] INFO  o.eclipse.m2e.core.internal.Bundles - 	Entry: C:\Users\ortiz\.p2\pool\plugins\jakarta.inject.jakarta.inject-api_1.0.5.jar
2025-12-12 11:19:14,877 [Worker-14: Launching PROYECTO_ORTIZBLANCO_BRUNO] INFO  o.eclipse.m2e.core.internal.Bundles - getClasspathEntries(Bundle=jakarta.annotation-api_1.3.5 [31])
2025-12-12 11:19:14,877 [Worker-14: Launching PROYECTO_ORTIZBLANCO_BRUNO] INFO  o.eclipse.m2e.core.internal.Bundles - 	Entry: C:\Users\ortiz\.p2\pool\plugins\jakarta.annotation-api_1.3.5.jar
2025-12-12 11:19:14,877 [Worker-14: Launching PROYECTO_ORTIZBLANCO_BRUNO] INFO  o.eclipse.m2e.core.internal.Bundles - getClasspathEntries(Bundle=org.apache.commons.cli_1.10.0 [75])
2025-12-12 11:19:14,878 [Worker-14: Launching PROYECTO_ORTIZBLANCO_BRUNO] INFO  o.eclipse.m2e.core.internal.Bundles - 	Entry: C:\Users\ortiz\.p2\pool\plugins\org.apache.commons.cli_1.10.0.jar
2025-12-12 11:19:14,878 [Worker-14: Launching PROYECTO_ORTIZBLANCO_BRUNO] INFO  o.eclipse.m2e.core.internal.Bundles - getClasspathEntries(Bundle=org.apache.commons.commons-codec_1.20.0 [1265])
2025-12-12 11:19:14,878 [Worker-14: Launching PROYECTO_ORTIZBLANCO_BRUNO] INFO  o.eclipse.m2e.core.internal.Bundles - 	Entry: C:\Users\ortiz\.p2\pool\plugins\org.apache.commons.commons-codec_1.20.0.jar
2025-12-12 11:19:14,878 [Worker-14: Launching PROYECTO_ORTIZBLANCO_BRUNO] INFO  o.eclipse.m2e.core.internal.Bundles - getClasspathEntries(Bundle=com.google.guava.failureaccess_1.0.3 [19])
2025-12-12 11:19:14,878 [Worker-14: Launching PROYECTO_ORTIZBLANCO_BRUNO] INFO  o.eclipse.m2e.core.internal.Bundles - 	Entry: C:\Users\ortiz\.p2\pool\plugins\com.google.guava.failureaccess_1.0.3.jar
2025-12-12 11:19:14,879 [Worker-14: Launching PROYECTO_ORTIZBLANCO_BRUNO] INFO  o.e.m.i.launch.MavenLaunchDelegate - Run build in "C:\Users\ortiz\OneDrive\Documentos\proyecto\PROYECTO_ORTIZBLANCO_BRUNO\PROYECTO_ORTIZBLANCO_BRUNO":
2025-12-12 11:19:14,880 [Worker-14: Launching PROYECTO_ORTIZBLANCO_BRUNO] INFO  o.e.m.i.launch.MavenLaunchDelegate -  mvn  -B -Dstyle.color=always javafx:run
2025-12-12 11:20:32,632 [Worker-4: Launching PROYECTO_ORTIZBLANCO_BRUNO] INFO  o.eclipse.m2e.core.internal.Bundles - getClasspathEntries(Bundle=org.eclipse.m2e.maven.runtime_3.9.1100.20250811-2018 [641])
2025-12-12 11:20:32,633 [Worker-4: Launching PROYECTO_ORTIZBLANCO_BRUNO] INFO  o.eclipse.m2e.core.internal.Bundles - 	Entry: C:\Users\ortiz\.p2\pool\plugins\org.eclipse.m2e.maven.runtime_3.9.1100.20250811-2018
2025-12-12 11:20:32,633 [Worker-4: Launching PROYECTO_ORTIZBLANCO_BRUNO] INFO  o.eclipse.m2e.core.internal.Bundles - 	Entry: C:\Users\ortiz\.p2\pool\plugins\org.eclipse.m2e.maven.runtime_3.9.1100.20250811-2018\jars\aopalliance-1.0.jar
2025-12-12 11:20:32,633 [Worker-4: Launching PROYECTO_ORTIZBLANCO_BRUNO] INFO  o.eclipse.m2e.core.internal.Bundles - 	Entry: C:\Users\ortiz\.p2\pool\plugins\org.eclipse.m2e.maven.runtime_3.9.1100.20250811-2018\jars\asm-9.8.jar
2025-12-12 11:20:32,633 [Worker-4: Launching PROYECTO_ORTIZBLANCO_BRUNO] INFO  o.eclipse.m2e.core.internal.Bundles - 	Entry: C:\Users\ortiz\.p2\pool\plugins\org.eclipse.m2e.maven.runtime_3.9.1100.20250811-2018\jars\error_prone_annotations-2.38.0.jar
2025-12-12 11:20:32,634 [Worker-4: Launching PROYECTO_ORTIZBLANCO_BRUNO] INFO  o.eclipse.m2e.core.internal.Bundles - 	Entry: C:\Users\ortiz\.p2\pool\plugins\org.eclipse.m2e.maven.runtime_3.9.1100.20250811-2018\jars\gson-2.13.1.jar
2025-12-12 11:20:32,634 [Worker-4: Launching PROYECTO_ORTIZBLANCO_BRUNO] INFO  o.eclipse.m2e.core.internal.Bundles - 	Entry: C:\Users\ortiz\.p2\pool\plugins\org.eclipse.m2e.maven.runtime_3.9.1100.20250811-2018\jars\guice-5.1.0-classes.jar
2025-12-12 11:20:32,634 [Worker-4: Launching PROYECTO_ORTIZBLANCO_BRUNO] INFO  o.eclipse.m2e.core.internal.Bundles - 	Entry: C:\Users\ortiz\.p2\pool\plugins\org.eclipse.m2e.maven.runtime_3.9.1100.20250811-2018\jars\httpclient-4.5.14.jar
2025-12-12 11:20:32,634 [Worker-4: Launching PROYECTO_ORTIZBLANCO_BRUNO] INFO  o.eclipse.m2e.core.internal.Bundles - 	Entry: C:\Users\ortiz\.p2\pool\plugins\org.eclipse.m2e.maven.runtime_3.9.1100.20250811-2018\jars\httpcore-4.4.16.jar
2025-12-12 11:20:32,634 [Worker-4: Launching PROYECTO_ORTIZBLANCO_BRUNO] INFO  o.eclipse.m2e.core.internal.Bundles - 	Entry: C:\Users\ortiz\.p2\pool\plugins\org.eclipse.m2e.maven.runtime_3.9.1100.20250811-2018\jars\jansi-2.4.2.jar
2025-12-12 11:20:32,634 [Worker-4: Launching PROYECTO_ORTIZBLANCO_BRUNO] INFO  o.eclipse.m2e.core.internal.Bundles - 	Entry: C:\Users\ortiz\.p2\pool\plugins\org.eclipse.m2e.maven.runtime_3.9.1100.20250811-2018\jars\jcl-over-slf4j-1.7.36.jar
2025-12-12 11:20:32,634 [Worker-4: Launching PROYECTO_ORTIZBLANCO_BRUNO] INFO  o.eclipse.m2e.core.internal.Bundles - 	Entry: C:\Users\ortiz\.p2\pool\plugins\org.eclipse.m2e.maven.runtime_3.9.1100.20250811-2018\jars\maven-artifact-3.9.11.jar
2025-12-12 11:20:32,635 [Worker-4: Launching PROYECTO_ORTIZBLANCO_BRUNO] INFO  o.eclipse.m2e.core.internal.Bundles - 	Entry: C:\Users\ortiz\.p2\pool\plugins\org.eclipse.m2e.maven.runtime_3.9.1100.20250811-2018\jars\maven-builder-support-3.9.11.jar
2025-12-12 11:20:32,635 [Worker-4: Launching PROYECTO_ORTIZBLANCO_BRUNO] INFO  o.eclipse.m2e.core.internal.Bundles - 	Entry: C:\Users\ortiz\.p2\pool\plugins\org.eclipse.m2e.maven.runtime_3.9.1100.20250811-2018\jars\maven-compat-3.9.11.jar
2025-12-12 11:20:32,636 [Worker-4: Launching PROYECTO_ORTIZBLANCO_BRUNO] INFO  o.eclipse.m2e.core.internal.Bundles - 	Entry: C:\Users\ortiz\.p2\pool\plugins\org.eclipse.m2e.maven.runtime_3.9.1100.20250811-2018\jars\maven-core-3.9.11.jar
2025-12-12 11:20:32,636 [Worker-4: Launching PROYECTO_ORTIZBLANCO_BRUNO] INFO  o.eclipse.m2e.core.internal.Bundles - 	Entry: C:\Users\ortiz\.p2\pool\plugins\org.eclipse.m2e.maven.runtime_3.9.1100.20250811-2018\jars\maven-embedder-3.9.11.jar
2025-12-12 11:20:32,636 [Worker-4: Launching PROYECTO_ORTIZBLANCO_BRUNO] INFO  o.eclipse.m2e.core.internal.Bundles - 	Entry: C:\Users\ortiz\.p2\pool\plugins\org.eclipse.m2e.maven.runtime_3.9.1100.20250811-2018\jars\maven-model-3.9.11.jar
2025-12-12 11:20:32,636 [Worker-4: Launching PROYECTO_ORTIZBLANCO_BRUNO] INFO  o.eclipse.m2e.core.internal.Bundles - 	Entry: C:\Users\ortiz\.p2\pool\plugins\org.eclipse.m2e.maven.runtime_3.9.1100.20250811-2018\jars\maven-model-builder-3.9.11.jar
2025-12-12 11:20:32,636 [Worker-4: Launching PROYECTO_ORTIZBLANCO_BRUNO] INFO  o.eclipse.m2e.core.internal.Bundles - 	Entry: C:\Users\ortiz\.p2\pool\plugins\org.eclipse.m2e.maven.runtime_3.9.1100.20250811-2018\jars\maven-plugin-api-3.9.11.jar
2025-12-12 11:20:32,636 [Worker-4: Launching PROYECTO_ORTIZBLANCO_BRUNO] INFO  o.eclipse.m2e.core.internal.Bundles - 	Entry: C:\Users\ortiz\.p2\pool\plugins\org.eclipse.m2e.maven.runtime_3.9.1100.20250811-2018\jars\maven-repository-metadata-3.9.11.jar
2025-12-12 11:20:32,636 [Worker-4: Launching PROYECTO_ORTIZBLANCO_BRUNO] INFO  o.eclipse.m2e.core.internal.Bundles - 	Entry: C:\Users\ortiz\.p2\pool\plugins\org.eclipse.m2e.maven.runtime_3.9.1100.20250811-2018\jars\maven-resolver-api-1.9.24.jar
2025-12-12 11:20:32,637 [Worker-4: Launching PROYECTO_ORTIZBLANCO_BRUNO] INFO  o.eclipse.m2e.core.internal.Bundles - 	Entry: C:\Users\ortiz\.p2\pool\plugins\org.eclipse.m2e.maven.runtime_3.9.1100.20250811-2018\jars\maven-resolver-connector-basic-1.9.24.jar
2025-12-12 11:20:32,637 [Worker-4: Launching PROYECTO_ORTIZBLANCO_BRUNO] INFO  o.eclipse.m2e.core.internal.Bundles - 	Entry: C:\Users\ortiz\.p2\pool\plugins\org.eclipse.m2e.maven.runtime_3.9.1100.20250811-2018\jars\maven-resolver-impl-1.9.24.jar
2025-12-12 11:20:32,637 [Worker-4: Launching PROYECTO_ORTIZBLANCO_BRUNO] INFO  o.eclipse.m2e.core.internal.Bundles - 	Entry: C:\Users\ortiz\.p2\pool\plugins\org.eclipse.m2e.maven.runtime_3.9.1100.20250811-2018\jars\maven-resolver-named-locks-1.9.24.jar
2025-12-12 11:20:32,637 [Worker-4: Launching PROYECTO_ORTIZBLANCO_BRUNO] INFO  o.eclipse.m2e.core.internal.Bundles - 	Entry: C:\Users\ortiz\.p2\pool\plugins\org.eclipse.m2e.maven.runtime_3.9.1100.20250811-2018\jars\maven-resolver-provider-3.9.11.jar
2025-12-12 11:20:32,637 [Worker-4: Launching PROYECTO_ORTIZBLANCO_BRUNO] INFO  o.eclipse.m2e.core.internal.Bundles - 	Entry: C:\Users\ortiz\.p2\pool\plugins\org.eclipse.m2e.maven.runtime_3.9.1100.20250811-2018\jars\maven-resolver-spi-1.9.24.jar
2025-12-12 11:20:32,637 [Worker-4: Launching PROYECTO_ORTIZBLANCO_BRUNO] INFO  o.eclipse.m2e.core.internal.Bundles - 	Entry: C:\Users\ortiz\.p2\pool\plugins\org.eclipse.m2e.maven.runtime_3.9.1100.20250811-2018\jars\maven-resolver-transport-file-1.9.24.jar
2025-12-12 11:20:32,638 [Worker-4: Launching PROYECTO_ORTIZBLANCO_BRUNO] INFO  o.eclipse.m2e.core.internal.Bundles - 	Entry: C:\Users\ortiz\.p2\pool\plugins\org.eclipse.m2e.maven.runtime_3.9.1100.20250811-2018\jars\maven-resolver-transport-http-1.9.24.jar
2025-12-12 11:20:32,638 [Worker-4: Launching PROYECTO_ORTIZBLANCO_BRUNO] INFO  o.eclipse.m2e.core.internal.Bundles - 	Entry: C:\Users\ortiz\.p2\pool\plugins\org.eclipse.m2e.maven.runtime_3.9.1100.20250811-2018\jars\maven-resolver-transport-wagon-1.9.24.jar
2025-12-12 11:20:32,638 [Worker-4: Launching PROYECTO_ORTIZBLANCO_BRUNO] INFO  o.eclipse.m2e.core.internal.Bundles - 	Entry: C:\Users\ortiz\.p2\pool\plugins\org.eclipse.m2e.maven.runtime_3.9.1100.20250811-2018\jars\maven-resolver-util-1.9.24.jar
2025-12-12 11:20:32,638 [Worker-4: Launching PROYECTO_ORTIZBLANCO_BRUNO] INFO  o.eclipse.m2e.core.internal.Bundles - 	Entry: C:\Users\ortiz\.p2\pool\plugins\org.eclipse.m2e.maven.runtime_3.9.1100.20250811-2018\jars\maven-settings-3.9.11.jar
2025-12-12 11:20:32,638 [Worker-4: Launching PROYECTO_ORTIZBLANCO_BRUNO] INFO  o.eclipse.m2e.core.internal.Bundles - 	Entry: C:\Users\ortiz\.p2\pool\plugins\org.eclipse.m2e.maven.runtime_3.9.1100.20250811-2018\jars\maven-settings-builder-3.9.11.jar
2025-12-12 11:20:32,638 [Worker-4: Launching PROYECTO_ORTIZBLANCO_BRUNO] INFO  o.eclipse.m2e.core.internal.Bundles - 	Entry: C:\Users\ortiz\.p2\pool\plugins\org.eclipse.m2e.maven.runtime_3.9.1100.20250811-2018\jars\maven-shared-utils-3.4.2.jar
2025-12-12 11:20:32,638 [Worker-4: Launching PROYECTO_ORTIZBLANCO_BRUNO] INFO  o.eclipse.m2e.core.internal.Bundles - 	Entry: C:\Users\ortiz\.p2\pool\plugins\org.eclipse.m2e.maven.runtime_3.9.1100.20250811-2018\jars\org.eclipse.sisu.inject-0.9.0.M4.jar
2025-12-12 11:20:32,639 [Worker-4: Launching PROYECTO_ORTIZBLANCO_BRUNO] INFO  o.eclipse.m2e.core.internal.Bundles - 	Entry: C:\Users\ortiz\.p2\pool\plugins\org.eclipse.m2e.maven.runtime_3.9.1100.20250811-2018\jars\org.eclipse.sisu.plexus-0.9.0.M4.jar
2025-12-12 11:20:32,639 [Worker-4: Launching PROYECTO_ORTIZBLANCO_BRUNO] INFO  o.eclipse.m2e.core.internal.Bundles - 	Entry: C:\Users\ortiz\.p2\pool\plugins\org.eclipse.m2e.maven.runtime_3.9.1100.20250811-2018\jars\plexus-build-api-0.0.7.jar
2025-12-12 11:20:32,639 [Worker-4: Launching PROYECTO_ORTIZBLANCO_BRUNO] INFO  o.eclipse.m2e.core.internal.Bundles - 	Entry: C:\Users\ortiz\.p2\pool\plugins\org.eclipse.m2e.maven.runtime_3.9.1100.20250811-2018\jars\plexus-build-api-1.2.0.jar
2025-12-12 11:20:32,639 [Worker-4: Launching PROYECTO_ORTIZBLANCO_BRUNO] INFO  o.eclipse.m2e.core.internal.Bundles - 	Entry: C:\Users\ortiz\.p2\pool\plugins\org.eclipse.m2e.maven.runtime_3.9.1100.20250811-2018\jars\plexus-cipher-2.0.jar
2025-12-12 11:20:32,639 [Worker-4: Launching PROYECTO_ORTIZBLANCO_BRUNO] INFO  o.eclipse.m2e.core.internal.Bundles - 	Entry: C:\Users\ortiz\.p2\pool\plugins\org.eclipse.m2e.maven.runtime_3.9.1100.20250811-2018\jars\plexus-classworlds-2.9.0.jar
2025-12-12 11:20:32,640 [Worker-4: Launching PROYECTO_ORTIZBLANCO_BRUNO] INFO  o.eclipse.m2e.core.internal.Bundles - 	Entry: C:\Users\ortiz\.p2\pool\plugins\org.eclipse.m2e.maven.runtime_3.9.1100.20250811-2018\jars\plexus-component-annotations-2.2.0.jar
2025-12-12 11:20:32,640 [Worker-4: Launching PROYECTO_ORTIZBLANCO_BRUNO] INFO  o.eclipse.m2e.core.internal.Bundles - 	Entry: C:\Users\ortiz\.p2\pool\plugins\org.eclipse.m2e.maven.runtime_3.9.1100.20250811-2018\jars\plexus-interpolation-1.28.jar
2025-12-12 11:20:32,640 [Worker-4: Launching PROYECTO_ORTIZBLANCO_BRUNO] INFO  o.eclipse.m2e.core.internal.Bundles - 	Entry: C:\Users\ortiz\.p2\pool\plugins\org.eclipse.m2e.maven.runtime_3.9.1100.20250811-2018\jars\plexus-sec-dispatcher-2.0.jar
2025-12-12 11:20:32,640 [Worker-4: Launching PROYECTO_ORTIZBLANCO_BRUNO] INFO  o.eclipse.m2e.core.internal.Bundles - 	Entry: C:\Users\ortiz\.p2\pool\plugins\org.eclipse.m2e.maven.runtime_3.9.1100.20250811-2018\jars\plexus-utils-3.6.0.jar
2025-12-12 11:20:32,640 [Worker-4: Launching PROYECTO_ORTIZBLANCO_BRUNO] INFO  o.eclipse.m2e.core.internal.Bundles - 	Entry: C:\Users\ortiz\.p2\pool\plugins\org.eclipse.m2e.maven.runtime_3.9.1100.20250811-2018\jars\wagon-file-3.5.3.jar
2025-12-12 11:20:32,640 [Worker-4: Launching PROYECTO_ORTIZBLANCO_BRUNO] INFO  o.eclipse.m2e.core.internal.Bundles - 	Entry: C:\Users\ortiz\.p2\pool\plugins\org.eclipse.m2e.maven.runtime_3.9.1100.20250811-2018\jars\wagon-http-3.5.3.jar
2025-12-12 11:20:32,641 [Worker-4: Launching PROYECTO_ORTIZBLANCO_BRUNO] INFO  o.eclipse.m2e.core.internal.Bundles - 	Entry: C:\Users\ortiz\.p2\pool\plugins\org.eclipse.m2e.maven.runtime_3.9.1100.20250811-2018\jars\wagon-http-shared-3.5.3.jar
2025-12-12 11:20:32,641 [Worker-4: Launching PROYECTO_ORTIZBLANCO_BRUNO] INFO  o.eclipse.m2e.core.internal.Bundles - 	Entry: C:\Users\ortiz\.p2\pool\plugins\org.eclipse.m2e.maven.runtime_3.9.1100.20250811-2018\jars\wagon-provider-api-3.5.3.jar
2025-12-12 11:20:32,641 [Worker-4: Launching PROYECTO_ORTIZBLANCO_BRUNO] INFO  o.eclipse.m2e.core.internal.Bundles - getClasspathEntries(Bundle=com.google.guava_33.5.0.jre [1329])
2025-12-12 11:20:32,641 [Worker-4: Launching PROYECTO_ORTIZBLANCO_BRUNO] INFO  o.eclipse.m2e.core.internal.Bundles - 	Entry: C:\Users\ortiz\.p2\pool\plugins\com.google.guava_33.5.0.jre.jar
2025-12-12 11:20:32,641 [Worker-4: Launching PROYECTO_ORTIZBLANCO_BRUNO] INFO  o.eclipse.m2e.core.internal.Bundles - getClasspathEntries(Bundle=slf4j.api_2.0.17 [1006])
2025-12-12 11:20:32,642 [Worker-4: Launching PROYECTO_ORTIZBLANCO_BRUNO] INFO  o.eclipse.m2e.core.internal.Bundles - 	Entry: C:\Users\ortiz\.p2\pool\plugins\slf4j.api_2.0.17.jar
2025-12-12 11:20:32,642 [Worker-4: Launching PROYECTO_ORTIZBLANCO_BRUNO] INFO  o.eclipse.m2e.core.internal.Bundles - getClasspathEntries(Bundle=jakarta.inject.jakarta.inject-api_1.0.5 [35])
2025-12-12 11:20:32,642 [Worker-4: Launching PROYECTO_ORTIZBLANCO_BRUNO] INFO  o.eclipse.m2e.core.internal.Bundles - 	Entry: C:\Users\ortiz\.p2\pool\plugins\jakarta.inject.jakarta.inject-api_1.0.5.jar
2025-12-12 11:20:32,642 [Worker-4: Launching PROYECTO_ORTIZBLANCO_BRUNO] INFO  o.eclipse.m2e.core.internal.Bundles - getClasspathEntries(Bundle=jakarta.annotation-api_1.3.5 [31])
2025-12-12 11:20:32,643 [Worker-4: Launching PROYECTO_ORTIZBLANCO_BRUNO] INFO  o.eclipse.m2e.core.internal.Bundles - 	Entry: C:\Users\ortiz\.p2\pool\plugins\jakarta.annotation-api_1.3.5.jar
2025-12-12 11:20:32,643 [Worker-4: Launching PROYECTO_ORTIZBLANCO_BRUNO] INFO  o.eclipse.m2e.core.internal.Bundles - getClasspathEntries(Bundle=org.apache.commons.cli_1.10.0 [75])
2025-12-12 11:20:32,643 [Worker-4: Launching PROYECTO_ORTIZBLANCO_BRUNO] INFO  o.eclipse.m2e.core.internal.Bundles - 	Entry: C:\Users\ortiz\.p2\pool\plugins\org.apache.commons.cli_1.10.0.jar
2025-12-12 11:20:32,643 [Worker-4: Launching PROYECTO_ORTIZBLANCO_BRUNO] INFO  o.eclipse.m2e.core.internal.Bundles - getClasspathEntries(Bundle=org.apache.commons.commons-codec_1.20.0 [1265])
2025-12-12 11:20:32,644 [Worker-4: Launching PROYECTO_ORTIZBLANCO_BRUNO] INFO  o.eclipse.m2e.core.internal.Bundles - 	Entry: C:\Users\ortiz\.p2\pool\plugins\org.apache.commons.commons-codec_1.20.0.jar
2025-12-12 11:20:32,644 [Worker-4: Launching PROYECTO_ORTIZBLANCO_BRUNO] INFO  o.eclipse.m2e.core.internal.Bundles - getClasspathEntries(Bundle=com.google.guava.failureaccess_1.0.3 [19])
2025-12-12 11:20:32,644 [Worker-4: Launching PROYECTO_ORTIZBLANCO_BRUNO] INFO  o.eclipse.m2e.core.internal.Bundles - 	Entry: C:\Users\ortiz\.p2\pool\plugins\com.google.guava.failureaccess_1.0.3.jar
2025-12-12 11:20:32,645 [Worker-4: Launching PROYECTO_ORTIZBLANCO_BRUNO] INFO  o.e.m.i.launch.MavenLaunchDelegate - Run build in "C:\Users\ortiz\OneDrive\Documentos\proyecto\PROYECTO_ORTIZBLANCO_BRUNO\PROYECTO_ORTIZBLANCO_BRUNO":
2025-12-12 11:20:32,645 [Worker-4: Launching PROYECTO_ORTIZBLANCO_BRUNO] INFO  o.e.m.i.launch.MavenLaunchDelegate -  mvn  -B -Dstyle.color=always javafx:run
2025-12-12 11:22:42,790 [Worker-27: Building] INFO  o.e.m.c.i.l.LifecycleMappingFactory - Using org.eclipse.m2e.jdt.JarLifecycleMapping lifecycle mapping for MavenProject: dev.brunob:tareaProyectoBase:0.0.1-SNAPSHOT @ C:\Users\ortiz\OneDrive\Documentos\proyecto\PROYECTO_ORTIZBLANCO_BRUNO\PROYECTO_ORTIZBLANCO_BRUNO\pom.xml.
2025-12-12 11:22:43,043 [Worker-27: Building] INFO  o.a.m.s.f.DefaultMavenResourcesFiltering - Copying 0 resource from src\main\resources to target\classes
2025-12-12 11:22:43,044 [Worker-27: Building] INFO  o.a.m.s.f.DefaultMavenResourcesFiltering - Copying 0 resource from src\main\resources to target\classes
2025-12-12 11:22:43,048 [Worker-27: Building] INFO  o.a.m.s.f.DefaultMavenResourcesFiltering - skip non existing resourceDirectory C:\Users\ortiz\OneDrive\Documentos\proyecto\PROYECTO_ORTIZBLANCO_BRUNO\PROYECTO_ORTIZBLANCO_BRUNO\src\test\resources
2025-12-12 11:22:43,063 [Worker-27: Building] WARN  o.apache.maven.project.MavenProject - Direct modification of compileSourceRoots through clear() is deprecated and will not work in Maven 4.0.0. Please use the add/remove methods instead. If you're using a plugin that causes this warning, please upgrade to the latest version and report an issue if the warning persists. To disable these warnings, set -Dmaven.project.sourceRoots.warningsDisabled=true on the command line, in the .mvn/maven.config file, or in project POM properties.
2025-12-12 11:22:43,064 [Worker-27: Building] WARN  o.apache.maven.project.MavenProject - Direct modification of compileSourceRoots through add() is deprecated and will not work in Maven 4.0.0. Please use the add/remove methods instead. If you're using a plugin that causes this warning, please upgrade to the latest version and report an issue if the warning persists. To disable these warnings, set -Dmaven.project.sourceRoots.warningsDisabled=true on the command line, in the .mvn/maven.config file, or in project POM properties.
2025-12-12 11:22:43,064 [Worker-27: Building] WARN  o.apache.maven.project.MavenProject - Direct modification of testCompileSourceRoots through clear() is deprecated and will not work in Maven 4.0.0. Please use the add/remove methods instead. If you're using a plugin that causes this warning, please upgrade to the latest version and report an issue if the warning persists. To disable these warnings, set -Dmaven.project.sourceRoots.warningsDisabled=true on the command line, in the .mvn/maven.config file, or in project POM properties.
2025-12-12 11:22:43,065 [Worker-27: Building] WARN  o.apache.maven.project.MavenProject - Direct modification of testCompileSourceRoots through add() is deprecated and will not work in Maven 4.0.0. Please use the add/remove methods instead. If you're using a plugin that causes this warning, please upgrade to the latest version and report an issue if the warning persists. To disable these warnings, set -Dmaven.project.sourceRoots.warningsDisabled=true on the command line, in the .mvn/maven.config file, or in project POM properties.
2025-12-12 11:23:00,540 [Worker-29: Building] INFO  o.e.m.c.i.l.LifecycleMappingFactory - Using org.eclipse.m2e.jdt.JarLifecycleMapping lifecycle mapping for MavenProject: dev.brunob:tareaProyectoBase:0.0.1-SNAPSHOT @ C:\Users\ortiz\OneDrive\Documentos\proyecto\PROYECTO_ORTIZBLANCO_BRUNO\PROYECTO_ORTIZBLANCO_BRUNO\pom.xml.
2025-12-12 11:23:00,951 [Worker-29: Building] INFO  o.a.m.s.f.DefaultMavenResourcesFiltering - Copying 0 resource from src\main\resources to target\classes
2025-12-12 11:23:00,953 [Worker-29: Building] INFO  o.a.m.s.f.DefaultMavenResourcesFiltering - Copying 0 resource from src\main\resources to target\classes
2025-12-12 11:23:00,957 [Worker-29: Building] INFO  o.a.m.s.f.DefaultMavenResourcesFiltering - skip non existing resourceDirectory C:\Users\ortiz\OneDrive\Documentos\proyecto\PROYECTO_ORTIZBLANCO_BRUNO\PROYECTO_ORTIZBLANCO_BRUNO\src\test\resources
2025-12-12 11:23:00,970 [Worker-29: Building] WARN  o.apache.maven.project.MavenProject - Direct modification of compileSourceRoots through clear() is deprecated and will not work in Maven 4.0.0. Please use the add/remove methods instead. If you're using a plugin that causes this warning, please upgrade to the latest version and report an issue if the warning persists. To disable these warnings, set -Dmaven.project.sourceRoots.warningsDisabled=true on the command line, in the .mvn/maven.config file, or in project POM properties.
2025-12-12 11:23:00,971 [Worker-29: Building] WARN  o.apache.maven.project.MavenProject - Direct modification of compileSourceRoots through add() is deprecated and will not work in Maven 4.0.0. Please use the add/remove methods instead. If you're using a plugin that causes this warning, please upgrade to the latest version and report an issue if the warning persists. To disable these warnings, set -Dmaven.project.sourceRoots.warningsDisabled=true on the command line, in the .mvn/maven.config file, or in project POM properties.
2025-12-12 11:23:00,971 [Worker-29: Building] WARN  o.apache.maven.project.MavenProject - Direct modification of testCompileSourceRoots through clear() is deprecated and will not work in Maven 4.0.0. Please use the add/remove methods instead. If you're using a plugin that causes this warning, please upgrade to the latest version and report an issue if the warning persists. To disable these warnings, set -Dmaven.project.sourceRoots.warningsDisabled=true on the command line, in the .mvn/maven.config file, or in project POM properties.
2025-12-12 11:23:00,971 [Worker-29: Building] WARN  o.apache.maven.project.MavenProject - Direct modification of testCompileSourceRoots through add() is deprecated and will not work in Maven 4.0.0. Please use the add/remove methods instead. If you're using a plugin that causes this warning, please upgrade to the latest version and report an issue if the warning persists. To disable these warnings, set -Dmaven.project.sourceRoots.warningsDisabled=true on the command line, in the .mvn/maven.config file, or in project POM properties.
2025-12-12 11:23:42,404 [Worker-4: Building] INFO  o.a.m.s.f.DefaultMavenResourcesFiltering - Copying 0 resource from src\main\resources to target\classes
2025-12-12 11:23:42,408 [Worker-4: Building] INFO  o.a.m.s.f.DefaultMavenResourcesFiltering - Copying 0 resource from src\main\resources to target\classes
2025-12-12 11:23:42,411 [Worker-4: Building] INFO  o.a.m.s.f.DefaultMavenResourcesFiltering - skip non existing resourceDirectory C:\Users\ortiz\OneDrive\Documentos\proyecto\PROYECTO_ORTIZBLANCO_BRUNO\PROYECTO_ORTIZBLANCO_BRUNO\src\test\resources
2025-12-12 11:23:42,412 [Worker-4: Building] WARN  o.apache.maven.project.MavenProject - Direct modification of compileSourceRoots through clear() is deprecated and will not work in Maven 4.0.0. Please use the add/remove methods instead. If you're using a plugin that causes this warning, please upgrade to the latest version and report an issue if the warning persists. To disable these warnings, set -Dmaven.project.sourceRoots.warningsDisabled=true on the command line, in the .mvn/maven.config file, or in project POM properties.
2025-12-12 11:23:42,412 [Worker-4: Building] WARN  o.apache.maven.project.MavenProject - Direct modification of compileSourceRoots through add() is deprecated and will not work in Maven 4.0.0. Please use the add/remove methods instead. If you're using a plugin that causes this warning, please upgrade to the latest version and report an issue if the warning persists. To disable these warnings, set -Dmaven.project.sourceRoots.warningsDisabled=true on the command line, in the .mvn/maven.config file, or in project POM properties.
2025-12-12 11:23:42,413 [Worker-4: Building] WARN  o.apache.maven.project.MavenProject - Direct modification of testCompileSourceRoots through clear() is deprecated and will not work in Maven 4.0.0. Please use the add/remove methods instead. If you're using a plugin that causes this warning, please upgrade to the latest version and report an issue if the warning persists. To disable these warnings, set -Dmaven.project.sourceRoots.warningsDisabled=true on the command line, in the .mvn/maven.config file, or in project POM properties.
2025-12-12 11:23:42,414 [Worker-4: Building] WARN  o.apache.maven.project.MavenProject - Direct modification of testCompileSourceRoots through add() is deprecated and will not work in Maven 4.0.0. Please use the add/remove methods instead. If you're using a plugin that causes this warning, please upgrade to the latest version and report an issue if the warning persists. To disable these warnings, set -Dmaven.project.sourceRoots.warningsDisabled=true on the command line, in the .mvn/maven.config file, or in project POM properties.
2025-12-12 11:23:52,576 [Worker-14: Building] INFO  o.e.m.c.i.l.LifecycleMappingFactory - Using org.eclipse.m2e.jdt.JarLifecycleMapping lifecycle mapping for MavenProject: dev.brunob:tareaProyectoBase:0.0.1-SNAPSHOT @ C:\Users\ortiz\OneDrive\Documentos\proyecto\PROYECTO_ORTIZBLANCO_BRUNO\PROYECTO_ORTIZBLANCO_BRUNO\pom.xml.
2025-12-12 11:23:52,962 [Worker-14: Building] INFO  o.a.m.s.f.DefaultMavenResourcesFiltering - Copying 0 resource from src\main\resources to target\classes
2025-12-12 11:23:52,964 [Worker-14: Building] INFO  o.a.m.s.f.DefaultMavenResourcesFiltering - Copying 0 resource from src\main\resources to target\classes
2025-12-12 11:23:52,967 [Worker-14: Building] INFO  o.a.m.s.f.DefaultMavenResourcesFiltering - skip non existing resourceDirectory C:\Users\ortiz\OneDrive\Documentos\proyecto\PROYECTO_ORTIZBLANCO_BRUNO\PROYECTO_ORTIZBLANCO_BRUNO\src\test\resources
2025-12-12 11:23:52,981 [Worker-14: Building] WARN  o.apache.maven.project.MavenProject - Direct modification of compileSourceRoots through clear() is deprecated and will not work in Maven 4.0.0. Please use the add/remove methods instead. If you're using a plugin that causes this warning, please upgrade to the latest version and report an issue if the warning persists. To disable these warnings, set -Dmaven.project.sourceRoots.warningsDisabled=true on the command line, in the .mvn/maven.config file, or in project POM properties.
2025-12-12 11:23:52,981 [Worker-14: Building] WARN  o.apache.maven.project.MavenProject - Direct modification of compileSourceRoots through add() is deprecated and will not work in Maven 4.0.0. Please use the add/remove methods instead. If you're using a plugin that causes this warning, please upgrade to the latest version and report an issue if the warning persists. To disable these warnings, set -Dmaven.project.sourceRoots.warningsDisabled=true on the command line, in the .mvn/maven.config file, or in project POM properties.
2025-12-12 11:23:52,982 [Worker-14: Building] WARN  o.apache.maven.project.MavenProject - Direct modification of testCompileSourceRoots through clear() is deprecated and will not work in Maven 4.0.0. Please use the add/remove methods instead. If you're using a plugin that causes this warning, please upgrade to the latest version and report an issue if the warning persists. To disable these warnings, set -Dmaven.project.sourceRoots.warningsDisabled=true on the command line, in the .mvn/maven.config file, or in project POM properties.
2025-12-12 11:23:52,982 [Worker-14: Building] WARN  o.apache.maven.project.MavenProject - Direct modification of testCompileSourceRoots through add() is deprecated and will not work in Maven 4.0.0. Please use the add/remove methods instead. If you're using a plugin that causes this warning, please upgrade to the latest version and report an issue if the warning persists. To disable these warnings, set -Dmaven.project.sourceRoots.warningsDisabled=true on the command line, in the .mvn/maven.config file, or in project POM properties.
2025-12-12 11:24:27,069 [Worker-4: Building] INFO  o.a.m.s.f.DefaultMavenResourcesFiltering - Copying 0 resource from src\main\resources to target\classes
2025-12-12 11:24:27,072 [Worker-4: Building] INFO  o.a.m.s.f.DefaultMavenResourcesFiltering - Copying 0 resource from src\main\resources to target\classes
2025-12-12 11:24:27,074 [Worker-4: Building] INFO  o.a.m.s.f.DefaultMavenResourcesFiltering - skip non existing resourceDirectory C:\Users\ortiz\OneDrive\Documentos\proyecto\PROYECTO_ORTIZBLANCO_BRUNO\PROYECTO_ORTIZBLANCO_BRUNO\src\test\resources
2025-12-12 11:24:27,076 [Worker-4: Building] WARN  o.apache.maven.project.MavenProject - Direct modification of compileSourceRoots through clear() is deprecated and will not work in Maven 4.0.0. Please use the add/remove methods instead. If you're using a plugin that causes this warning, please upgrade to the latest version and report an issue if the warning persists. To disable these warnings, set -Dmaven.project.sourceRoots.warningsDisabled=true on the command line, in the .mvn/maven.config file, or in project POM properties.
2025-12-12 11:24:27,077 [Worker-4: Building] WARN  o.apache.maven.project.MavenProject - Direct modification of compileSourceRoots through add() is deprecated and will not work in Maven 4.0.0. Please use the add/remove methods instead. If you're using a plugin that causes this warning, please upgrade to the latest version and report an issue if the warning persists. To disable these warnings, set -Dmaven.project.sourceRoots.warningsDisabled=true on the command line, in the .mvn/maven.config file, or in project POM properties.
2025-12-12 11:24:27,077 [Worker-4: Building] WARN  o.apache.maven.project.MavenProject - Direct modification of testCompileSourceRoots through clear() is deprecated and will not work in Maven 4.0.0. Please use the add/remove methods instead. If you're using a plugin that causes this warning, please upgrade to the latest version and report an issue if the warning persists. To disable these warnings, set -Dmaven.project.sourceRoots.warningsDisabled=true on the command line, in the .mvn/maven.config file, or in project POM properties.
2025-12-12 11:24:27,078 [Worker-4: Building] WARN  o.apache.maven.project.MavenProject - Direct modification of testCompileSourceRoots through add() is deprecated and will not work in Maven 4.0.0. Please use the add/remove methods instead. If you're using a plugin that causes this warning, please upgrade to the latest version and report an issue if the warning persists. To disable these warnings, set -Dmaven.project.sourceRoots.warningsDisabled=true on the command line, in the .mvn/maven.config file, or in project POM properties.
2025-12-12 11:24:35,023 [Worker-30: Building] INFO  o.a.m.s.f.DefaultMavenResourcesFiltering - Copying 0 resource from src\main\resources to target\classes
2025-12-12 11:24:35,025 [Worker-30: Building] INFO  o.a.m.s.f.DefaultMavenResourcesFiltering - Copying 0 resource from src\main\resources to target\classes
2025-12-12 11:24:35,029 [Worker-30: Building] INFO  o.a.m.s.f.DefaultMavenResourcesFiltering - skip non existing resourceDirectory C:\Users\ortiz\OneDrive\Documentos\proyecto\PROYECTO_ORTIZBLANCO_BRUNO\PROYECTO_ORTIZBLANCO_BRUNO\src\test\resources
2025-12-12 11:24:35,029 [Worker-30: Building] WARN  o.apache.maven.project.MavenProject - Direct modification of compileSourceRoots through clear() is deprecated and will not work in Maven 4.0.0. Please use the add/remove methods instead. If you're using a plugin that causes this warning, please upgrade to the latest version and report an issue if the warning persists. To disable these warnings, set -Dmaven.project.sourceRoots.warningsDisabled=true on the command line, in the .mvn/maven.config file, or in project POM properties.
2025-12-12 11:24:35,030 [Worker-30: Building] WARN  o.apache.maven.project.MavenProject - Direct modification of compileSourceRoots through add() is deprecated and will not work in Maven 4.0.0. Please use the add/remove methods instead. If you're using a plugin that causes this warning, please upgrade to the latest version and report an issue if the warning persists. To disable these warnings, set -Dmaven.project.sourceRoots.warningsDisabled=true on the command line, in the .mvn/maven.config file, or in project POM properties.
2025-12-12 11:24:35,030 [Worker-30: Building] WARN  o.apache.maven.project.MavenProject - Direct modification of testCompileSourceRoots through clear() is deprecated and will not work in Maven 4.0.0. Please use the add/remove methods instead. If you're using a plugin that causes this warning, please upgrade to the latest version and report an issue if the warning persists. To disable these warnings, set -Dmaven.project.sourceRoots.warningsDisabled=true on the command line, in the .mvn/maven.config file, or in project POM properties.
2025-12-12 11:24:35,031 [Worker-30: Building] WARN  o.apache.maven.project.MavenProject - Direct modification of testCompileSourceRoots through add() is deprecated and will not work in Maven 4.0.0. Please use the add/remove methods instead. If you're using a plugin that causes this warning, please upgrade to the latest version and report an issue if the warning persists. To disable these warnings, set -Dmaven.project.sourceRoots.warningsDisabled=true on the command line, in the .mvn/maven.config file, or in project POM properties.
2025-12-12 11:24:47,033 [Worker-30: Building] INFO  o.a.m.s.f.DefaultMavenResourcesFiltering - Copying 0 resource from src\main\resources to target\classes
2025-12-12 11:24:47,036 [Worker-30: Building] INFO  o.a.m.s.f.DefaultMavenResourcesFiltering - Copying 0 resource from src\main\resources to target\classes
2025-12-12 11:24:47,039 [Worker-30: Building] INFO  o.a.m.s.f.DefaultMavenResourcesFiltering - skip non existing resourceDirectory C:\Users\ortiz\OneDrive\Documentos\proyecto\PROYECTO_ORTIZBLANCO_BRUNO\PROYECTO_ORTIZBLANCO_BRUNO\src\test\resources
2025-12-12 11:24:47,040 [Worker-30: Building] WARN  o.apache.maven.project.MavenProject - Direct modification of compileSourceRoots through clear() is deprecated and will not work in Maven 4.0.0. Please use the add/remove methods instead. If you're using a plugin that causes this warning, please upgrade to the latest version and report an issue if the warning persists. To disable these warnings, set -Dmaven.project.sourceRoots.warningsDisabled=true on the command line, in the .mvn/maven.config file, or in project POM properties.
2025-12-12 11:24:47,041 [Worker-30: Building] WARN  o.apache.maven.project.MavenProject - Direct modification of compileSourceRoots through add() is deprecated and will not work in Maven 4.0.0. Please use the add/remove methods instead. If you're using a plugin that causes this warning, please upgrade to the latest version and report an issue if the warning persists. To disable these warnings, set -Dmaven.project.sourceRoots.warningsDisabled=true on the command line, in the .mvn/maven.config file, or in project POM properties.
2025-12-12 11:24:47,042 [Worker-30: Building] WARN  o.apache.maven.project.MavenProject - Direct modification of testCompileSourceRoots through clear() is deprecated and will not work in Maven 4.0.0. Please use the add/remove methods instead. If you're using a plugin that causes this warning, please upgrade to the latest version and report an issue if the warning persists. To disable these warnings, set -Dmaven.project.sourceRoots.warningsDisabled=true on the command line, in the .mvn/maven.config file, or in project POM properties.
2025-12-12 11:24:47,043 [Worker-30: Building] WARN  o.apache.maven.project.MavenProject - Direct modification of testCompileSourceRoots through add() is deprecated and will not work in Maven 4.0.0. Please use the add/remove methods instead. If you're using a plugin that causes this warning, please upgrade to the latest version and report an issue if the warning persists. To disable these warnings, set -Dmaven.project.sourceRoots.warningsDisabled=true on the command line, in the .mvn/maven.config file, or in project POM properties.
2025-12-12 11:24:57,312 [Worker-3: Building] INFO  o.a.m.s.f.DefaultMavenResourcesFiltering - Copying 0 resource from src\main\resources to target\classes
2025-12-12 11:24:57,314 [Worker-3: Building] INFO  o.a.m.s.f.DefaultMavenResourcesFiltering - Copying 0 resource from src\main\resources to target\classes
2025-12-12 11:24:57,318 [Worker-3: Building] INFO  o.a.m.s.f.DefaultMavenResourcesFiltering - skip non existing resourceDirectory C:\Users\ortiz\OneDrive\Documentos\proyecto\PROYECTO_ORTIZBLANCO_BRUNO\PROYECTO_ORTIZBLANCO_BRUNO\src\test\resources
2025-12-12 11:24:57,319 [Worker-3: Building] WARN  o.apache.maven.project.MavenProject - Direct modification of compileSourceRoots through clear() is deprecated and will not work in Maven 4.0.0. Please use the add/remove methods instead. If you're using a plugin that causes this warning, please upgrade to the latest version and report an issue if the warning persists. To disable these warnings, set -Dmaven.project.sourceRoots.warningsDisabled=true on the command line, in the .mvn/maven.config file, or in project POM properties.
2025-12-12 11:24:57,319 [Worker-3: Building] WARN  o.apache.maven.project.MavenProject - Direct modification of compileSourceRoots through add() is deprecated and will not work in Maven 4.0.0. Please use the add/remove methods instead. If you're using a plugin that causes this warning, please upgrade to the latest version and report an issue if the warning persists. To disable these warnings, set -Dmaven.project.sourceRoots.warningsDisabled=true on the command line, in the .mvn/maven.config file, or in project POM properties.
2025-12-12 11:24:57,320 [Worker-3: Building] WARN  o.apache.maven.project.MavenProject - Direct modification of testCompileSourceRoots through clear() is deprecated and will not work in Maven 4.0.0. Please use the add/remove methods instead. If you're using a plugin that causes this warning, please upgrade to the latest version and report an issue if the warning persists. To disable these warnings, set -Dmaven.project.sourceRoots.warningsDisabled=true on the command line, in the .mvn/maven.config file, or in project POM properties.
2025-12-12 11:24:57,320 [Worker-3: Building] WARN  o.apache.maven.project.MavenProject - Direct modification of testCompileSourceRoots through add() is deprecated and will not work in Maven 4.0.0. Please use the add/remove methods instead. If you're using a plugin that causes this warning, please upgrade to the latest version and report an issue if the warning persists. To disable these warnings, set -Dmaven.project.sourceRoots.warningsDisabled=true on the command line, in the .mvn/maven.config file, or in project POM properties.
2025-12-12 11:25:11,454 [Worker-30: Building] INFO  o.a.m.s.f.DefaultMavenResourcesFiltering - Copying 0 resource from src\main\resources to target\classes
2025-12-12 11:25:11,457 [Worker-30: Building] INFO  o.a.m.s.f.DefaultMavenResourcesFiltering - Copying 0 resource from src\main\resources to target\classes
2025-12-12 11:25:11,461 [Worker-30: Building] INFO  o.a.m.s.f.DefaultMavenResourcesFiltering - skip non existing resourceDirectory C:\Users\ortiz\OneDrive\Documentos\proyecto\PROYECTO_ORTIZBLANCO_BRUNO\PROYECTO_ORTIZBLANCO_BRUNO\src\test\resources
2025-12-12 11:25:11,461 [Worker-30: Building] WARN  o.apache.maven.project.MavenProject - Direct modification of compileSourceRoots through clear() is deprecated and will not work in Maven 4.0.0. Please use the add/remove methods instead. If you're using a plugin that causes this warning, please upgrade to the latest version and report an issue if the warning persists. To disable these warnings, set -Dmaven.project.sourceRoots.warningsDisabled=true on the command line, in the .mvn/maven.config file, or in project POM properties.
2025-12-12 11:25:11,462 [Worker-30: Building] WARN  o.apache.maven.project.MavenProject - Direct modification of compileSourceRoots through add() is deprecated and will not work in Maven 4.0.0. Please use the add/remove methods instead. If you're using a plugin that causes this warning, please upgrade to the latest version and report an issue if the warning persists. To disable these warnings, set -Dmaven.project.sourceRoots.warningsDisabled=true on the command line, in the .mvn/maven.config file, or in project POM properties.
2025-12-12 11:25:11,463 [Worker-30: Building] WARN  o.apache.maven.project.MavenProject - Direct modification of testCompileSourceRoots through clear() is deprecated and will not work in Maven 4.0.0. Please use the add/remove methods instead. If you're using a plugin that causes this warning, please upgrade to the latest version and report an issue if the warning persists. To disable these warnings, set -Dmaven.project.sourceRoots.warningsDisabled=true on the command line, in the .mvn/maven.config file, or in project POM properties.
2025-12-12 11:25:11,464 [Worker-30: Building] WARN  o.apache.maven.project.MavenProject - Direct modification of testCompileSourceRoots through add() is deprecated and will not work in Maven 4.0.0. Please use the add/remove methods instead. If you're using a plugin that causes this warning, please upgrade to the latest version and report an issue if the warning persists. To disable these warnings, set -Dmaven.project.sourceRoots.warningsDisabled=true on the command line, in the .mvn/maven.config file, or in project POM properties.
2025-12-12 11:25:21,552 [Worker-30: Building] INFO  o.a.m.s.f.DefaultMavenResourcesFiltering - Copying 0 resource from src\main\resources to target\classes
2025-12-12 11:25:21,554 [Worker-30: Building] INFO  o.a.m.s.f.DefaultMavenResourcesFiltering - Copying 0 resource from src\main\resources to target\classes
2025-12-12 11:25:21,557 [Worker-30: Building] INFO  o.a.m.s.f.DefaultMavenResourcesFiltering - skip non existing resourceDirectory C:\Users\ortiz\OneDrive\Documentos\proyecto\PROYECTO_ORTIZBLANCO_BRUNO\PROYECTO_ORTIZBLANCO_BRUNO\src\test\resources
2025-12-12 11:25:21,557 [Worker-30: Building] WARN  o.apache.maven.project.MavenProject - Direct modification of compileSourceRoots through clear() is deprecated and will not work in Maven 4.0.0. Please use the add/remove methods instead. If you're using a plugin that causes this warning, please upgrade to the latest version and report an issue if the warning persists. To disable these warnings, set -Dmaven.project.sourceRoots.warningsDisabled=true on the command line, in the .mvn/maven.config file, or in project POM properties.
2025-12-12 11:25:21,557 [Worker-30: Building] WARN  o.apache.maven.project.MavenProject - Direct modification of compileSourceRoots through add() is deprecated and will not work in Maven 4.0.0. Please use the add/remove methods instead. If you're using a plugin that causes this warning, please upgrade to the latest version and report an issue if the warning persists. To disable these warnings, set -Dmaven.project.sourceRoots.warningsDisabled=true on the command line, in the .mvn/maven.config file, or in project POM properties.
2025-12-12 11:25:21,559 [Worker-30: Building] WARN  o.apache.maven.project.MavenProject - Direct modification of testCompileSourceRoots through clear() is deprecated and will not work in Maven 4.0.0. Please use the add/remove methods instead. If you're using a plugin that causes this warning, please upgrade to the latest version and report an issue if the warning persists. To disable these warnings, set -Dmaven.project.sourceRoots.warningsDisabled=true on the command line, in the .mvn/maven.config file, or in project POM properties.
2025-12-12 11:25:21,559 [Worker-30: Building] WARN  o.apache.maven.project.MavenProject - Direct modification of testCompileSourceRoots through add() is deprecated and will not work in Maven 4.0.0. Please use the add/remove methods instead. If you're using a plugin that causes this warning, please upgrade to the latest version and report an issue if the warning persists. To disable these warnings, set -Dmaven.project.sourceRoots.warningsDisabled=true on the command line, in the .mvn/maven.config file, or in project POM properties.
2025-12-12 11:25:37,150 [Worker-14: Building] INFO  o.a.m.s.f.DefaultMavenResourcesFiltering - Copying 0 resource from src\main\resources to target\classes
2025-12-12 11:25:37,152 [Worker-14: Building] INFO  o.a.m.s.f.DefaultMavenResourcesFiltering - Copying 0 resource from src\main\resources to target\classes
2025-12-12 11:25:37,154 [Worker-14: Building] INFO  o.a.m.s.f.DefaultMavenResourcesFiltering - skip non existing resourceDirectory C:\Users\ortiz\OneDrive\Documentos\proyecto\PROYECTO_ORTIZBLANCO_BRUNO\PROYECTO_ORTIZBLANCO_BRUNO\src\test\resources
2025-12-12 11:25:37,155 [Worker-14: Building] WARN  o.apache.maven.project.MavenProject - Direct modification of compileSourceRoots through clear() is deprecated and will not work in Maven 4.0.0. Please use the add/remove methods instead. If you're using a plugin that causes this warning, please upgrade to the latest version and report an issue if the warning persists. To disable these warnings, set -Dmaven.project.sourceRoots.warningsDisabled=true on the command line, in the .mvn/maven.config file, or in project POM properties.
2025-12-12 11:25:37,156 [Worker-14: Building] WARN  o.apache.maven.project.MavenProject - Direct modification of compileSourceRoots through add() is deprecated and will not work in Maven 4.0.0. Please use the add/remove methods instead. If you're using a plugin that causes this warning, please upgrade to the latest version and report an issue if the warning persists. To disable these warnings, set -Dmaven.project.sourceRoots.warningsDisabled=true on the command line, in the .mvn/maven.config file, or in project POM properties.
2025-12-12 11:25:37,156 [Worker-14: Building] WARN  o.apache.maven.project.MavenProject - Direct modification of testCompileSourceRoots through clear() is deprecated and will not work in Maven 4.0.0. Please use the add/remove methods instead. If you're using a plugin that causes this warning, please upgrade to the latest version and report an issue if the warning persists. To disable these warnings, set -Dmaven.project.sourceRoots.warningsDisabled=true on the command line, in the .mvn/maven.config file, or in project POM properties.
2025-12-12 11:25:37,156 [Worker-14: Building] WARN  o.apache.maven.project.MavenProject - Direct modification of testCompileSourceRoots through add() is deprecated and will not work in Maven 4.0.0. Please use the add/remove methods instead. If you're using a plugin that causes this warning, please upgrade to the latest version and report an issue if the warning persists. To disable these warnings, set -Dmaven.project.sourceRoots.warningsDisabled=true on the command line, in the .mvn/maven.config file, or in project POM properties.
2025-12-12 11:26:05,969 [Worker-14: Building] INFO  o.a.m.s.f.DefaultMavenResourcesFiltering - Copying 0 resource from src\main\resources to target\classes
2025-12-12 11:26:05,971 [Worker-14: Building] INFO  o.a.m.s.f.DefaultMavenResourcesFiltering - Copying 0 resource from src\main\resources to target\classes
2025-12-12 11:26:05,973 [Worker-14: Building] INFO  o.a.m.s.f.DefaultMavenResourcesFiltering - skip non existing resourceDirectory C:\Users\ortiz\OneDrive\Documentos\proyecto\PROYECTO_ORTIZBLANCO_BRUNO\PROYECTO_ORTIZBLANCO_BRUNO\src\test\resources
2025-12-12 11:26:05,974 [Worker-14: Building] WARN  o.apache.maven.project.MavenProject - Direct modification of compileSourceRoots through clear() is deprecated and will not work in Maven 4.0.0. Please use the add/remove methods instead. If you're using a plugin that causes this warning, please upgrade to the latest version and report an issue if the warning persists. To disable these warnings, set -Dmaven.project.sourceRoots.warningsDisabled=true on the command line, in the .mvn/maven.config file, or in project POM properties.
2025-12-12 11:26:05,974 [Worker-14: Building] WARN  o.apache.maven.project.MavenProject - Direct modification of compileSourceRoots through add() is deprecated and will not work in Maven 4.0.0. Please use the add/remove methods instead. If you're using a plugin that causes this warning, please upgrade to the latest version and report an issue if the warning persists. To disable these warnings, set -Dmaven.project.sourceRoots.warningsDisabled=true on the command line, in the .mvn/maven.config file, or in project POM properties.
2025-12-12 11:26:05,976 [Worker-14: Building] WARN  o.apache.maven.project.MavenProject - Direct modification of testCompileSourceRoots through clear() is deprecated and will not work in Maven 4.0.0. Please use the add/remove methods instead. If you're using a plugin that causes this warning, please upgrade to the latest version and report an issue if the warning persists. To disable these warnings, set -Dmaven.project.sourceRoots.warningsDisabled=true on the command line, in the .mvn/maven.config file, or in project POM properties.
2025-12-12 11:26:05,976 [Worker-14: Building] WARN  o.apache.maven.project.MavenProject - Direct modification of testCompileSourceRoots through add() is deprecated and will not work in Maven 4.0.0. Please use the add/remove methods instead. If you're using a plugin that causes this warning, please upgrade to the latest version and report an issue if the warning persists. To disable these warnings, set -Dmaven.project.sourceRoots.warningsDisabled=true on the command line, in the .mvn/maven.config file, or in project POM properties.
2025-12-12 11:26:17,572 [Worker-27: Launching PROYECTO_ORTIZBLANCO_BRUNO] INFO  o.eclipse.m2e.core.internal.Bundles - getClasspathEntries(Bundle=org.eclipse.m2e.maven.runtime_3.9.1100.20250811-2018 [641])
2025-12-12 11:26:17,573 [Worker-27: Launching PROYECTO_ORTIZBLANCO_BRUNO] INFO  o.eclipse.m2e.core.internal.Bundles - 	Entry: C:\Users\ortiz\.p2\pool\plugins\org.eclipse.m2e.maven.runtime_3.9.1100.20250811-2018
2025-12-12 11:26:17,573 [Worker-27: Launching PROYECTO_ORTIZBLANCO_BRUNO] INFO  o.eclipse.m2e.core.internal.Bundles - 	Entry: C:\Users\ortiz\.p2\pool\plugins\org.eclipse.m2e.maven.runtime_3.9.1100.20250811-2018\jars\aopalliance-1.0.jar
2025-12-12 11:26:17,573 [Worker-27: Launching PROYECTO_ORTIZBLANCO_BRUNO] INFO  o.eclipse.m2e.core.internal.Bundles - 	Entry: C:\Users\ortiz\.p2\pool\plugins\org.eclipse.m2e.maven.runtime_3.9.1100.20250811-2018\jars\asm-9.8.jar
2025-12-12 11:26:17,573 [Worker-27: Launching PROYECTO_ORTIZBLANCO_BRUNO] INFO  o.eclipse.m2e.core.internal.Bundles - 	Entry: C:\Users\ortiz\.p2\pool\plugins\org.eclipse.m2e.maven.runtime_3.9.1100.20250811-2018\jars\error_prone_annotations-2.38.0.jar
2025-12-12 11:26:17,573 [Worker-27: Launching PROYECTO_ORTIZBLANCO_BRUNO] INFO  o.eclipse.m2e.core.internal.Bundles - 	Entry: C:\Users\ortiz\.p2\pool\plugins\org.eclipse.m2e.maven.runtime_3.9.1100.20250811-2018\jars\gson-2.13.1.jar
2025-12-12 11:26:17,573 [Worker-27: Launching PROYECTO_ORTIZBLANCO_BRUNO] INFO  o.eclipse.m2e.core.internal.Bundles - 	Entry: C:\Users\ortiz\.p2\pool\plugins\org.eclipse.m2e.maven.runtime_3.9.1100.20250811-2018\jars\guice-5.1.0-classes.jar
2025-12-12 11:26:17,574 [Worker-27: Launching PROYECTO_ORTIZBLANCO_BRUNO] INFO  o.eclipse.m2e.core.internal.Bundles - 	Entry: C:\Users\ortiz\.p2\pool\plugins\org.eclipse.m2e.maven.runtime_3.9.1100.20250811-2018\jars\httpclient-4.5.14.jar
2025-12-12 11:26:17,574 [Worker-27: Launching PROYECTO_ORTIZBLANCO_BRUNO] INFO  o.eclipse.m2e.core.internal.Bundles - 	Entry: C:\Users\ortiz\.p2\pool\plugins\org.eclipse.m2e.maven.runtime_3.9.1100.20250811-2018\jars\httpcore-4.4.16.jar
2025-12-12 11:26:17,574 [Worker-27: Launching PROYECTO_ORTIZBLANCO_BRUNO] INFO  o.eclipse.m2e.core.internal.Bundles - 	Entry: C:\Users\ortiz\.p2\pool\plugins\org.eclipse.m2e.maven.runtime_3.9.1100.20250811-2018\jars\jansi-2.4.2.jar
2025-12-12 11:26:17,574 [Worker-27: Launching PROYECTO_ORTIZBLANCO_BRUNO] INFO  o.eclipse.m2e.core.internal.Bundles - 	Entry: C:\Users\ortiz\.p2\pool\plugins\org.eclipse.m2e.maven.runtime_3.9.1100.20250811-2018\jars\jcl-over-slf4j-1.7.36.jar
2025-12-12 11:26:17,574 [Worker-27: Launching PROYECTO_ORTIZBLANCO_BRUNO] INFO  o.eclipse.m2e.core.internal.Bundles - 	Entry: C:\Users\ortiz\.p2\pool\plugins\org.eclipse.m2e.maven.runtime_3.9.1100.20250811-2018\jars\maven-artifact-3.9.11.jar
2025-12-12 11:26:17,574 [Worker-27: Launching PROYECTO_ORTIZBLANCO_BRUNO] INFO  o.eclipse.m2e.core.internal.Bundles - 	Entry: C:\Users\ortiz\.p2\pool\plugins\org.eclipse.m2e.maven.runtime_3.9.1100.20250811-2018\jars\maven-builder-support-3.9.11.jar
2025-12-12 11:26:17,574 [Worker-27: Launching PROYECTO_ORTIZBLANCO_BRUNO] INFO  o.eclipse.m2e.core.internal.Bundles - 	Entry: C:\Users\ortiz\.p2\pool\plugins\org.eclipse.m2e.maven.runtime_3.9.1100.20250811-2018\jars\maven-compat-3.9.11.jar
2025-12-12 11:26:17,574 [Worker-27: Launching PROYECTO_ORTIZBLANCO_BRUNO] INFO  o.eclipse.m2e.core.internal.Bundles - 	Entry: C:\Users\ortiz\.p2\pool\plugins\org.eclipse.m2e.maven.runtime_3.9.1100.20250811-2018\jars\maven-core-3.9.11.jar
2025-12-12 11:26:17,574 [Worker-27: Launching PROYECTO_ORTIZBLANCO_BRUNO] INFO  o.eclipse.m2e.core.internal.Bundles - 	Entry: C:\Users\ortiz\.p2\pool\plugins\org.eclipse.m2e.maven.runtime_3.9.1100.20250811-2018\jars\maven-embedder-3.9.11.jar
2025-12-12 11:26:17,574 [Worker-27: Launching PROYECTO_ORTIZBLANCO_BRUNO] INFO  o.eclipse.m2e.core.internal.Bundles - 	Entry: C:\Users\ortiz\.p2\pool\plugins\org.eclipse.m2e.maven.runtime_3.9.1100.20250811-2018\jars\maven-model-3.9.11.jar
2025-12-12 11:26:17,576 [Worker-27: Launching PROYECTO_ORTIZBLANCO_BRUNO] INFO  o.eclipse.m2e.core.internal.Bundles - 	Entry: C:\Users\ortiz\.p2\pool\plugins\org.eclipse.m2e.maven.runtime_3.9.1100.20250811-2018\jars\maven-model-builder-3.9.11.jar
2025-12-12 11:26:17,576 [Worker-27: Launching PROYECTO_ORTIZBLANCO_BRUNO] INFO  o.eclipse.m2e.core.internal.Bundles - 	Entry: C:\Users\ortiz\.p2\pool\plugins\org.eclipse.m2e.maven.runtime_3.9.1100.20250811-2018\jars\maven-plugin-api-3.9.11.jar
2025-12-12 11:26:17,576 [Worker-27: Launching PROYECTO_ORTIZBLANCO_BRUNO] INFO  o.eclipse.m2e.core.internal.Bundles - 	Entry: C:\Users\ortiz\.p2\pool\plugins\org.eclipse.m2e.maven.runtime_3.9.1100.20250811-2018\jars\maven-repository-metadata-3.9.11.jar
2025-12-12 11:26:17,576 [Worker-27: Launching PROYECTO_ORTIZBLANCO_BRUNO] INFO  o.eclipse.m2e.core.internal.Bundles - 	Entry: C:\Users\ortiz\.p2\pool\plugins\org.eclipse.m2e.maven.runtime_3.9.1100.20250811-2018\jars\maven-resolver-api-1.9.24.jar
2025-12-12 11:26:17,576 [Worker-27: Launching PROYECTO_ORTIZBLANCO_BRUNO] INFO  o.eclipse.m2e.core.internal.Bundles - 	Entry: C:\Users\ortiz\.p2\pool\plugins\org.eclipse.m2e.maven.runtime_3.9.1100.20250811-2018\jars\maven-resolver-connector-basic-1.9.24.jar
2025-12-12 11:26:17,576 [Worker-27: Launching PROYECTO_ORTIZBLANCO_BRUNO] INFO  o.eclipse.m2e.core.internal.Bundles - 	Entry: C:\Users\ortiz\.p2\pool\plugins\org.eclipse.m2e.maven.runtime_3.9.1100.20250811-2018\jars\maven-resolver-impl-1.9.24.jar
2025-12-12 11:26:17,576 [Worker-27: Launching PROYECTO_ORTIZBLANCO_BRUNO] INFO  o.eclipse.m2e.core.internal.Bundles - 	Entry: C:\Users\ortiz\.p2\pool\plugins\org.eclipse.m2e.maven.runtime_3.9.1100.20250811-2018\jars\maven-resolver-named-locks-1.9.24.jar
2025-12-12 11:26:17,577 [Worker-27: Launching PROYECTO_ORTIZBLANCO_BRUNO] INFO  o.eclipse.m2e.core.internal.Bundles - 	Entry: C:\Users\ortiz\.p2\pool\plugins\org.eclipse.m2e.maven.runtime_3.9.1100.20250811-2018\jars\maven-resolver-provider-3.9.11.jar
2025-12-12 11:26:17,577 [Worker-27: Launching PROYECTO_ORTIZBLANCO_BRUNO] INFO  o.eclipse.m2e.core.internal.Bundles - 	Entry: C:\Users\ortiz\.p2\pool\plugins\org.eclipse.m2e.maven.runtime_3.9.1100.20250811-2018\jars\maven-resolver-spi-1.9.24.jar
2025-12-12 11:26:17,577 [Worker-27: Launching PROYECTO_ORTIZBLANCO_BRUNO] INFO  o.eclipse.m2e.core.internal.Bundles - 	Entry: C:\Users\ortiz\.p2\pool\plugins\org.eclipse.m2e.maven.runtime_3.9.1100.20250811-2018\jars\maven-resolver-transport-file-1.9.24.jar
2025-12-12 11:26:17,577 [Worker-27: Launching PROYECTO_ORTIZBLANCO_BRUNO] INFO  o.eclipse.m2e.core.internal.Bundles - 	Entry: C:\Users\ortiz\.p2\pool\plugins\org.eclipse.m2e.maven.runtime_3.9.1100.20250811-2018\jars\maven-resolver-transport-http-1.9.24.jar
2025-12-12 11:26:17,578 [Worker-27: Launching PROYECTO_ORTIZBLANCO_BRUNO] INFO  o.eclipse.m2e.core.internal.Bundles - 	Entry: C:\Users\ortiz\.p2\pool\plugins\org.eclipse.m2e.maven.runtime_3.9.1100.20250811-2018\jars\maven-resolver-transport-wagon-1.9.24.jar
2025-12-12 11:26:17,578 [Worker-27: Launching PROYECTO_ORTIZBLANCO_BRUNO] INFO  o.eclipse.m2e.core.internal.Bundles - 	Entry: C:\Users\ortiz\.p2\pool\plugins\org.eclipse.m2e.maven.runtime_3.9.1100.20250811-2018\jars\maven-resolver-util-1.9.24.jar
2025-12-12 11:26:17,578 [Worker-27: Launching PROYECTO_ORTIZBLANCO_BRUNO] INFO  o.eclipse.m2e.core.internal.Bundles - 	Entry: C:\Users\ortiz\.p2\pool\plugins\org.eclipse.m2e.maven.runtime_3.9.1100.20250811-2018\jars\maven-settings-3.9.11.jar
2025-12-12 11:26:17,578 [Worker-27: Launching PROYECTO_ORTIZBLANCO_BRUNO] INFO  o.eclipse.m2e.core.internal.Bundles - 	Entry: C:\Users\ortiz\.p2\pool\plugins\org.eclipse.m2e.maven.runtime_3.9.1100.20250811-2018\jars\maven-settings-builder-3.9.11.jar
2025-12-12 11:26:17,578 [Worker-27: Launching PROYECTO_ORTIZBLANCO_BRUNO] INFO  o.eclipse.m2e.core.internal.Bundles - 	Entry: C:\Users\ortiz\.p2\pool\plugins\org.eclipse.m2e.maven.runtime_3.9.1100.20250811-2018\jars\maven-shared-utils-3.4.2.jar
2025-12-12 11:26:17,578 [Worker-27: Launching PROYECTO_ORTIZBLANCO_BRUNO] INFO  o.eclipse.m2e.core.internal.Bundles - 	Entry: C:\Users\ortiz\.p2\pool\plugins\org.eclipse.m2e.maven.runtime_3.9.1100.20250811-2018\jars\org.eclipse.sisu.inject-0.9.0.M4.jar
2025-12-12 11:26:17,579 [Worker-27: Launching PROYECTO_ORTIZBLANCO_BRUNO] INFO  o.eclipse.m2e.core.internal.Bundles - 	Entry: C:\Users\ortiz\.p2\pool\plugins\org.eclipse.m2e.maven.runtime_3.9.1100.20250811-2018\jars\org.eclipse.sisu.plexus-0.9.0.M4.jar
2025-12-12 11:26:17,579 [Worker-27: Launching PROYECTO_ORTIZBLANCO_BRUNO] INFO  o.eclipse.m2e.core.internal.Bundles - 	Entry: C:\Users\ortiz\.p2\pool\plugins\org.eclipse.m2e.maven.runtime_3.9.1100.20250811-2018\jars\plexus-build-api-0.0.7.jar
2025-12-12 11:26:17,579 [Worker-27: Launching PROYECTO_ORTIZBLANCO_BRUNO] INFO  o.eclipse.m2e.core.internal.Bundles - 	Entry: C:\Users\ortiz\.p2\pool\plugins\org.eclipse.m2e.maven.runtime_3.9.1100.20250811-2018\jars\plexus-build-api-1.2.0.jar
2025-12-12 11:26:17,579 [Worker-27: Launching PROYECTO_ORTIZBLANCO_BRUNO] INFO  o.eclipse.m2e.core.internal.Bundles - 	Entry: C:\Users\ortiz\.p2\pool\plugins\org.eclipse.m2e.maven.runtime_3.9.1100.20250811-2018\jars\plexus-cipher-2.0.jar
2025-12-12 11:26:17,579 [Worker-27: Launching PROYECTO_ORTIZBLANCO_BRUNO] INFO  o.eclipse.m2e.core.internal.Bundles - 	Entry: C:\Users\ortiz\.p2\pool\plugins\org.eclipse.m2e.maven.runtime_3.9.1100.20250811-2018\jars\plexus-classworlds-2.9.0.jar
2025-12-12 11:26:17,579 [Worker-27: Launching PROYECTO_ORTIZBLANCO_BRUNO] INFO  o.eclipse.m2e.core.internal.Bundles - 	Entry: C:\Users\ortiz\.p2\pool\plugins\org.eclipse.m2e.maven.runtime_3.9.1100.20250811-2018\jars\plexus-component-annotations-2.2.0.jar
2025-12-12 11:26:17,580 [Worker-27: Launching PROYECTO_ORTIZBLANCO_BRUNO] INFO  o.eclipse.m2e.core.internal.Bundles - 	Entry: C:\Users\ortiz\.p2\pool\plugins\org.eclipse.m2e.maven.runtime_3.9.1100.20250811-2018\jars\plexus-interpolation-1.28.jar
2025-12-12 11:26:17,580 [Worker-27: Launching PROYECTO_ORTIZBLANCO_BRUNO] INFO  o.eclipse.m2e.core.internal.Bundles - 	Entry: C:\Users\ortiz\.p2\pool\plugins\org.eclipse.m2e.maven.runtime_3.9.1100.20250811-2018\jars\plexus-sec-dispatcher-2.0.jar
2025-12-12 11:26:17,580 [Worker-27: Launching PROYECTO_ORTIZBLANCO_BRUNO] INFO  o.eclipse.m2e.core.internal.Bundles - 	Entry: C:\Users\ortiz\.p2\pool\plugins\org.eclipse.m2e.maven.runtime_3.9.1100.20250811-2018\jars\plexus-utils-3.6.0.jar
2025-12-12 11:26:17,580 [Worker-27: Launching PROYECTO_ORTIZBLANCO_BRUNO] INFO  o.eclipse.m2e.core.internal.Bundles - 	Entry: C:\Users\ortiz\.p2\pool\plugins\org.eclipse.m2e.maven.runtime_3.9.1100.20250811-2018\jars\wagon-file-3.5.3.jar
2025-12-12 11:26:17,580 [Worker-27: Launching PROYECTO_ORTIZBLANCO_BRUNO] INFO  o.eclipse.m2e.core.internal.Bundles - 	Entry: C:\Users\ortiz\.p2\pool\plugins\org.eclipse.m2e.maven.runtime_3.9.1100.20250811-2018\jars\wagon-http-3.5.3.jar
2025-12-12 11:26:17,581 [Worker-27: Launching PROYECTO_ORTIZBLANCO_BRUNO] INFO  o.eclipse.m2e.core.internal.Bundles - 	Entry: C:\Users\ortiz\.p2\pool\plugins\org.eclipse.m2e.maven.runtime_3.9.1100.20250811-2018\jars\wagon-http-shared-3.5.3.jar
2025-12-12 11:26:17,581 [Worker-27: Launching PROYECTO_ORTIZBLANCO_BRUNO] INFO  o.eclipse.m2e.core.internal.Bundles - 	Entry: C:\Users\ortiz\.p2\pool\plugins\org.eclipse.m2e.maven.runtime_3.9.1100.20250811-2018\jars\wagon-provider-api-3.5.3.jar
2025-12-12 11:26:17,581 [Worker-27: Launching PROYECTO_ORTIZBLANCO_BRUNO] INFO  o.eclipse.m2e.core.internal.Bundles - getClasspathEntries(Bundle=com.google.guava_33.5.0.jre [1329])
2025-12-12 11:26:17,582 [Worker-27: Launching PROYECTO_ORTIZBLANCO_BRUNO] INFO  o.eclipse.m2e.core.internal.Bundles - 	Entry: C:\Users\ortiz\.p2\pool\plugins\com.google.guava_33.5.0.jre.jar
2025-12-12 11:26:17,582 [Worker-27: Launching PROYECTO_ORTIZBLANCO_BRUNO] INFO  o.eclipse.m2e.core.internal.Bundles - getClasspathEntries(Bundle=slf4j.api_2.0.17 [1006])
2025-12-12 11:26:17,583 [Worker-27: Launching PROYECTO_ORTIZBLANCO_BRUNO] INFO  o.eclipse.m2e.core.internal.Bundles - 	Entry: C:\Users\ortiz\.p2\pool\plugins\slf4j.api_2.0.17.jar
2025-12-12 11:26:17,583 [Worker-27: Launching PROYECTO_ORTIZBLANCO_BRUNO] INFO  o.eclipse.m2e.core.internal.Bundles - getClasspathEntries(Bundle=jakarta.inject.jakarta.inject-api_1.0.5 [35])
2025-12-12 11:26:17,584 [Worker-27: Launching PROYECTO_ORTIZBLANCO_BRUNO] INFO  o.eclipse.m2e.core.internal.Bundles - 	Entry: C:\Users\ortiz\.p2\pool\plugins\jakarta.inject.jakarta.inject-api_1.0.5.jar
2025-12-12 11:26:17,584 [Worker-27: Launching PROYECTO_ORTIZBLANCO_BRUNO] INFO  o.eclipse.m2e.core.internal.Bundles - getClasspathEntries(Bundle=jakarta.annotation-api_1.3.5 [31])
2025-12-12 11:26:17,584 [Worker-27: Launching PROYECTO_ORTIZBLANCO_BRUNO] INFO  o.eclipse.m2e.core.internal.Bundles - 	Entry: C:\Users\ortiz\.p2\pool\plugins\jakarta.annotation-api_1.3.5.jar
2025-12-12 11:26:17,584 [Worker-27: Launching PROYECTO_ORTIZBLANCO_BRUNO] INFO  o.eclipse.m2e.core.internal.Bundles - getClasspathEntries(Bundle=org.apache.commons.cli_1.10.0 [75])
2025-12-12 11:26:17,585 [Worker-27: Launching PROYECTO_ORTIZBLANCO_BRUNO] INFO  o.eclipse.m2e.core.internal.Bundles - 	Entry: C:\Users\ortiz\.p2\pool\plugins\org.apache.commons.cli_1.10.0.jar
2025-12-12 11:26:17,585 [Worker-27: Launching PROYECTO_ORTIZBLANCO_BRUNO] INFO  o.eclipse.m2e.core.internal.Bundles - getClasspathEntries(Bundle=org.apache.commons.commons-codec_1.20.0 [1265])
2025-12-12 11:26:17,585 [Worker-27: Launching PROYECTO_ORTIZBLANCO_BRUNO] INFO  o.eclipse.m2e.core.internal.Bundles - 	Entry: C:\Users\ortiz\.p2\pool\plugins\org.apache.commons.commons-codec_1.20.0.jar
2025-12-12 11:26:17,585 [Worker-27: Launching PROYECTO_ORTIZBLANCO_BRUNO] INFO  o.eclipse.m2e.core.internal.Bundles - getClasspathEntries(Bundle=com.google.guava.failureaccess_1.0.3 [19])
2025-12-12 11:26:17,586 [Worker-27: Launching PROYECTO_ORTIZBLANCO_BRUNO] INFO  o.eclipse.m2e.core.internal.Bundles - 	Entry: C:\Users\ortiz\.p2\pool\plugins\com.google.guava.failureaccess_1.0.3.jar
2025-12-12 11:26:17,587 [Worker-27: Launching PROYECTO_ORTIZBLANCO_BRUNO] INFO  o.e.m.i.launch.MavenLaunchDelegate - Run build in "C:\Users\ortiz\OneDrive\Documentos\proyecto\PROYECTO_ORTIZBLANCO_BRUNO\PROYECTO_ORTIZBLANCO_BRUNO":
2025-12-12 11:26:17,588 [Worker-27: Launching PROYECTO_ORTIZBLANCO_BRUNO] INFO  o.e.m.i.launch.MavenLaunchDelegate -  mvn  -B -Dstyle.color=always javafx:run
2025-12-12 11:26:49,712 [Worker-29: Building] INFO  o.a.m.s.f.DefaultMavenResourcesFiltering - Copying 0 resource from src\main\resources to target\classes
2025-12-12 11:26:49,713 [Worker-29: Building] INFO  o.a.m.s.f.DefaultMavenResourcesFiltering - Copying 0 resource from src\main\resources to target\classes
2025-12-12 11:26:49,716 [Worker-29: Building] INFO  o.a.m.s.f.DefaultMavenResourcesFiltering - skip non existing resourceDirectory C:\Users\ortiz\OneDrive\Documentos\proyecto\PROYECTO_ORTIZBLANCO_BRUNO\PROYECTO_ORTIZBLANCO_BRUNO\src\test\resources
2025-12-12 11:26:49,716 [Worker-29: Building] WARN  o.apache.maven.project.MavenProject - Direct modification of compileSourceRoots through clear() is deprecated and will not work in Maven 4.0.0. Please use the add/remove methods instead. If you're using a plugin that causes this warning, please upgrade to the latest version and report an issue if the warning persists. To disable these warnings, set -Dmaven.project.sourceRoots.warningsDisabled=true on the command line, in the .mvn/maven.config file, or in project POM properties.
2025-12-12 11:26:49,717 [Worker-29: Building] WARN  o.apache.maven.project.MavenProject - Direct modification of compileSourceRoots through add() is deprecated and will not work in Maven 4.0.0. Please use the add/remove methods instead. If you're using a plugin that causes this warning, please upgrade to the latest version and report an issue if the warning persists. To disable these warnings, set -Dmaven.project.sourceRoots.warningsDisabled=true on the command line, in the .mvn/maven.config file, or in project POM properties.
2025-12-12 11:26:49,717 [Worker-29: Building] WARN  o.apache.maven.project.MavenProject - Direct modification of testCompileSourceRoots through clear() is deprecated and will not work in Maven 4.0.0. Please use the add/remove methods instead. If you're using a plugin that causes this warning, please upgrade to the latest version and report an issue if the warning persists. To disable these warnings, set -Dmaven.project.sourceRoots.warningsDisabled=true on the command line, in the .mvn/maven.config file, or in project POM properties.
2025-12-12 11:26:49,717 [Worker-29: Building] WARN  o.apache.maven.project.MavenProject - Direct modification of testCompileSourceRoots through add() is deprecated and will not work in Maven 4.0.0. Please use the add/remove methods instead. If you're using a plugin that causes this warning, please upgrade to the latest version and report an issue if the warning persists. To disable these warnings, set -Dmaven.project.sourceRoots.warningsDisabled=true on the command line, in the .mvn/maven.config file, or in project POM properties.
2025-12-12 11:26:50,757 [Worker-14: Building] INFO  o.a.m.s.f.DefaultMavenResourcesFiltering - Copying 0 resource from src\main\resources to target\classes
2025-12-12 11:26:50,759 [Worker-14: Building] INFO  o.a.m.s.f.DefaultMavenResourcesFiltering - Copying 0 resource from src\main\resources to target\classes
2025-12-12 11:26:50,762 [Worker-14: Building] INFO  o.a.m.s.f.DefaultMavenResourcesFiltering - skip non existing resourceDirectory C:\Users\ortiz\OneDrive\Documentos\proyecto\PROYECTO_ORTIZBLANCO_BRUNO\PROYECTO_ORTIZBLANCO_BRUNO\src\test\resources
2025-12-12 11:26:50,762 [Worker-14: Building] WARN  o.apache.maven.project.MavenProject - Direct modification of compileSourceRoots through clear() is deprecated and will not work in Maven 4.0.0. Please use the add/remove methods instead. If you're using a plugin that causes this warning, please upgrade to the latest version and report an issue if the warning persists. To disable these warnings, set -Dmaven.project.sourceRoots.warningsDisabled=true on the command line, in the .mvn/maven.config file, or in project POM properties.
2025-12-12 11:26:50,763 [Worker-14: Building] WARN  o.apache.maven.project.MavenProject - Direct modification of compileSourceRoots through add() is deprecated and will not work in Maven 4.0.0. Please use the add/remove methods instead. If you're using a plugin that causes this warning, please upgrade to the latest version and report an issue if the warning persists. To disable these warnings, set -Dmaven.project.sourceRoots.warningsDisabled=true on the command line, in the .mvn/maven.config file, or in project POM properties.
2025-12-12 11:26:50,763 [Worker-14: Building] WARN  o.apache.maven.project.MavenProject - Direct modification of testCompileSourceRoots through clear() is deprecated and will not work in Maven 4.0.0. Please use the add/remove methods instead. If you're using a plugin that causes this warning, please upgrade to the latest version and report an issue if the warning persists. To disable these warnings, set -Dmaven.project.sourceRoots.warningsDisabled=true on the command line, in the .mvn/maven.config file, or in project POM properties.
2025-12-12 11:26:50,763 [Worker-14: Building] WARN  o.apache.maven.project.MavenProject - Direct modification of testCompileSourceRoots through add() is deprecated and will not work in Maven 4.0.0. Please use the add/remove methods instead. If you're using a plugin that causes this warning, please upgrade to the latest version and report an issue if the warning persists. To disable these warnings, set -Dmaven.project.sourceRoots.warningsDisabled=true on the command line, in the .mvn/maven.config file, or in project POM properties.
2025-12-12 11:27:08,332 [Worker-14: Building] INFO  o.a.m.s.f.DefaultMavenResourcesFiltering - Copying 0 resource from src\main\resources to target\classes
2025-12-12 11:27:08,334 [Worker-14: Building] INFO  o.a.m.s.f.DefaultMavenResourcesFiltering - Copying 0 resource from src\main\resources to target\classes
2025-12-12 11:27:08,337 [Worker-14: Building] INFO  o.a.m.s.f.DefaultMavenResourcesFiltering - skip non existing resourceDirectory C:\Users\ortiz\OneDrive\Documentos\proyecto\PROYECTO_ORTIZBLANCO_BRUNO\PROYECTO_ORTIZBLANCO_BRUNO\src\test\resources
2025-12-12 11:27:08,338 [Worker-14: Building] WARN  o.apache.maven.project.MavenProject - Direct modification of compileSourceRoots through clear() is deprecated and will not work in Maven 4.0.0. Please use the add/remove methods instead. If you're using a plugin that causes this warning, please upgrade to the latest version and report an issue if the warning persists. To disable these warnings, set -Dmaven.project.sourceRoots.warningsDisabled=true on the command line, in the .mvn/maven.config file, or in project POM properties.
2025-12-12 11:27:08,338 [Worker-14: Building] WARN  o.apache.maven.project.MavenProject - Direct modification of compileSourceRoots through add() is deprecated and will not work in Maven 4.0.0. Please use the add/remove methods instead. If you're using a plugin that causes this warning, please upgrade to the latest version and report an issue if the warning persists. To disable these warnings, set -Dmaven.project.sourceRoots.warningsDisabled=true on the command line, in the .mvn/maven.config file, or in project POM properties.
2025-12-12 11:27:08,339 [Worker-14: Building] WARN  o.apache.maven.project.MavenProject - Direct modification of testCompileSourceRoots through clear() is deprecated and will not work in Maven 4.0.0. Please use the add/remove methods instead. If you're using a plugin that causes this warning, please upgrade to the latest version and report an issue if the warning persists. To disable these warnings, set -Dmaven.project.sourceRoots.warningsDisabled=true on the command line, in the .mvn/maven.config file, or in project POM properties.
2025-12-12 11:27:08,339 [Worker-14: Building] WARN  o.apache.maven.project.MavenProject - Direct modification of testCompileSourceRoots through add() is deprecated and will not work in Maven 4.0.0. Please use the add/remove methods instead. If you're using a plugin that causes this warning, please upgrade to the latest version and report an issue if the warning persists. To disable these warnings, set -Dmaven.project.sourceRoots.warningsDisabled=true on the command line, in the .mvn/maven.config file, or in project POM properties.
2025-12-12 11:27:25,091 [Worker-4: Building] INFO  o.a.m.s.f.DefaultMavenResourcesFiltering - Copying 0 resource from src\main\resources to target\classes
2025-12-12 11:27:25,093 [Worker-4: Building] INFO  o.a.m.s.f.DefaultMavenResourcesFiltering - Copying 0 resource from src\main\resources to target\classes
2025-12-12 11:27:25,096 [Worker-4: Building] INFO  o.a.m.s.f.DefaultMavenResourcesFiltering - skip non existing resourceDirectory C:\Users\ortiz\OneDrive\Documentos\proyecto\PROYECTO_ORTIZBLANCO_BRUNO\PROYECTO_ORTIZBLANCO_BRUNO\src\test\resources
2025-12-12 11:27:25,096 [Worker-4: Building] WARN  o.apache.maven.project.MavenProject - Direct modification of compileSourceRoots through clear() is deprecated and will not work in Maven 4.0.0. Please use the add/remove methods instead. If you're using a plugin that causes this warning, please upgrade to the latest version and report an issue if the warning persists. To disable these warnings, set -Dmaven.project.sourceRoots.warningsDisabled=true on the command line, in the .mvn/maven.config file, or in project POM properties.
2025-12-12 11:27:25,096 [Worker-4: Building] WARN  o.apache.maven.project.MavenProject - Direct modification of compileSourceRoots through add() is deprecated and will not work in Maven 4.0.0. Please use the add/remove methods instead. If you're using a plugin that causes this warning, please upgrade to the latest version and report an issue if the warning persists. To disable these warnings, set -Dmaven.project.sourceRoots.warningsDisabled=true on the command line, in the .mvn/maven.config file, or in project POM properties.
2025-12-12 11:27:25,097 [Worker-4: Building] WARN  o.apache.maven.project.MavenProject - Direct modification of testCompileSourceRoots through clear() is deprecated and will not work in Maven 4.0.0. Please use the add/remove methods instead. If you're using a plugin that causes this warning, please upgrade to the latest version and report an issue if the warning persists. To disable these warnings, set -Dmaven.project.sourceRoots.warningsDisabled=true on the command line, in the .mvn/maven.config file, or in project POM properties.
2025-12-12 11:27:25,097 [Worker-4: Building] WARN  o.apache.maven.project.MavenProject - Direct modification of testCompileSourceRoots through add() is deprecated and will not work in Maven 4.0.0. Please use the add/remove methods instead. If you're using a plugin that causes this warning, please upgrade to the latest version and report an issue if the warning persists. To disable these warnings, set -Dmaven.project.sourceRoots.warningsDisabled=true on the command line, in the .mvn/maven.config file, or in project POM properties.
2025-12-12 11:27:35,031 [Worker-31: Building] INFO  o.a.m.s.f.DefaultMavenResourcesFiltering - Copying 0 resource from src\main\resources to target\classes
2025-12-12 11:27:35,033 [Worker-31: Building] INFO  o.a.m.s.f.DefaultMavenResourcesFiltering - Copying 0 resource from src\main\resources to target\classes
2025-12-12 11:27:35,036 [Worker-31: Building] INFO  o.a.m.s.f.DefaultMavenResourcesFiltering - skip non existing resourceDirectory C:\Users\ortiz\OneDrive\Documentos\proyecto\PROYECTO_ORTIZBLANCO_BRUNO\PROYECTO_ORTIZBLANCO_BRUNO\src\test\resources
2025-12-12 11:27:35,036 [Worker-31: Building] WARN  o.apache.maven.project.MavenProject - Direct modification of compileSourceRoots through clear() is deprecated and will not work in Maven 4.0.0. Please use the add/remove methods instead. If you're using a plugin that causes this warning, please upgrade to the latest version and report an issue if the warning persists. To disable these warnings, set -Dmaven.project.sourceRoots.warningsDisabled=true on the command line, in the .mvn/maven.config file, or in project POM properties.
2025-12-12 11:27:35,037 [Worker-31: Building] WARN  o.apache.maven.project.MavenProject - Direct modification of compileSourceRoots through add() is deprecated and will not work in Maven 4.0.0. Please use the add/remove methods instead. If you're using a plugin that causes this warning, please upgrade to the latest version and report an issue if the warning persists. To disable these warnings, set -Dmaven.project.sourceRoots.warningsDisabled=true on the command line, in the .mvn/maven.config file, or in project POM properties.
2025-12-12 11:27:35,038 [Worker-31: Building] WARN  o.apache.maven.project.MavenProject - Direct modification of testCompileSourceRoots through clear() is deprecated and will not work in Maven 4.0.0. Please use the add/remove methods instead. If you're using a plugin that causes this warning, please upgrade to the latest version and report an issue if the warning persists. To disable these warnings, set -Dmaven.project.sourceRoots.warningsDisabled=true on the command line, in the .mvn/maven.config file, or in project POM properties.
2025-12-12 11:27:35,038 [Worker-31: Building] WARN  o.apache.maven.project.MavenProject - Direct modification of testCompileSourceRoots through add() is deprecated and will not work in Maven 4.0.0. Please use the add/remove methods instead. If you're using a plugin that causes this warning, please upgrade to the latest version and report an issue if the warning persists. To disable these warnings, set -Dmaven.project.sourceRoots.warningsDisabled=true on the command line, in the .mvn/maven.config file, or in project POM properties.
2025-12-12 11:28:13,571 [Worker-29: Building] INFO  o.a.m.s.f.DefaultMavenResourcesFiltering - Copying 0 resource from src\main\resources to target\classes
2025-12-12 11:28:13,572 [Worker-29: Building] INFO  o.a.m.s.f.DefaultMavenResourcesFiltering - Copying 0 resource from src\main\resources to target\classes
2025-12-12 11:28:13,575 [Worker-29: Building] INFO  o.a.m.s.f.DefaultMavenResourcesFiltering - skip non existing resourceDirectory C:\Users\ortiz\OneDrive\Documentos\proyecto\PROYECTO_ORTIZBLANCO_BRUNO\PROYECTO_ORTIZBLANCO_BRUNO\src\test\resources
2025-12-12 11:28:13,575 [Worker-29: Building] WARN  o.apache.maven.project.MavenProject - Direct modification of compileSourceRoots through clear() is deprecated and will not work in Maven 4.0.0. Please use the add/remove methods instead. If you're using a plugin that causes this warning, please upgrade to the latest version and report an issue if the warning persists. To disable these warnings, set -Dmaven.project.sourceRoots.warningsDisabled=true on the command line, in the .mvn/maven.config file, or in project POM properties.
2025-12-12 11:28:13,575 [Worker-29: Building] WARN  o.apache.maven.project.MavenProject - Direct modification of compileSourceRoots through add() is deprecated and will not work in Maven 4.0.0. Please use the add/remove methods instead. If you're using a plugin that causes this warning, please upgrade to the latest version and report an issue if the warning persists. To disable these warnings, set -Dmaven.project.sourceRoots.warningsDisabled=true on the command line, in the .mvn/maven.config file, or in project POM properties.
2025-12-12 11:28:13,576 [Worker-29: Building] WARN  o.apache.maven.project.MavenProject - Direct modification of testCompileSourceRoots through clear() is deprecated and will not work in Maven 4.0.0. Please use the add/remove methods instead. If you're using a plugin that causes this warning, please upgrade to the latest version and report an issue if the warning persists. To disable these warnings, set -Dmaven.project.sourceRoots.warningsDisabled=true on the command line, in the .mvn/maven.config file, or in project POM properties.
2025-12-12 11:28:13,577 [Worker-29: Building] WARN  o.apache.maven.project.MavenProject - Direct modification of testCompileSourceRoots through add() is deprecated and will not work in Maven 4.0.0. Please use the add/remove methods instead. If you're using a plugin that causes this warning, please upgrade to the latest version and report an issue if the warning persists. To disable these warnings, set -Dmaven.project.sourceRoots.warningsDisabled=true on the command line, in the .mvn/maven.config file, or in project POM properties.
2025-12-12 11:28:27,752 [Worker-3: Building] INFO  o.a.m.s.f.DefaultMavenResourcesFiltering - Copying 0 resource from src\main\resources to target\classes
2025-12-12 11:28:27,754 [Worker-3: Building] INFO  o.a.m.s.f.DefaultMavenResourcesFiltering - Copying 0 resource from src\main\resources to target\classes
2025-12-12 11:28:27,756 [Worker-3: Building] INFO  o.a.m.s.f.DefaultMavenResourcesFiltering - skip non existing resourceDirectory C:\Users\ortiz\OneDrive\Documentos\proyecto\PROYECTO_ORTIZBLANCO_BRUNO\PROYECTO_ORTIZBLANCO_BRUNO\src\test\resources
2025-12-12 11:28:27,757 [Worker-3: Building] WARN  o.apache.maven.project.MavenProject - Direct modification of compileSourceRoots through clear() is deprecated and will not work in Maven 4.0.0. Please use the add/remove methods instead. If you're using a plugin that causes this warning, please upgrade to the latest version and report an issue if the warning persists. To disable these warnings, set -Dmaven.project.sourceRoots.warningsDisabled=true on the command line, in the .mvn/maven.config file, or in project POM properties.
2025-12-12 11:28:27,758 [Worker-3: Building] WARN  o.apache.maven.project.MavenProject - Direct modification of compileSourceRoots through add() is deprecated and will not work in Maven 4.0.0. Please use the add/remove methods instead. If you're using a plugin that causes this warning, please upgrade to the latest version and report an issue if the warning persists. To disable these warnings, set -Dmaven.project.sourceRoots.warningsDisabled=true on the command line, in the .mvn/maven.config file, or in project POM properties.
2025-12-12 11:28:27,758 [Worker-3: Building] WARN  o.apache.maven.project.MavenProject - Direct modification of testCompileSourceRoots through clear() is deprecated and will not work in Maven 4.0.0. Please use the add/remove methods instead. If you're using a plugin that causes this warning, please upgrade to the latest version and report an issue if the warning persists. To disable these warnings, set -Dmaven.project.sourceRoots.warningsDisabled=true on the command line, in the .mvn/maven.config file, or in project POM properties.
2025-12-12 11:28:27,758 [Worker-3: Building] WARN  o.apache.maven.project.MavenProject - Direct modification of testCompileSourceRoots through add() is deprecated and will not work in Maven 4.0.0. Please use the add/remove methods instead. If you're using a plugin that causes this warning, please upgrade to the latest version and report an issue if the warning persists. To disable these warnings, set -Dmaven.project.sourceRoots.warningsDisabled=true on the command line, in the .mvn/maven.config file, or in project POM properties.
2025-12-12 11:28:46,142 [Worker-4: Building] INFO  o.a.m.s.f.DefaultMavenResourcesFiltering - Copying 0 resource from src\main\resources to target\classes
2025-12-12 11:28:46,143 [Worker-4: Building] INFO  o.a.m.s.f.DefaultMavenResourcesFiltering - Copying 0 resource from src\main\resources to target\classes
2025-12-12 11:28:46,145 [Worker-4: Building] INFO  o.a.m.s.f.DefaultMavenResourcesFiltering - skip non existing resourceDirectory C:\Users\ortiz\OneDrive\Documentos\proyecto\PROYECTO_ORTIZBLANCO_BRUNO\PROYECTO_ORTIZBLANCO_BRUNO\src\test\resources
2025-12-12 11:28:46,145 [Worker-4: Building] WARN  o.apache.maven.project.MavenProject - Direct modification of compileSourceRoots through clear() is deprecated and will not work in Maven 4.0.0. Please use the add/remove methods instead. If you're using a plugin that causes this warning, please upgrade to the latest version and report an issue if the warning persists. To disable these warnings, set -Dmaven.project.sourceRoots.warningsDisabled=true on the command line, in the .mvn/maven.config file, or in project POM properties.
2025-12-12 11:28:46,145 [Worker-4: Building] WARN  o.apache.maven.project.MavenProject - Direct modification of compileSourceRoots through add() is deprecated and will not work in Maven 4.0.0. Please use the add/remove methods instead. If you're using a plugin that causes this warning, please upgrade to the latest version and report an issue if the warning persists. To disable these warnings, set -Dmaven.project.sourceRoots.warningsDisabled=true on the command line, in the .mvn/maven.config file, or in project POM properties.
2025-12-12 11:28:46,146 [Worker-4: Building] WARN  o.apache.maven.project.MavenProject - Direct modification of testCompileSourceRoots through clear() is deprecated and will not work in Maven 4.0.0. Please use the add/remove methods instead. If you're using a plugin that causes this warning, please upgrade to the latest version and report an issue if the warning persists. To disable these warnings, set -Dmaven.project.sourceRoots.warningsDisabled=true on the command line, in the .mvn/maven.config file, or in project POM properties.
2025-12-12 11:28:46,146 [Worker-4: Building] WARN  o.apache.maven.project.MavenProject - Direct modification of testCompileSourceRoots through add() is deprecated and will not work in Maven 4.0.0. Please use the add/remove methods instead. If you're using a plugin that causes this warning, please upgrade to the latest version and report an issue if the warning persists. To disable these warnings, set -Dmaven.project.sourceRoots.warningsDisabled=true on the command line, in the .mvn/maven.config file, or in project POM properties.
2025-12-12 11:29:19,900 [Worker-29: Building] INFO  o.a.m.s.f.DefaultMavenResourcesFiltering - Copying 1 resource from src\main\resources to target\classes
2025-12-12 11:29:19,910 [Worker-29: Building] INFO  o.a.m.s.f.DefaultMavenResourcesFiltering - Copying 0 resource from src\main\resources to target\classes
2025-12-12 11:29:19,912 [Worker-29: Building] INFO  o.a.m.s.f.DefaultMavenResourcesFiltering - skip non existing resourceDirectory C:\Users\ortiz\OneDrive\Documentos\proyecto\PROYECTO_ORTIZBLANCO_BRUNO\PROYECTO_ORTIZBLANCO_BRUNO\src\test\resources
2025-12-12 11:29:19,912 [Worker-29: Building] WARN  o.apache.maven.project.MavenProject - Direct modification of compileSourceRoots through clear() is deprecated and will not work in Maven 4.0.0. Please use the add/remove methods instead. If you're using a plugin that causes this warning, please upgrade to the latest version and report an issue if the warning persists. To disable these warnings, set -Dmaven.project.sourceRoots.warningsDisabled=true on the command line, in the .mvn/maven.config file, or in project POM properties.
2025-12-12 11:29:19,913 [Worker-29: Building] WARN  o.apache.maven.project.MavenProject - Direct modification of compileSourceRoots through add() is deprecated and will not work in Maven 4.0.0. Please use the add/remove methods instead. If you're using a plugin that causes this warning, please upgrade to the latest version and report an issue if the warning persists. To disable these warnings, set -Dmaven.project.sourceRoots.warningsDisabled=true on the command line, in the .mvn/maven.config file, or in project POM properties.
2025-12-12 11:29:19,913 [Worker-29: Building] WARN  o.apache.maven.project.MavenProject - Direct modification of testCompileSourceRoots through clear() is deprecated and will not work in Maven 4.0.0. Please use the add/remove methods instead. If you're using a plugin that causes this warning, please upgrade to the latest version and report an issue if the warning persists. To disable these warnings, set -Dmaven.project.sourceRoots.warningsDisabled=true on the command line, in the .mvn/maven.config file, or in project POM properties.
2025-12-12 11:29:19,913 [Worker-29: Building] WARN  o.apache.maven.project.MavenProject - Direct modification of testCompileSourceRoots through add() is deprecated and will not work in Maven 4.0.0. Please use the add/remove methods instead. If you're using a plugin that causes this warning, please upgrade to the latest version and report an issue if the warning persists. To disable these warnings, set -Dmaven.project.sourceRoots.warningsDisabled=true on the command line, in the .mvn/maven.config file, or in project POM properties.
2025-12-12 11:29:26,971 [Worker-14: Building] INFO  o.a.m.s.f.DefaultMavenResourcesFiltering - Copying 1 resource from src\main\resources to target\classes
2025-12-12 11:29:26,974 [Worker-14: Building] INFO  o.a.m.s.f.DefaultMavenResourcesFiltering - Copying 0 resource from src\main\resources to target\classes
2025-12-12 11:29:26,977 [Worker-14: Building] INFO  o.a.m.s.f.DefaultMavenResourcesFiltering - skip non existing resourceDirectory C:\Users\ortiz\OneDrive\Documentos\proyecto\PROYECTO_ORTIZBLANCO_BRUNO\PROYECTO_ORTIZBLANCO_BRUNO\src\test\resources
2025-12-12 11:29:26,977 [Worker-14: Building] WARN  o.apache.maven.project.MavenProject - Direct modification of compileSourceRoots through clear() is deprecated and will not work in Maven 4.0.0. Please use the add/remove methods instead. If you're using a plugin that causes this warning, please upgrade to the latest version and report an issue if the warning persists. To disable these warnings, set -Dmaven.project.sourceRoots.warningsDisabled=true on the command line, in the .mvn/maven.config file, or in project POM properties.
2025-12-12 11:29:26,977 [Worker-14: Building] WARN  o.apache.maven.project.MavenProject - Direct modification of compileSourceRoots through add() is deprecated and will not work in Maven 4.0.0. Please use the add/remove methods instead. If you're using a plugin that causes this warning, please upgrade to the latest version and report an issue if the warning persists. To disable these warnings, set -Dmaven.project.sourceRoots.warningsDisabled=true on the command line, in the .mvn/maven.config file, or in project POM properties.
2025-12-12 11:29:26,978 [Worker-14: Building] WARN  o.apache.maven.project.MavenProject - Direct modification of testCompileSourceRoots through clear() is deprecated and will not work in Maven 4.0.0. Please use the add/remove methods instead. If you're using a plugin that causes this warning, please upgrade to the latest version and report an issue if the warning persists. To disable these warnings, set -Dmaven.project.sourceRoots.warningsDisabled=true on the command line, in the .mvn/maven.config file, or in project POM properties.
2025-12-12 11:29:26,978 [Worker-14: Building] WARN  o.apache.maven.project.MavenProject - Direct modification of testCompileSourceRoots through add() is deprecated and will not work in Maven 4.0.0. Please use the add/remove methods instead. If you're using a plugin that causes this warning, please upgrade to the latest version and report an issue if the warning persists. To disable these warnings, set -Dmaven.project.sourceRoots.warningsDisabled=true on the command line, in the .mvn/maven.config file, or in project POM properties.
2025-12-12 11:29:36,284 [Worker-27: Launching PROYECTO_ORTIZBLANCO_BRUNO] INFO  o.eclipse.m2e.core.internal.Bundles - getClasspathEntries(Bundle=org.eclipse.m2e.maven.runtime_3.9.1100.20250811-2018 [641])
2025-12-12 11:29:36,285 [Worker-27: Launching PROYECTO_ORTIZBLANCO_BRUNO] INFO  o.eclipse.m2e.core.internal.Bundles - 	Entry: C:\Users\ortiz\.p2\pool\plugins\org.eclipse.m2e.maven.runtime_3.9.1100.20250811-2018
2025-12-12 11:29:36,285 [Worker-27: Launching PROYECTO_ORTIZBLANCO_BRUNO] INFO  o.eclipse.m2e.core.internal.Bundles - 	Entry: C:\Users\ortiz\.p2\pool\plugins\org.eclipse.m2e.maven.runtime_3.9.1100.20250811-2018\jars\aopalliance-1.0.jar
2025-12-12 11:29:36,285 [Worker-27: Launching PROYECTO_ORTIZBLANCO_BRUNO] INFO  o.eclipse.m2e.core.internal.Bundles - 	Entry: C:\Users\ortiz\.p2\pool\plugins\org.eclipse.m2e.maven.runtime_3.9.1100.20250811-2018\jars\asm-9.8.jar
2025-12-12 11:29:36,286 [Worker-27: Launching PROYECTO_ORTIZBLANCO_BRUNO] INFO  o.eclipse.m2e.core.internal.Bundles - 	Entry: C:\Users\ortiz\.p2\pool\plugins\org.eclipse.m2e.maven.runtime_3.9.1100.20250811-2018\jars\error_prone_annotations-2.38.0.jar
2025-12-12 11:29:36,286 [Worker-27: Launching PROYECTO_ORTIZBLANCO_BRUNO] INFO  o.eclipse.m2e.core.internal.Bundles - 	Entry: C:\Users\ortiz\.p2\pool\plugins\org.eclipse.m2e.maven.runtime_3.9.1100.20250811-2018\jars\gson-2.13.1.jar
2025-12-12 11:29:36,286 [Worker-27: Launching PROYECTO_ORTIZBLANCO_BRUNO] INFO  o.eclipse.m2e.core.internal.Bundles - 	Entry: C:\Users\ortiz\.p2\pool\plugins\org.eclipse.m2e.maven.runtime_3.9.1100.20250811-2018\jars\guice-5.1.0-classes.jar
2025-12-12 11:29:36,286 [Worker-27: Launching PROYECTO_ORTIZBLANCO_BRUNO] INFO  o.eclipse.m2e.core.internal.Bundles - 	Entry: C:\Users\ortiz\.p2\pool\plugins\org.eclipse.m2e.maven.runtime_3.9.1100.20250811-2018\jars\httpclient-4.5.14.jar
2025-12-12 11:29:36,286 [Worker-27: Launching PROYECTO_ORTIZBLANCO_BRUNO] INFO  o.eclipse.m2e.core.internal.Bundles - 	Entry: C:\Users\ortiz\.p2\pool\plugins\org.eclipse.m2e.maven.runtime_3.9.1100.20250811-2018\jars\httpcore-4.4.16.jar
2025-12-12 11:29:36,286 [Worker-27: Launching PROYECTO_ORTIZBLANCO_BRUNO] INFO  o.eclipse.m2e.core.internal.Bundles - 	Entry: C:\Users\ortiz\.p2\pool\plugins\org.eclipse.m2e.maven.runtime_3.9.1100.20250811-2018\jars\jansi-2.4.2.jar
2025-12-12 11:29:36,286 [Worker-27: Launching PROYECTO_ORTIZBLANCO_BRUNO] INFO  o.eclipse.m2e.core.internal.Bundles - 	Entry: C:\Users\ortiz\.p2\pool\plugins\org.eclipse.m2e.maven.runtime_3.9.1100.20250811-2018\jars\jcl-over-slf4j-1.7.36.jar
2025-12-12 11:29:36,286 [Worker-27: Launching PROYECTO_ORTIZBLANCO_BRUNO] INFO  o.eclipse.m2e.core.internal.Bundles - 	Entry: C:\Users\ortiz\.p2\pool\plugins\org.eclipse.m2e.maven.runtime_3.9.1100.20250811-2018\jars\maven-artifact-3.9.11.jar
2025-12-12 11:29:36,286 [Worker-27: Launching PROYECTO_ORTIZBLANCO_BRUNO] INFO  o.eclipse.m2e.core.internal.Bundles - 	Entry: C:\Users\ortiz\.p2\pool\plugins\org.eclipse.m2e.maven.runtime_3.9.1100.20250811-2018\jars\maven-builder-support-3.9.11.jar
2025-12-12 11:29:36,286 [Worker-27: Launching PROYECTO_ORTIZBLANCO_BRUNO] INFO  o.eclipse.m2e.core.internal.Bundles - 	Entry: C:\Users\ortiz\.p2\pool\plugins\org.eclipse.m2e.maven.runtime_3.9.1100.20250811-2018\jars\maven-compat-3.9.11.jar
2025-12-12 11:29:36,287 [Worker-27: Launching PROYECTO_ORTIZBLANCO_BRUNO] INFO  o.eclipse.m2e.core.internal.Bundles - 	Entry: C:\Users\ortiz\.p2\pool\plugins\org.eclipse.m2e.maven.runtime_3.9.1100.20250811-2018\jars\maven-core-3.9.11.jar
2025-12-12 11:29:36,287 [Worker-27: Launching PROYECTO_ORTIZBLANCO_BRUNO] INFO  o.eclipse.m2e.core.internal.Bundles - 	Entry: C:\Users\ortiz\.p2\pool\plugins\org.eclipse.m2e.maven.runtime_3.9.1100.20250811-2018\jars\maven-embedder-3.9.11.jar
2025-12-12 11:29:36,287 [Worker-27: Launching PROYECTO_ORTIZBLANCO_BRUNO] INFO  o.eclipse.m2e.core.internal.Bundles - 	Entry: C:\Users\ortiz\.p2\pool\plugins\org.eclipse.m2e.maven.runtime_3.9.1100.20250811-2018\jars\maven-model-3.9.11.jar
2025-12-12 11:29:36,287 [Worker-27: Launching PROYECTO_ORTIZBLANCO_BRUNO] INFO  o.eclipse.m2e.core.internal.Bundles - 	Entry: C:\Users\ortiz\.p2\pool\plugins\org.eclipse.m2e.maven.runtime_3.9.1100.20250811-2018\jars\maven-model-builder-3.9.11.jar
2025-12-12 11:29:36,287 [Worker-27: Launching PROYECTO_ORTIZBLANCO_BRUNO] INFO  o.eclipse.m2e.core.internal.Bundles - 	Entry: C:\Users\ortiz\.p2\pool\plugins\org.eclipse.m2e.maven.runtime_3.9.1100.20250811-2018\jars\maven-plugin-api-3.9.11.jar
2025-12-12 11:29:36,287 [Worker-27: Launching PROYECTO_ORTIZBLANCO_BRUNO] INFO  o.eclipse.m2e.core.internal.Bundles - 	Entry: C:\Users\ortiz\.p2\pool\plugins\org.eclipse.m2e.maven.runtime_3.9.1100.20250811-2018\jars\maven-repository-metadata-3.9.11.jar
2025-12-12 11:29:36,288 [Worker-27: Launching PROYECTO_ORTIZBLANCO_BRUNO] INFO  o.eclipse.m2e.core.internal.Bundles - 	Entry: C:\Users\ortiz\.p2\pool\plugins\org.eclipse.m2e.maven.runtime_3.9.1100.20250811-2018\jars\maven-resolver-api-1.9.24.jar
2025-12-12 11:29:36,288 [Worker-27: Launching PROYECTO_ORTIZBLANCO_BRUNO] INFO  o.eclipse.m2e.core.internal.Bundles - 	Entry: C:\Users\ortiz\.p2\pool\plugins\org.eclipse.m2e.maven.runtime_3.9.1100.20250811-2018\jars\maven-resolver-connector-basic-1.9.24.jar
2025-12-12 11:29:36,288 [Worker-27: Launching PROYECTO_ORTIZBLANCO_BRUNO] INFO  o.eclipse.m2e.core.internal.Bundles - 	Entry: C:\Users\ortiz\.p2\pool\plugins\org.eclipse.m2e.maven.runtime_3.9.1100.20250811-2018\jars\maven-resolver-impl-1.9.24.jar
2025-12-12 11:29:36,288 [Worker-27: Launching PROYECTO_ORTIZBLANCO_BRUNO] INFO  o.eclipse.m2e.core.internal.Bundles - 	Entry: C:\Users\ortiz\.p2\pool\plugins\org.eclipse.m2e.maven.runtime_3.9.1100.20250811-2018\jars\maven-resolver-named-locks-1.9.24.jar
2025-12-12 11:29:36,288 [Worker-27: Launching PROYECTO_ORTIZBLANCO_BRUNO] INFO  o.eclipse.m2e.core.internal.Bundles - 	Entry: C:\Users\ortiz\.p2\pool\plugins\org.eclipse.m2e.maven.runtime_3.9.1100.20250811-2018\jars\maven-resolver-provider-3.9.11.jar
2025-12-12 11:29:36,288 [Worker-27: Launching PROYECTO_ORTIZBLANCO_BRUNO] INFO  o.eclipse.m2e.core.internal.Bundles - 	Entry: C:\Users\ortiz\.p2\pool\plugins\org.eclipse.m2e.maven.runtime_3.9.1100.20250811-2018\jars\maven-resolver-spi-1.9.24.jar
2025-12-12 11:29:36,288 [Worker-27: Launching PROYECTO_ORTIZBLANCO_BRUNO] INFO  o.eclipse.m2e.core.internal.Bundles - 	Entry: C:\Users\ortiz\.p2\pool\plugins\org.eclipse.m2e.maven.runtime_3.9.1100.20250811-2018\jars\maven-resolver-transport-file-1.9.24.jar
2025-12-12 11:29:36,289 [Worker-27: Launching PROYECTO_ORTIZBLANCO_BRUNO] INFO  o.eclipse.m2e.core.internal.Bundles - 	Entry: C:\Users\ortiz\.p2\pool\plugins\org.eclipse.m2e.maven.runtime_3.9.1100.20250811-2018\jars\maven-resolver-transport-http-1.9.24.jar
2025-12-12 11:29:36,289 [Worker-27: Launching PROYECTO_ORTIZBLANCO_BRUNO] INFO  o.eclipse.m2e.core.internal.Bundles - 	Entry: C:\Users\ortiz\.p2\pool\plugins\org.eclipse.m2e.maven.runtime_3.9.1100.20250811-2018\jars\maven-resolver-transport-wagon-1.9.24.jar
2025-12-12 11:29:36,289 [Worker-27: Launching PROYECTO_ORTIZBLANCO_BRUNO] INFO  o.eclipse.m2e.core.internal.Bundles - 	Entry: C:\Users\ortiz\.p2\pool\plugins\org.eclipse.m2e.maven.runtime_3.9.1100.20250811-2018\jars\maven-resolver-util-1.9.24.jar
2025-12-12 11:29:36,289 [Worker-27: Launching PROYECTO_ORTIZBLANCO_BRUNO] INFO  o.eclipse.m2e.core.internal.Bundles - 	Entry: C:\Users\ortiz\.p2\pool\plugins\org.eclipse.m2e.maven.runtime_3.9.1100.20250811-2018\jars\maven-settings-3.9.11.jar
2025-12-12 11:29:36,289 [Worker-27: Launching PROYECTO_ORTIZBLANCO_BRUNO] INFO  o.eclipse.m2e.core.internal.Bundles - 	Entry: C:\Users\ortiz\.p2\pool\plugins\org.eclipse.m2e.maven.runtime_3.9.1100.20250811-2018\jars\maven-settings-builder-3.9.11.jar
2025-12-12 11:29:36,289 [Worker-27: Launching PROYECTO_ORTIZBLANCO_BRUNO] INFO  o.eclipse.m2e.core.internal.Bundles - 	Entry: C:\Users\ortiz\.p2\pool\plugins\org.eclipse.m2e.maven.runtime_3.9.1100.20250811-2018\jars\maven-shared-utils-3.4.2.jar
2025-12-12 11:29:36,289 [Worker-27: Launching PROYECTO_ORTIZBLANCO_BRUNO] INFO  o.eclipse.m2e.core.internal.Bundles - 	Entry: C:\Users\ortiz\.p2\pool\plugins\org.eclipse.m2e.maven.runtime_3.9.1100.20250811-2018\jars\org.eclipse.sisu.inject-0.9.0.M4.jar
2025-12-12 11:29:36,290 [Worker-27: Launching PROYECTO_ORTIZBLANCO_BRUNO] INFO  o.eclipse.m2e.core.internal.Bundles - 	Entry: C:\Users\ortiz\.p2\pool\plugins\org.eclipse.m2e.maven.runtime_3.9.1100.20250811-2018\jars\org.eclipse.sisu.plexus-0.9.0.M4.jar
2025-12-12 11:29:36,290 [Worker-27: Launching PROYECTO_ORTIZBLANCO_BRUNO] INFO  o.eclipse.m2e.core.internal.Bundles - 	Entry: C:\Users\ortiz\.p2\pool\plugins\org.eclipse.m2e.maven.runtime_3.9.1100.20250811-2018\jars\plexus-build-api-0.0.7.jar
2025-12-12 11:29:36,290 [Worker-27: Launching PROYECTO_ORTIZBLANCO_BRUNO] INFO  o.eclipse.m2e.core.internal.Bundles - 	Entry: C:\Users\ortiz\.p2\pool\plugins\org.eclipse.m2e.maven.runtime_3.9.1100.20250811-2018\jars\plexus-build-api-1.2.0.jar
2025-12-12 11:29:36,290 [Worker-27: Launching PROYECTO_ORTIZBLANCO_BRUNO] INFO  o.eclipse.m2e.core.internal.Bundles - 	Entry: C:\Users\ortiz\.p2\pool\plugins\org.eclipse.m2e.maven.runtime_3.9.1100.20250811-2018\jars\plexus-cipher-2.0.jar
2025-12-12 11:29:36,290 [Worker-27: Launching PROYECTO_ORTIZBLANCO_BRUNO] INFO  o.eclipse.m2e.core.internal.Bundles - 	Entry: C:\Users\ortiz\.p2\pool\plugins\org.eclipse.m2e.maven.runtime_3.9.1100.20250811-2018\jars\plexus-classworlds-2.9.0.jar
2025-12-12 11:29:36,290 [Worker-27: Launching PROYECTO_ORTIZBLANCO_BRUNO] INFO  o.eclipse.m2e.core.internal.Bundles - 	Entry: C:\Users\ortiz\.p2\pool\plugins\org.eclipse.m2e.maven.runtime_3.9.1100.20250811-2018\jars\plexus-component-annotations-2.2.0.jar
2025-12-12 11:29:36,290 [Worker-27: Launching PROYECTO_ORTIZBLANCO_BRUNO] INFO  o.eclipse.m2e.core.internal.Bundles - 	Entry: C:\Users\ortiz\.p2\pool\plugins\org.eclipse.m2e.maven.runtime_3.9.1100.20250811-2018\jars\plexus-interpolation-1.28.jar
2025-12-12 11:29:36,291 [Worker-27: Launching PROYECTO_ORTIZBLANCO_BRUNO] INFO  o.eclipse.m2e.core.internal.Bundles - 	Entry: C:\Users\ortiz\.p2\pool\plugins\org.eclipse.m2e.maven.runtime_3.9.1100.20250811-2018\jars\plexus-sec-dispatcher-2.0.jar
2025-12-12 11:29:36,291 [Worker-27: Launching PROYECTO_ORTIZBLANCO_BRUNO] INFO  o.eclipse.m2e.core.internal.Bundles - 	Entry: C:\Users\ortiz\.p2\pool\plugins\org.eclipse.m2e.maven.runtime_3.9.1100.20250811-2018\jars\plexus-utils-3.6.0.jar
2025-12-12 11:29:36,291 [Worker-27: Launching PROYECTO_ORTIZBLANCO_BRUNO] INFO  o.eclipse.m2e.core.internal.Bundles - 	Entry: C:\Users\ortiz\.p2\pool\plugins\org.eclipse.m2e.maven.runtime_3.9.1100.20250811-2018\jars\wagon-file-3.5.3.jar
2025-12-12 11:29:36,291 [Worker-27: Launching PROYECTO_ORTIZBLANCO_BRUNO] INFO  o.eclipse.m2e.core.internal.Bundles - 	Entry: C:\Users\ortiz\.p2\pool\plugins\org.eclipse.m2e.maven.runtime_3.9.1100.20250811-2018\jars\wagon-http-3.5.3.jar
2025-12-12 11:29:36,291 [Worker-27: Launching PROYECTO_ORTIZBLANCO_BRUNO] INFO  o.eclipse.m2e.core.internal.Bundles - 	Entry: C:\Users\ortiz\.p2\pool\plugins\org.eclipse.m2e.maven.runtime_3.9.1100.20250811-2018\jars\wagon-http-shared-3.5.3.jar
2025-12-12 11:29:36,291 [Worker-27: Launching PROYECTO_ORTIZBLANCO_BRUNO] INFO  o.eclipse.m2e.core.internal.Bundles - 	Entry: C:\Users\ortiz\.p2\pool\plugins\org.eclipse.m2e.maven.runtime_3.9.1100.20250811-2018\jars\wagon-provider-api-3.5.3.jar
2025-12-12 11:29:36,292 [Worker-27: Launching PROYECTO_ORTIZBLANCO_BRUNO] INFO  o.eclipse.m2e.core.internal.Bundles - getClasspathEntries(Bundle=com.google.guava_33.5.0.jre [1329])
2025-12-12 11:29:36,292 [Worker-27: Launching PROYECTO_ORTIZBLANCO_BRUNO] INFO  o.eclipse.m2e.core.internal.Bundles - 	Entry: C:\Users\ortiz\.p2\pool\plugins\com.google.guava_33.5.0.jre.jar
2025-12-12 11:29:36,292 [Worker-27: Launching PROYECTO_ORTIZBLANCO_BRUNO] INFO  o.eclipse.m2e.core.internal.Bundles - getClasspathEntries(Bundle=slf4j.api_2.0.17 [1006])
2025-12-12 11:29:36,293 [Worker-27: Launching PROYECTO_ORTIZBLANCO_BRUNO] INFO  o.eclipse.m2e.core.internal.Bundles - 	Entry: C:\Users\ortiz\.p2\pool\plugins\slf4j.api_2.0.17.jar
2025-12-12 11:29:36,293 [Worker-27: Launching PROYECTO_ORTIZBLANCO_BRUNO] INFO  o.eclipse.m2e.core.internal.Bundles - getClasspathEntries(Bundle=jakarta.inject.jakarta.inject-api_1.0.5 [35])
2025-12-12 11:29:36,293 [Worker-27: Launching PROYECTO_ORTIZBLANCO_BRUNO] INFO  o.eclipse.m2e.core.internal.Bundles - 	Entry: C:\Users\ortiz\.p2\pool\plugins\jakarta.inject.jakarta.inject-api_1.0.5.jar
2025-12-12 11:29:36,293 [Worker-27: Launching PROYECTO_ORTIZBLANCO_BRUNO] INFO  o.eclipse.m2e.core.internal.Bundles - getClasspathEntries(Bundle=jakarta.annotation-api_1.3.5 [31])
2025-12-12 11:29:36,294 [Worker-27: Launching PROYECTO_ORTIZBLANCO_BRUNO] INFO  o.eclipse.m2e.core.internal.Bundles - 	Entry: C:\Users\ortiz\.p2\pool\plugins\jakarta.annotation-api_1.3.5.jar
2025-12-12 11:29:36,294 [Worker-27: Launching PROYECTO_ORTIZBLANCO_BRUNO] INFO  o.eclipse.m2e.core.internal.Bundles - getClasspathEntries(Bundle=org.apache.commons.cli_1.10.0 [75])
2025-12-12 11:29:36,294 [Worker-27: Launching PROYECTO_ORTIZBLANCO_BRUNO] INFO  o.eclipse.m2e.core.internal.Bundles - 	Entry: C:\Users\ortiz\.p2\pool\plugins\org.apache.commons.cli_1.10.0.jar
2025-12-12 11:29:36,294 [Worker-27: Launching PROYECTO_ORTIZBLANCO_BRUNO] INFO  o.eclipse.m2e.core.internal.Bundles - getClasspathEntries(Bundle=org.apache.commons.commons-codec_1.20.0 [1265])
2025-12-12 11:29:36,295 [Worker-27: Launching PROYECTO_ORTIZBLANCO_BRUNO] INFO  o.eclipse.m2e.core.internal.Bundles - 	Entry: C:\Users\ortiz\.p2\pool\plugins\org.apache.commons.commons-codec_1.20.0.jar
2025-12-12 11:29:36,295 [Worker-27: Launching PROYECTO_ORTIZBLANCO_BRUNO] INFO  o.eclipse.m2e.core.internal.Bundles - getClasspathEntries(Bundle=com.google.guava.failureaccess_1.0.3 [19])
2025-12-12 11:29:36,295 [Worker-27: Launching PROYECTO_ORTIZBLANCO_BRUNO] INFO  o.eclipse.m2e.core.internal.Bundles - 	Entry: C:\Users\ortiz\.p2\pool\plugins\com.google.guava.failureaccess_1.0.3.jar
2025-12-12 11:29:36,296 [Worker-27: Launching PROYECTO_ORTIZBLANCO_BRUNO] INFO  o.e.m.i.launch.MavenLaunchDelegate - Run build in "C:\Users\ortiz\OneDrive\Documentos\proyecto\PROYECTO_ORTIZBLANCO_BRUNO\PROYECTO_ORTIZBLANCO_BRUNO":
2025-12-12 11:29:36,296 [Worker-27: Launching PROYECTO_ORTIZBLANCO_BRUNO] INFO  o.e.m.i.launch.MavenLaunchDelegate -  mvn  -B -Dstyle.color=always javafx:run
2025-12-12 11:29:36,437 [Worker-3: Building] INFO  o.a.m.s.f.DefaultMavenResourcesFiltering - Copying 0 resource from src\main\resources to target\classes
2025-12-12 11:29:36,439 [Worker-3: Building] INFO  o.a.m.s.f.DefaultMavenResourcesFiltering - Copying 0 resource from src\main\resources to target\classes
2025-12-12 11:29:36,442 [Worker-3: Building] INFO  o.a.m.s.f.DefaultMavenResourcesFiltering - skip non existing resourceDirectory C:\Users\ortiz\OneDrive\Documentos\proyecto\PROYECTO_ORTIZBLANCO_BRUNO\PROYECTO_ORTIZBLANCO_BRUNO\src\test\resources
2025-12-12 11:29:36,442 [Worker-3: Building] WARN  o.apache.maven.project.MavenProject - Direct modification of compileSourceRoots through clear() is deprecated and will not work in Maven 4.0.0. Please use the add/remove methods instead. If you're using a plugin that causes this warning, please upgrade to the latest version and report an issue if the warning persists. To disable these warnings, set -Dmaven.project.sourceRoots.warningsDisabled=true on the command line, in the .mvn/maven.config file, or in project POM properties.
2025-12-12 11:29:36,443 [Worker-3: Building] WARN  o.apache.maven.project.MavenProject - Direct modification of compileSourceRoots through add() is deprecated and will not work in Maven 4.0.0. Please use the add/remove methods instead. If you're using a plugin that causes this warning, please upgrade to the latest version and report an issue if the warning persists. To disable these warnings, set -Dmaven.project.sourceRoots.warningsDisabled=true on the command line, in the .mvn/maven.config file, or in project POM properties.
2025-12-12 11:29:36,443 [Worker-3: Building] WARN  o.apache.maven.project.MavenProject - Direct modification of testCompileSourceRoots through clear() is deprecated and will not work in Maven 4.0.0. Please use the add/remove methods instead. If you're using a plugin that causes this warning, please upgrade to the latest version and report an issue if the warning persists. To disable these warnings, set -Dmaven.project.sourceRoots.warningsDisabled=true on the command line, in the .mvn/maven.config file, or in project POM properties.
2025-12-12 11:29:36,443 [Worker-3: Building] WARN  o.apache.maven.project.MavenProject - Direct modification of testCompileSourceRoots through add() is deprecated and will not work in Maven 4.0.0. Please use the add/remove methods instead. If you're using a plugin that causes this warning, please upgrade to the latest version and report an issue if the warning persists. To disable these warnings, set -Dmaven.project.sourceRoots.warningsDisabled=true on the command line, in the .mvn/maven.config file, or in project POM properties.
2025-12-12 11:31:19,255 [Burningwave - Resource releaser] INFO  o.b.c.a.StaticComponentContainer - (StaticComponentContainer.java:391) - ... Waiting for all tasks ending
2025-12-12 11:31:19,255 [Burningwave - Resource releaser] INFO  o.b.c.a.StaticComponentContainer - (StaticComponentContainer.java:397) - Closing all component containers
2025-12-12 11:31:19,257 [Burningwave - Resource releaser] INFO  o.b.c.a.StaticComponentContainer - (StaticComponentContainer.java:403) - Closing FileSystemHelper
2025-12-12 11:31:19,257 [Burningwave - Resource releaser] INFO  o.b.c.a.StaticComponentContainer - (StaticComponentContainer.java:409) - ... Waiting for all tasks ending before shutting down the BackgroundExecutor
2025-12-12 11:31:19,258 [Burningwave - Resource releaser] INFO  o.b.c.a.StaticComponentContainer - (StaticComponentContainer.java:414) - Shutting down BackgroundExecutor
2025-12-12 11:31:19,258 [Burningwave - Resource releaser] INFO  o.b.c.a.StaticComponentContainer - (StaticComponentContainer.java:420) - Stopping all threads monitoring thread
2025-12-12 11:31:19,258 [Burningwave - Resource releaser] INFO  o.b.c.a.StaticComponentContainer - (StaticComponentContainer.java:425) - Closing ThreadHolder
2025-12-12 11:31:19,258 [Burningwave - Resource releaser] INFO  o.b.c.a.StaticComponentContainer - (StaticComponentContainer.java:430) - Shutting down ThreadSupplier
2025-12-12 11:31:35,861 [main] INFO  o.b.c.a.StaticComponentContainer - (StaticComponentContainer.java:368) - Instantiated org.burningwave.core.SLF4JManagedLoggerRepository
2025-12-12 11:31:35,866 [main] INFO  o.b.c.a.StaticComponentContainer - (StaticComponentContainer.java:369) - 

	Configuration values for static components:

		background-executor.all-tasks-monitoring.enabled=\
			true
		background-executor.all-tasks-monitoring.interval=\
			30000
		background-executor.all-tasks-monitoring.logger.enabled=\
			false
		background-executor.all-tasks-monitoring.minimum-elapsed-time-to-consider-a-task-as-probable-dead-locked=\
			300000
		background-executor.all-tasks-monitoring.probable-dead-locked-tasks-handling.policy=\
			log only
		background-executor.queued-task-executor[0].name=\
			Low priority tasks
		background-executor.queued-task-executor[0].priority=\
			1
		background-executor.queued-task-executor[1].name=\
			Normal priority tasks
		background-executor.queued-task-executor[1].priority=\
			5
		background-executor.queued-task-executor[2].name=\
			High priority tasks
		background-executor.queued-task-executor[2].priority=\
			10
		background-executor.task-creation-tracking.enabled=\
			${background-executor.all-tasks-monitoring.enabled}
		banner.additonal-informations=\
			${Bundle-Vendor} ${Bundle-Name} ${Bundle-Version}
		banner.additonal-informations.retrieve-from-manifest-file-of=\
			Burningwave Core
		banner.file=\
			org/burningwave/banner.bwb
		banner.hide=\
			true
		buffer-handler.default-allocation-mode=\
			ByteBuffer::allocateDirect
		buffer-handler.default-buffer-size=\
			1024
		group-name-for-named-elements=\
			Burningwave
		iterable-object-helper.default-values-separator=\
			;
		iterable-object-helper.parallel-iteration.applicability.default-minimum-collection-size=\
			2
		iterable-object-helper.parallel-iteration.applicability.max-runtime-thread-count-threshold=\
			autodetect
		iterable-object-helper.parallel-iteration.applicability.output-collection-enabled-types=\
			java.util.concurrent.ConcurrentHashMap$CollectionView;\
			java.util.Collections$SynchronizedCollection;\
			java.util.concurrent.CopyOnWriteArrayList;\
			java.util.concurrent.CopyOnWriteArraySet;\
			java.util.concurrent.BlockingQueue;\
			java.util.concurrent.ConcurrentSkipListSet;\
			java.util.concurrent.ConcurrentSkipListMap$EntrySet;\
			java.util.concurrent.ConcurrentSkipListMap$KeySet;\
			java.util.concurrent.ConcurrentSkipListMap$Values;
		jvm.driver.init=\
			false
		managed-logger.repository=\
			autodetect
		managed-logger.repository.enabled=\
			true
		managed-logger.repository.logging.warn.disabled-for=\
			org.burningwave.core.assembler.ComponentContainer$ClassLoader;\
			org.burningwave.core.classes.MemoryClassLoader;\
			org.burningwave.core.classes.PathScannerClassLoader;
		modules.export-all-to-all=\
			true
		resource-releaser.enabled=\
			true
		synchronizer.all-threads-monitoring.enabled=\
			false
		synchronizer.all-threads-monitoring.interval=\
			90000
		thread-supplier.default-daemon-flag-value=\
			true
		thread-supplier.default-thread-priority=\
			5
		thread-supplier.max-detached-thread-count=\
			${thread-supplier.max-poolable-thread-count}
		thread-supplier.max-detached-thread-count.elapsed-time-threshold-from-last-increase-for-gradual-decreasing-to-initial-value=\
			30000
		thread-supplier.max-detached-thread-count.increasing-step=\
			autodetect
		thread-supplier.max-poolable-thread-count=\
			autodetect
		thread-supplier.poolable-thread-request-timeout=\
			6000


2025-12-12 11:31:35,866 [main] INFO  o.b.core.jvm.BufferHandler - (BufferHandler.java:127) - default buffer size: 1024 bytes
2025-12-12 11:31:35,866 [main] INFO  o.b.core.jvm.BufferHandler - (BufferHandler.java:141) - default allocation mode: ByteBuffer::allocateDirect
2025-12-12 11:31:35,872 [main] INFO  org.burningwave.core.Cache - (Cache.java:76) - Building cache
2025-12-12 11:31:35,886 [main] INFO  o.b.c.a.StaticComponentContainer - (StaticComponentContainer.java:443) - org.burningwave.core.assembler.StaticComponentContainer initialized in 0.099779 seconds
2025-12-12 11:31:37,898 [Worker-7: Loading available Gradle versions] INFO  o.e.b.c.i.u.g.PublishedGradleVersions - Gradle version information cache is up-to-date. Trying to read.
2025-12-12 11:31:52,915 [Burningwave - Resource releaser] INFO  o.b.c.a.StaticComponentContainer - (StaticComponentContainer.java:391) - ... Waiting for all tasks ending
2025-12-12 11:31:52,916 [Burningwave - Resource releaser] INFO  o.b.c.a.StaticComponentContainer - (StaticComponentContainer.java:397) - Closing all component containers
2025-12-12 11:31:52,917 [Burningwave - Resource releaser] INFO  o.b.c.a.StaticComponentContainer - (StaticComponentContainer.java:403) - Closing FileSystemHelper
2025-12-12 11:31:52,918 [Burningwave - Resource releaser] INFO  o.b.c.a.StaticComponentContainer - (StaticComponentContainer.java:409) - ... Waiting for all tasks ending before shutting down the BackgroundExecutor
2025-12-12 11:31:52,919 [Burningwave - Resource releaser] INFO  o.b.c.a.StaticComponentContainer - (StaticComponentContainer.java:414) - Shutting down BackgroundExecutor
2025-12-12 11:31:52,919 [Burningwave - Resource releaser] INFO  o.b.c.a.StaticComponentContainer - (StaticComponentContainer.java:420) - Stopping all threads monitoring thread
2025-12-12 11:31:52,920 [Burningwave - Resource releaser] INFO  o.b.c.a.StaticComponentContainer - (StaticComponentContainer.java:425) - Closing ThreadHolder
2025-12-12 11:31:52,921 [Burningwave - Resource releaser] INFO  o.b.c.a.StaticComponentContainer - (StaticComponentContainer.java:430) - Shutting down ThreadSupplier
2025-12-12 11:42:01,809 [main] INFO  o.b.c.a.StaticComponentContainer - (StaticComponentContainer.java:368) - Instantiated org.burningwave.core.SLF4JManagedLoggerRepository
2025-12-12 11:42:01,811 [main] INFO  o.b.c.a.StaticComponentContainer - (StaticComponentContainer.java:369) - 

	Configuration values for static components:

		background-executor.all-tasks-monitoring.enabled=\
			true
		background-executor.all-tasks-monitoring.interval=\
			30000
		background-executor.all-tasks-monitoring.logger.enabled=\
			false
		background-executor.all-tasks-monitoring.minimum-elapsed-time-to-consider-a-task-as-probable-dead-locked=\
			300000
		background-executor.all-tasks-monitoring.probable-dead-locked-tasks-handling.policy=\
			log only
		background-executor.queued-task-executor[0].name=\
			Low priority tasks
		background-executor.queued-task-executor[0].priority=\
			1
		background-executor.queued-task-executor[1].name=\
			Normal priority tasks
		background-executor.queued-task-executor[1].priority=\
			5
		background-executor.queued-task-executor[2].name=\
			High priority tasks
		background-executor.queued-task-executor[2].priority=\
			10
		background-executor.task-creation-tracking.enabled=\
			${background-executor.all-tasks-monitoring.enabled}
		banner.additonal-informations=\
			${Bundle-Vendor} ${Bundle-Name} ${Bundle-Version}
		banner.additonal-informations.retrieve-from-manifest-file-of=\
			Burningwave Core
		banner.file=\
			org/burningwave/banner.bwb
		banner.hide=\
			true
		buffer-handler.default-allocation-mode=\
			ByteBuffer::allocateDirect
		buffer-handler.default-buffer-size=\
			1024
		group-name-for-named-elements=\
			Burningwave
		iterable-object-helper.default-values-separator=\
			;
		iterable-object-helper.parallel-iteration.applicability.default-minimum-collection-size=\
			2
		iterable-object-helper.parallel-iteration.applicability.max-runtime-thread-count-threshold=\
			autodetect
		iterable-object-helper.parallel-iteration.applicability.output-collection-enabled-types=\
			java.util.concurrent.ConcurrentHashMap$CollectionView;\
			java.util.Collections$SynchronizedCollection;\
			java.util.concurrent.CopyOnWriteArrayList;\
			java.util.concurrent.CopyOnWriteArraySet;\
			java.util.concurrent.BlockingQueue;\
			java.util.concurrent.ConcurrentSkipListSet;\
			java.util.concurrent.ConcurrentSkipListMap$EntrySet;\
			java.util.concurrent.ConcurrentSkipListMap$KeySet;\
			java.util.concurrent.ConcurrentSkipListMap$Values;
		jvm.driver.init=\
			false
		managed-logger.repository=\
			autodetect
		managed-logger.repository.enabled=\
			true
		managed-logger.repository.logging.warn.disabled-for=\
			org.burningwave.core.assembler.ComponentContainer$ClassLoader;\
			org.burningwave.core.classes.MemoryClassLoader;\
			org.burningwave.core.classes.PathScannerClassLoader;
		modules.export-all-to-all=\
			true
		resource-releaser.enabled=\
			true
		synchronizer.all-threads-monitoring.enabled=\
			false
		synchronizer.all-threads-monitoring.interval=\
			90000
		thread-supplier.default-daemon-flag-value=\
			true
		thread-supplier.default-thread-priority=\
			5
		thread-supplier.max-detached-thread-count=\
			${thread-supplier.max-poolable-thread-count}
		thread-supplier.max-detached-thread-count.elapsed-time-threshold-from-last-increase-for-gradual-decreasing-to-initial-value=\
			30000
		thread-supplier.max-detached-thread-count.increasing-step=\
			autodetect
		thread-supplier.max-poolable-thread-count=\
			autodetect
		thread-supplier.poolable-thread-request-timeout=\
			6000


2025-12-12 11:42:01,814 [main] INFO  o.b.core.jvm.BufferHandler - (BufferHandler.java:127) - default buffer size: 1024 bytes
2025-12-12 11:42:01,814 [main] INFO  o.b.core.jvm.BufferHandler - (BufferHandler.java:141) - default allocation mode: ByteBuffer::allocateDirect
2025-12-12 11:42:01,817 [main] INFO  org.burningwave.core.Cache - (Cache.java:76) - Building cache
2025-12-12 11:42:01,834 [main] INFO  o.b.c.a.StaticComponentContainer - (StaticComponentContainer.java:443) - org.burningwave.core.assembler.StaticComponentContainer initialized in 0.0900711 seconds
2025-12-12 11:42:02,752 [Worker-5: Loading available Gradle versions] INFO  o.e.b.c.i.u.g.PublishedGradleVersions - Gradle version information cache is up-to-date. Trying to read.
2025-12-12 11:42:49,501 [Worker-1: Update Maven projects configuration] INFO  o.e.m.c.i.p.ProjectConfigurationManager - Update started
2025-12-12 11:42:50,568 [Worker-1: Update Maven projects configuration] INFO  o.e.m.c.i.l.LifecycleMappingFactory - Using org.eclipse.m2e.jdt.JarLifecycleMapping lifecycle mapping for MavenProject: com.luisdbb:tarea3AD2024base:0.0.1-SNAPSHOT @ C:\Users\ortiz\OneDrive\Documentos\proyecto\PROYECTO_ORTIZBLANCO_BRUNO\tarea3AD2024\pom.xml.
2025-12-12 11:42:51,724 [Worker-1: Update Maven projects configuration] INFO  o.e.m.j.i.AbstractJavaProjectConfigurator - Adding source folder /tarea3AD2024/src/main/java
2025-12-12 11:42:51,727 [Worker-1: Update Maven projects configuration] INFO  o.e.m.j.i.AbstractJavaProjectConfigurator - Adding resource folder /tarea3AD2024/src/main/resources
2025-12-12 11:42:51,782 [Worker-1: Update Maven projects configuration] INFO  o.e.m.j.i.AbstractJavaProjectConfigurator - Adding resource folder /tarea3AD2024/src/main/resources
2025-12-12 11:42:51,791 [Worker-1: Update Maven projects configuration] INFO  o.e.m.j.i.AbstractJavaProjectConfigurator - Adding source folder /tarea3AD2024/src/test/java
2025-12-12 11:42:51,793 [Worker-1: Update Maven projects configuration] INFO  o.e.m.j.i.AbstractJavaProjectConfigurator - Adding resource folder /tarea3AD2024/src/test/resources
2025-12-12 11:42:51,795 [Worker-1: Update Maven projects configuration] ERROR o.e.m.j.i.AbstractJavaProjectConfigurator - Failed to find a compatible VM for environment id 'JavaSE-23', falling back to workspace default
2025-12-12 11:42:53,765 [Worker-1: Update Maven projects configuration] WARN  o.apache.maven.project.MavenProject - Direct modification of compileSourceRoots through clear() is deprecated and will not work in Maven 4.0.0. Please use the add/remove methods instead. If you're using a plugin that causes this warning, please upgrade to the latest version and report an issue if the warning persists. To disable these warnings, set -Dmaven.project.sourceRoots.warningsDisabled=true on the command line, in the .mvn/maven.config file, or in project POM properties.
2025-12-12 11:42:53,766 [Worker-1: Update Maven projects configuration] WARN  o.apache.maven.project.MavenProject - Direct modification of compileSourceRoots through add() is deprecated and will not work in Maven 4.0.0. Please use the add/remove methods instead. If you're using a plugin that causes this warning, please upgrade to the latest version and report an issue if the warning persists. To disable these warnings, set -Dmaven.project.sourceRoots.warningsDisabled=true on the command line, in the .mvn/maven.config file, or in project POM properties.
2025-12-12 11:42:53,767 [Worker-1: Update Maven projects configuration] WARN  o.apache.maven.project.MavenProject - Direct modification of testCompileSourceRoots through clear() is deprecated and will not work in Maven 4.0.0. Please use the add/remove methods instead. If you're using a plugin that causes this warning, please upgrade to the latest version and report an issue if the warning persists. To disable these warnings, set -Dmaven.project.sourceRoots.warningsDisabled=true on the command line, in the .mvn/maven.config file, or in project POM properties.
2025-12-12 11:42:53,767 [Worker-1: Update Maven projects configuration] WARN  o.apache.maven.project.MavenProject - Direct modification of testCompileSourceRoots through add() is deprecated and will not work in Maven 4.0.0. Please use the add/remove methods instead. If you're using a plugin that causes this warning, please upgrade to the latest version and report an issue if the warning persists. To disable these warnings, set -Dmaven.project.sourceRoots.warningsDisabled=true on the command line, in the .mvn/maven.config file, or in project POM properties.
2025-12-12 11:42:53,778 [Worker-1: Update Maven projects configuration] INFO  o.e.m.c.i.p.ProjectConfigurationManager - Update completed for 1 poms: local refresh takes 0,00 sec, refresh facades takes 1,00 sec, update config takes 2,00 sec 
2025-12-12 11:42:54,001 [Worker-23: Building] INFO  o.a.m.s.f.DefaultMavenResourcesFiltering - Copying 1 resource from src\main\resources to target\classes
2025-12-12 11:42:54,015 [Worker-23: Building] INFO  o.a.m.s.f.DefaultMavenResourcesFiltering - Copying 5 resources from src\main\resources to target\classes
2025-12-12 11:42:54,026 [Worker-23: Building] INFO  o.a.m.s.f.DefaultMavenResourcesFiltering - skip non existing resourceDirectory C:\Users\ortiz\OneDrive\Documentos\proyecto\PROYECTO_ORTIZBLANCO_BRUNO\tarea3AD2024\src\test\resources
2025-12-12 11:42:54,282 [Worker-23: Building] WARN  o.apache.maven.project.MavenProject - Direct modification of compileSourceRoots through clear() is deprecated and will not work in Maven 4.0.0. Please use the add/remove methods instead. If you're using a plugin that causes this warning, please upgrade to the latest version and report an issue if the warning persists. To disable these warnings, set -Dmaven.project.sourceRoots.warningsDisabled=true on the command line, in the .mvn/maven.config file, or in project POM properties.
2025-12-12 11:42:54,283 [Worker-23: Building] WARN  o.apache.maven.project.MavenProject - Direct modification of compileSourceRoots through add() is deprecated and will not work in Maven 4.0.0. Please use the add/remove methods instead. If you're using a plugin that causes this warning, please upgrade to the latest version and report an issue if the warning persists. To disable these warnings, set -Dmaven.project.sourceRoots.warningsDisabled=true on the command line, in the .mvn/maven.config file, or in project POM properties.
2025-12-12 11:42:54,283 [Worker-23: Building] WARN  o.apache.maven.project.MavenProject - Direct modification of testCompileSourceRoots through clear() is deprecated and will not work in Maven 4.0.0. Please use the add/remove methods instead. If you're using a plugin that causes this warning, please upgrade to the latest version and report an issue if the warning persists. To disable these warnings, set -Dmaven.project.sourceRoots.warningsDisabled=true on the command line, in the .mvn/maven.config file, or in project POM properties.
2025-12-12 11:42:54,284 [Worker-23: Building] WARN  o.apache.maven.project.MavenProject - Direct modification of testCompileSourceRoots through add() is deprecated and will not work in Maven 4.0.0. Please use the add/remove methods instead. If you're using a plugin that causes this warning, please upgrade to the latest version and report an issue if the warning persists. To disable these warnings, set -Dmaven.project.sourceRoots.warningsDisabled=true on the command line, in the .mvn/maven.config file, or in project POM properties.
2025-12-12 11:43:17,489 [Worker-28: Launching Executing install in C__Users_ortiz_OneDrive_Documentos_proyecto_PROYECTO_ORTIZBLANCO_BRUNO_tarea3AD2024] INFO  o.eclipse.m2e.core.internal.Bundles - getClasspathEntries(Bundle=org.eclipse.m2e.maven.runtime_3.9.1100.20250811-2018 [641])
2025-12-12 11:43:17,490 [Worker-28: Launching Executing install in C__Users_ortiz_OneDrive_Documentos_proyecto_PROYECTO_ORTIZBLANCO_BRUNO_tarea3AD2024] INFO  o.eclipse.m2e.core.internal.Bundles - 	Entry: C:\Users\ortiz\.p2\pool\plugins\org.eclipse.m2e.maven.runtime_3.9.1100.20250811-2018
2025-12-12 11:43:17,490 [Worker-28: Launching Executing install in C__Users_ortiz_OneDrive_Documentos_proyecto_PROYECTO_ORTIZBLANCO_BRUNO_tarea3AD2024] INFO  o.eclipse.m2e.core.internal.Bundles - 	Entry: C:\Users\ortiz\.p2\pool\plugins\org.eclipse.m2e.maven.runtime_3.9.1100.20250811-2018\jars\aopalliance-1.0.jar
2025-12-12 11:43:17,490 [Worker-28: Launching Executing install in C__Users_ortiz_OneDrive_Documentos_proyecto_PROYECTO_ORTIZBLANCO_BRUNO_tarea3AD2024] INFO  o.eclipse.m2e.core.internal.Bundles - 	Entry: C:\Users\ortiz\.p2\pool\plugins\org.eclipse.m2e.maven.runtime_3.9.1100.20250811-2018\jars\asm-9.8.jar
2025-12-12 11:43:17,491 [Worker-28: Launching Executing install in C__Users_ortiz_OneDrive_Documentos_proyecto_PROYECTO_ORTIZBLANCO_BRUNO_tarea3AD2024] INFO  o.eclipse.m2e.core.internal.Bundles - 	Entry: C:\Users\ortiz\.p2\pool\plugins\org.eclipse.m2e.maven.runtime_3.9.1100.20250811-2018\jars\error_prone_annotations-2.38.0.jar
2025-12-12 11:43:17,491 [Worker-28: Launching Executing install in C__Users_ortiz_OneDrive_Documentos_proyecto_PROYECTO_ORTIZBLANCO_BRUNO_tarea3AD2024] INFO  o.eclipse.m2e.core.internal.Bundles - 	Entry: C:\Users\ortiz\.p2\pool\plugins\org.eclipse.m2e.maven.runtime_3.9.1100.20250811-2018\jars\gson-2.13.1.jar
2025-12-12 11:43:17,491 [Worker-28: Launching Executing install in C__Users_ortiz_OneDrive_Documentos_proyecto_PROYECTO_ORTIZBLANCO_BRUNO_tarea3AD2024] INFO  o.eclipse.m2e.core.internal.Bundles - 	Entry: C:\Users\ortiz\.p2\pool\plugins\org.eclipse.m2e.maven.runtime_3.9.1100.20250811-2018\jars\guice-5.1.0-classes.jar
2025-12-12 11:43:17,491 [Worker-28: Launching Executing install in C__Users_ortiz_OneDrive_Documentos_proyecto_PROYECTO_ORTIZBLANCO_BRUNO_tarea3AD2024] INFO  o.eclipse.m2e.core.internal.Bundles - 	Entry: C:\Users\ortiz\.p2\pool\plugins\org.eclipse.m2e.maven.runtime_3.9.1100.20250811-2018\jars\httpclient-4.5.14.jar
2025-12-12 11:43:17,491 [Worker-28: Launching Executing install in C__Users_ortiz_OneDrive_Documentos_proyecto_PROYECTO_ORTIZBLANCO_BRUNO_tarea3AD2024] INFO  o.eclipse.m2e.core.internal.Bundles - 	Entry: C:\Users\ortiz\.p2\pool\plugins\org.eclipse.m2e.maven.runtime_3.9.1100.20250811-2018\jars\httpcore-4.4.16.jar
2025-12-12 11:43:17,491 [Worker-28: Launching Executing install in C__Users_ortiz_OneDrive_Documentos_proyecto_PROYECTO_ORTIZBLANCO_BRUNO_tarea3AD2024] INFO  o.eclipse.m2e.core.internal.Bundles - 	Entry: C:\Users\ortiz\.p2\pool\plugins\org.eclipse.m2e.maven.runtime_3.9.1100.20250811-2018\jars\jansi-2.4.2.jar
2025-12-12 11:43:17,491 [Worker-28: Launching Executing install in C__Users_ortiz_OneDrive_Documentos_proyecto_PROYECTO_ORTIZBLANCO_BRUNO_tarea3AD2024] INFO  o.eclipse.m2e.core.internal.Bundles - 	Entry: C:\Users\ortiz\.p2\pool\plugins\org.eclipse.m2e.maven.runtime_3.9.1100.20250811-2018\jars\jcl-over-slf4j-1.7.36.jar
2025-12-12 11:43:17,492 [Worker-28: Launching Executing install in C__Users_ortiz_OneDrive_Documentos_proyecto_PROYECTO_ORTIZBLANCO_BRUNO_tarea3AD2024] INFO  o.eclipse.m2e.core.internal.Bundles - 	Entry: C:\Users\ortiz\.p2\pool\plugins\org.eclipse.m2e.maven.runtime_3.9.1100.20250811-2018\jars\maven-artifact-3.9.11.jar
2025-12-12 11:43:17,492 [Worker-28: Launching Executing install in C__Users_ortiz_OneDrive_Documentos_proyecto_PROYECTO_ORTIZBLANCO_BRUNO_tarea3AD2024] INFO  o.eclipse.m2e.core.internal.Bundles - 	Entry: C:\Users\ortiz\.p2\pool\plugins\org.eclipse.m2e.maven.runtime_3.9.1100.20250811-2018\jars\maven-builder-support-3.9.11.jar
2025-12-12 11:43:17,492 [Worker-28: Launching Executing install in C__Users_ortiz_OneDrive_Documentos_proyecto_PROYECTO_ORTIZBLANCO_BRUNO_tarea3AD2024] INFO  o.eclipse.m2e.core.internal.Bundles - 	Entry: C:\Users\ortiz\.p2\pool\plugins\org.eclipse.m2e.maven.runtime_3.9.1100.20250811-2018\jars\maven-compat-3.9.11.jar
2025-12-12 11:43:17,492 [Worker-28: Launching Executing install in C__Users_ortiz_OneDrive_Documentos_proyecto_PROYECTO_ORTIZBLANCO_BRUNO_tarea3AD2024] INFO  o.eclipse.m2e.core.internal.Bundles - 	Entry: C:\Users\ortiz\.p2\pool\plugins\org.eclipse.m2e.maven.runtime_3.9.1100.20250811-2018\jars\maven-core-3.9.11.jar
2025-12-12 11:43:17,492 [Worker-28: Launching Executing install in C__Users_ortiz_OneDrive_Documentos_proyecto_PROYECTO_ORTIZBLANCO_BRUNO_tarea3AD2024] INFO  o.eclipse.m2e.core.internal.Bundles - 	Entry: C:\Users\ortiz\.p2\pool\plugins\org.eclipse.m2e.maven.runtime_3.9.1100.20250811-2018\jars\maven-embedder-3.9.11.jar
2025-12-12 11:43:17,493 [Worker-28: Launching Executing install in C__Users_ortiz_OneDrive_Documentos_proyecto_PROYECTO_ORTIZBLANCO_BRUNO_tarea3AD2024] INFO  o.eclipse.m2e.core.internal.Bundles - 	Entry: C:\Users\ortiz\.p2\pool\plugins\org.eclipse.m2e.maven.runtime_3.9.1100.20250811-2018\jars\maven-model-3.9.11.jar
2025-12-12 11:43:17,493 [Worker-28: Launching Executing install in C__Users_ortiz_OneDrive_Documentos_proyecto_PROYECTO_ORTIZBLANCO_BRUNO_tarea3AD2024] INFO  o.eclipse.m2e.core.internal.Bundles - 	Entry: C:\Users\ortiz\.p2\pool\plugins\org.eclipse.m2e.maven.runtime_3.9.1100.20250811-2018\jars\maven-model-builder-3.9.11.jar
2025-12-12 11:43:17,493 [Worker-28: Launching Executing install in C__Users_ortiz_OneDrive_Documentos_proyecto_PROYECTO_ORTIZBLANCO_BRUNO_tarea3AD2024] INFO  o.eclipse.m2e.core.internal.Bundles - 	Entry: C:\Users\ortiz\.p2\pool\plugins\org.eclipse.m2e.maven.runtime_3.9.1100.20250811-2018\jars\maven-plugin-api-3.9.11.jar
2025-12-12 11:43:17,493 [Worker-28: Launching Executing install in C__Users_ortiz_OneDrive_Documentos_proyecto_PROYECTO_ORTIZBLANCO_BRUNO_tarea3AD2024] INFO  o.eclipse.m2e.core.internal.Bundles - 	Entry: C:\Users\ortiz\.p2\pool\plugins\org.eclipse.m2e.maven.runtime_3.9.1100.20250811-2018\jars\maven-repository-metadata-3.9.11.jar
2025-12-12 11:43:17,493 [Worker-28: Launching Executing install in C__Users_ortiz_OneDrive_Documentos_proyecto_PROYECTO_ORTIZBLANCO_BRUNO_tarea3AD2024] INFO  o.eclipse.m2e.core.internal.Bundles - 	Entry: C:\Users\ortiz\.p2\pool\plugins\org.eclipse.m2e.maven.runtime_3.9.1100.20250811-2018\jars\maven-resolver-api-1.9.24.jar
2025-12-12 11:43:17,493 [Worker-28: Launching Executing install in C__Users_ortiz_OneDrive_Documentos_proyecto_PROYECTO_ORTIZBLANCO_BRUNO_tarea3AD2024] INFO  o.eclipse.m2e.core.internal.Bundles - 	Entry: C:\Users\ortiz\.p2\pool\plugins\org.eclipse.m2e.maven.runtime_3.9.1100.20250811-2018\jars\maven-resolver-connector-basic-1.9.24.jar
2025-12-12 11:43:17,493 [Worker-28: Launching Executing install in C__Users_ortiz_OneDrive_Documentos_proyecto_PROYECTO_ORTIZBLANCO_BRUNO_tarea3AD2024] INFO  o.eclipse.m2e.core.internal.Bundles - 	Entry: C:\Users\ortiz\.p2\pool\plugins\org.eclipse.m2e.maven.runtime_3.9.1100.20250811-2018\jars\maven-resolver-impl-1.9.24.jar
2025-12-12 11:43:17,494 [Worker-28: Launching Executing install in C__Users_ortiz_OneDrive_Documentos_proyecto_PROYECTO_ORTIZBLANCO_BRUNO_tarea3AD2024] INFO  o.eclipse.m2e.core.internal.Bundles - 	Entry: C:\Users\ortiz\.p2\pool\plugins\org.eclipse.m2e.maven.runtime_3.9.1100.20250811-2018\jars\maven-resolver-named-locks-1.9.24.jar
2025-12-12 11:43:17,494 [Worker-28: Launching Executing install in C__Users_ortiz_OneDrive_Documentos_proyecto_PROYECTO_ORTIZBLANCO_BRUNO_tarea3AD2024] INFO  o.eclipse.m2e.core.internal.Bundles - 	Entry: C:\Users\ortiz\.p2\pool\plugins\org.eclipse.m2e.maven.runtime_3.9.1100.20250811-2018\jars\maven-resolver-provider-3.9.11.jar
2025-12-12 11:43:17,494 [Worker-28: Launching Executing install in C__Users_ortiz_OneDrive_Documentos_proyecto_PROYECTO_ORTIZBLANCO_BRUNO_tarea3AD2024] INFO  o.eclipse.m2e.core.internal.Bundles - 	Entry: C:\Users\ortiz\.p2\pool\plugins\org.eclipse.m2e.maven.runtime_3.9.1100.20250811-2018\jars\maven-resolver-spi-1.9.24.jar
2025-12-12 11:43:17,494 [Worker-28: Launching Executing install in C__Users_ortiz_OneDrive_Documentos_proyecto_PROYECTO_ORTIZBLANCO_BRUNO_tarea3AD2024] INFO  o.eclipse.m2e.core.internal.Bundles - 	Entry: C:\Users\ortiz\.p2\pool\plugins\org.eclipse.m2e.maven.runtime_3.9.1100.20250811-2018\jars\maven-resolver-transport-file-1.9.24.jar
2025-12-12 11:43:17,494 [Worker-28: Launching Executing install in C__Users_ortiz_OneDrive_Documentos_proyecto_PROYECTO_ORTIZBLANCO_BRUNO_tarea3AD2024] INFO  o.eclipse.m2e.core.internal.Bundles - 	Entry: C:\Users\ortiz\.p2\pool\plugins\org.eclipse.m2e.maven.runtime_3.9.1100.20250811-2018\jars\maven-resolver-transport-http-1.9.24.jar
2025-12-12 11:43:17,494 [Worker-28: Launching Executing install in C__Users_ortiz_OneDrive_Documentos_proyecto_PROYECTO_ORTIZBLANCO_BRUNO_tarea3AD2024] INFO  o.eclipse.m2e.core.internal.Bundles - 	Entry: C:\Users\ortiz\.p2\pool\plugins\org.eclipse.m2e.maven.runtime_3.9.1100.20250811-2018\jars\maven-resolver-transport-wagon-1.9.24.jar
2025-12-12 11:43:17,495 [Worker-28: Launching Executing install in C__Users_ortiz_OneDrive_Documentos_proyecto_PROYECTO_ORTIZBLANCO_BRUNO_tarea3AD2024] INFO  o.eclipse.m2e.core.internal.Bundles - 	Entry: C:\Users\ortiz\.p2\pool\plugins\org.eclipse.m2e.maven.runtime_3.9.1100.20250811-2018\jars\maven-resolver-util-1.9.24.jar
2025-12-12 11:43:17,495 [Worker-28: Launching Executing install in C__Users_ortiz_OneDrive_Documentos_proyecto_PROYECTO_ORTIZBLANCO_BRUNO_tarea3AD2024] INFO  o.eclipse.m2e.core.internal.Bundles - 	Entry: C:\Users\ortiz\.p2\pool\plugins\org.eclipse.m2e.maven.runtime_3.9.1100.20250811-2018\jars\maven-settings-3.9.11.jar
2025-12-12 11:43:17,495 [Worker-28: Launching Executing install in C__Users_ortiz_OneDrive_Documentos_proyecto_PROYECTO_ORTIZBLANCO_BRUNO_tarea3AD2024] INFO  o.eclipse.m2e.core.internal.Bundles - 	Entry: C:\Users\ortiz\.p2\pool\plugins\org.eclipse.m2e.maven.runtime_3.9.1100.20250811-2018\jars\maven-settings-builder-3.9.11.jar
2025-12-12 11:43:17,495 [Worker-28: Launching Executing install in C__Users_ortiz_OneDrive_Documentos_proyecto_PROYECTO_ORTIZBLANCO_BRUNO_tarea3AD2024] INFO  o.eclipse.m2e.core.internal.Bundles - 	Entry: C:\Users\ortiz\.p2\pool\plugins\org.eclipse.m2e.maven.runtime_3.9.1100.20250811-2018\jars\maven-shared-utils-3.4.2.jar
2025-12-12 11:43:17,495 [Worker-28: Launching Executing install in C__Users_ortiz_OneDrive_Documentos_proyecto_PROYECTO_ORTIZBLANCO_BRUNO_tarea3AD2024] INFO  o.eclipse.m2e.core.internal.Bundles - 	Entry: C:\Users\ortiz\.p2\pool\plugins\org.eclipse.m2e.maven.runtime_3.9.1100.20250811-2018\jars\org.eclipse.sisu.inject-0.9.0.M4.jar
2025-12-12 11:43:17,495 [Worker-28: Launching Executing install in C__Users_ortiz_OneDrive_Documentos_proyecto_PROYECTO_ORTIZBLANCO_BRUNO_tarea3AD2024] INFO  o.eclipse.m2e.core.internal.Bundles - 	Entry: C:\Users\ortiz\.p2\pool\plugins\org.eclipse.m2e.maven.runtime_3.9.1100.20250811-2018\jars\org.eclipse.sisu.plexus-0.9.0.M4.jar
2025-12-12 11:43:17,495 [Worker-28: Launching Executing install in C__Users_ortiz_OneDrive_Documentos_proyecto_PROYECTO_ORTIZBLANCO_BRUNO_tarea3AD2024] INFO  o.eclipse.m2e.core.internal.Bundles - 	Entry: C:\Users\ortiz\.p2\pool\plugins\org.eclipse.m2e.maven.runtime_3.9.1100.20250811-2018\jars\plexus-build-api-0.0.7.jar
2025-12-12 11:43:17,496 [Worker-28: Launching Executing install in C__Users_ortiz_OneDrive_Documentos_proyecto_PROYECTO_ORTIZBLANCO_BRUNO_tarea3AD2024] INFO  o.eclipse.m2e.core.internal.Bundles - 	Entry: C:\Users\ortiz\.p2\pool\plugins\org.eclipse.m2e.maven.runtime_3.9.1100.20250811-2018\jars\plexus-build-api-1.2.0.jar
2025-12-12 11:43:17,496 [Worker-28: Launching Executing install in C__Users_ortiz_OneDrive_Documentos_proyecto_PROYECTO_ORTIZBLANCO_BRUNO_tarea3AD2024] INFO  o.eclipse.m2e.core.internal.Bundles - 	Entry: C:\Users\ortiz\.p2\pool\plugins\org.eclipse.m2e.maven.runtime_3.9.1100.20250811-2018\jars\plexus-cipher-2.0.jar
2025-12-12 11:43:17,496 [Worker-28: Launching Executing install in C__Users_ortiz_OneDrive_Documentos_proyecto_PROYECTO_ORTIZBLANCO_BRUNO_tarea3AD2024] INFO  o.eclipse.m2e.core.internal.Bundles - 	Entry: C:\Users\ortiz\.p2\pool\plugins\org.eclipse.m2e.maven.runtime_3.9.1100.20250811-2018\jars\plexus-classworlds-2.9.0.jar
2025-12-12 11:43:17,496 [Worker-28: Launching Executing install in C__Users_ortiz_OneDrive_Documentos_proyecto_PROYECTO_ORTIZBLANCO_BRUNO_tarea3AD2024] INFO  o.eclipse.m2e.core.internal.Bundles - 	Entry: C:\Users\ortiz\.p2\pool\plugins\org.eclipse.m2e.maven.runtime_3.9.1100.20250811-2018\jars\plexus-component-annotations-2.2.0.jar
2025-12-12 11:43:17,496 [Worker-28: Launching Executing install in C__Users_ortiz_OneDrive_Documentos_proyecto_PROYECTO_ORTIZBLANCO_BRUNO_tarea3AD2024] INFO  o.eclipse.m2e.core.internal.Bundles - 	Entry: C:\Users\ortiz\.p2\pool\plugins\org.eclipse.m2e.maven.runtime_3.9.1100.20250811-2018\jars\plexus-interpolation-1.28.jar
2025-12-12 11:43:17,496 [Worker-28: Launching Executing install in C__Users_ortiz_OneDrive_Documentos_proyecto_PROYECTO_ORTIZBLANCO_BRUNO_tarea3AD2024] INFO  o.eclipse.m2e.core.internal.Bundles - 	Entry: C:\Users\ortiz\.p2\pool\plugins\org.eclipse.m2e.maven.runtime_3.9.1100.20250811-2018\jars\plexus-sec-dispatcher-2.0.jar
2025-12-12 11:43:17,496 [Worker-28: Launching Executing install in C__Users_ortiz_OneDrive_Documentos_proyecto_PROYECTO_ORTIZBLANCO_BRUNO_tarea3AD2024] INFO  o.eclipse.m2e.core.internal.Bundles - 	Entry: C:\Users\ortiz\.p2\pool\plugins\org.eclipse.m2e.maven.runtime_3.9.1100.20250811-2018\jars\plexus-utils-3.6.0.jar
2025-12-12 11:43:17,497 [Worker-28: Launching Executing install in C__Users_ortiz_OneDrive_Documentos_proyecto_PROYECTO_ORTIZBLANCO_BRUNO_tarea3AD2024] INFO  o.eclipse.m2e.core.internal.Bundles - 	Entry: C:\Users\ortiz\.p2\pool\plugins\org.eclipse.m2e.maven.runtime_3.9.1100.20250811-2018\jars\wagon-file-3.5.3.jar
2025-12-12 11:43:17,497 [Worker-28: Launching Executing install in C__Users_ortiz_OneDrive_Documentos_proyecto_PROYECTO_ORTIZBLANCO_BRUNO_tarea3AD2024] INFO  o.eclipse.m2e.core.internal.Bundles - 	Entry: C:\Users\ortiz\.p2\pool\plugins\org.eclipse.m2e.maven.runtime_3.9.1100.20250811-2018\jars\wagon-http-3.5.3.jar
2025-12-12 11:43:17,497 [Worker-28: Launching Executing install in C__Users_ortiz_OneDrive_Documentos_proyecto_PROYECTO_ORTIZBLANCO_BRUNO_tarea3AD2024] INFO  o.eclipse.m2e.core.internal.Bundles - 	Entry: C:\Users\ortiz\.p2\pool\plugins\org.eclipse.m2e.maven.runtime_3.9.1100.20250811-2018\jars\wagon-http-shared-3.5.3.jar
2025-12-12 11:43:17,497 [Worker-28: Launching Executing install in C__Users_ortiz_OneDrive_Documentos_proyecto_PROYECTO_ORTIZBLANCO_BRUNO_tarea3AD2024] INFO  o.eclipse.m2e.core.internal.Bundles - 	Entry: C:\Users\ortiz\.p2\pool\plugins\org.eclipse.m2e.maven.runtime_3.9.1100.20250811-2018\jars\wagon-provider-api-3.5.3.jar
2025-12-12 11:43:17,499 [Worker-28: Launching Executing install in C__Users_ortiz_OneDrive_Documentos_proyecto_PROYECTO_ORTIZBLANCO_BRUNO_tarea3AD2024] INFO  o.eclipse.m2e.core.internal.Bundles - getClasspathEntries(Bundle=com.google.guava_33.5.0.jre [1329])
2025-12-12 11:43:17,499 [Worker-28: Launching Executing install in C__Users_ortiz_OneDrive_Documentos_proyecto_PROYECTO_ORTIZBLANCO_BRUNO_tarea3AD2024] INFO  o.eclipse.m2e.core.internal.Bundles - 	Entry: C:\Users\ortiz\.p2\pool\plugins\com.google.guava_33.5.0.jre.jar
2025-12-12 11:43:17,499 [Worker-28: Launching Executing install in C__Users_ortiz_OneDrive_Documentos_proyecto_PROYECTO_ORTIZBLANCO_BRUNO_tarea3AD2024] INFO  o.eclipse.m2e.core.internal.Bundles - getClasspathEntries(Bundle=slf4j.api_2.0.17 [1006])
2025-12-12 11:43:17,499 [Worker-28: Launching Executing install in C__Users_ortiz_OneDrive_Documentos_proyecto_PROYECTO_ORTIZBLANCO_BRUNO_tarea3AD2024] INFO  o.eclipse.m2e.core.internal.Bundles - 	Entry: C:\Users\ortiz\.p2\pool\plugins\slf4j.api_2.0.17.jar
2025-12-12 11:43:17,500 [Worker-28: Launching Executing install in C__Users_ortiz_OneDrive_Documentos_proyecto_PROYECTO_ORTIZBLANCO_BRUNO_tarea3AD2024] INFO  o.eclipse.m2e.core.internal.Bundles - getClasspathEntries(Bundle=jakarta.inject.jakarta.inject-api_1.0.5 [35])
2025-12-12 11:43:17,500 [Worker-28: Launching Executing install in C__Users_ortiz_OneDrive_Documentos_proyecto_PROYECTO_ORTIZBLANCO_BRUNO_tarea3AD2024] INFO  o.eclipse.m2e.core.internal.Bundles - 	Entry: C:\Users\ortiz\.p2\pool\plugins\jakarta.inject.jakarta.inject-api_1.0.5.jar
2025-12-12 11:43:17,500 [Worker-28: Launching Executing install in C__Users_ortiz_OneDrive_Documentos_proyecto_PROYECTO_ORTIZBLANCO_BRUNO_tarea3AD2024] INFO  o.eclipse.m2e.core.internal.Bundles - getClasspathEntries(Bundle=jakarta.annotation-api_1.3.5 [31])
2025-12-12 11:43:17,500 [Worker-28: Launching Executing install in C__Users_ortiz_OneDrive_Documentos_proyecto_PROYECTO_ORTIZBLANCO_BRUNO_tarea3AD2024] INFO  o.eclipse.m2e.core.internal.Bundles - 	Entry: C:\Users\ortiz\.p2\pool\plugins\jakarta.annotation-api_1.3.5.jar
2025-12-12 11:43:17,500 [Worker-28: Launching Executing install in C__Users_ortiz_OneDrive_Documentos_proyecto_PROYECTO_ORTIZBLANCO_BRUNO_tarea3AD2024] INFO  o.eclipse.m2e.core.internal.Bundles - getClasspathEntries(Bundle=org.apache.commons.cli_1.10.0 [75])
2025-12-12 11:43:17,501 [Worker-28: Launching Executing install in C__Users_ortiz_OneDrive_Documentos_proyecto_PROYECTO_ORTIZBLANCO_BRUNO_tarea3AD2024] INFO  o.eclipse.m2e.core.internal.Bundles - 	Entry: C:\Users\ortiz\.p2\pool\plugins\org.apache.commons.cli_1.10.0.jar
2025-12-12 11:43:17,501 [Worker-28: Launching Executing install in C__Users_ortiz_OneDrive_Documentos_proyecto_PROYECTO_ORTIZBLANCO_BRUNO_tarea3AD2024] INFO  o.eclipse.m2e.core.internal.Bundles - getClasspathEntries(Bundle=org.apache.commons.commons-codec_1.20.0 [1265])
2025-12-12 11:43:17,501 [Worker-28: Launching Executing install in C__Users_ortiz_OneDrive_Documentos_proyecto_PROYECTO_ORTIZBLANCO_BRUNO_tarea3AD2024] INFO  o.eclipse.m2e.core.internal.Bundles - 	Entry: C:\Users\ortiz\.p2\pool\plugins\org.apache.commons.commons-codec_1.20.0.jar
2025-12-12 11:43:17,501 [Worker-28: Launching Executing install in C__Users_ortiz_OneDrive_Documentos_proyecto_PROYECTO_ORTIZBLANCO_BRUNO_tarea3AD2024] INFO  o.eclipse.m2e.core.internal.Bundles - getClasspathEntries(Bundle=com.google.guava.failureaccess_1.0.3 [19])
2025-12-12 11:43:17,501 [Worker-28: Launching Executing install in C__Users_ortiz_OneDrive_Documentos_proyecto_PROYECTO_ORTIZBLANCO_BRUNO_tarea3AD2024] INFO  o.eclipse.m2e.core.internal.Bundles - 	Entry: C:\Users\ortiz\.p2\pool\plugins\com.google.guava.failureaccess_1.0.3.jar
2025-12-12 11:43:17,503 [Worker-28: Launching Executing install in C__Users_ortiz_OneDrive_Documentos_proyecto_PROYECTO_ORTIZBLANCO_BRUNO_tarea3AD2024] INFO  o.e.m.i.launch.MavenLaunchDelegate - Run build in "C:\Users\ortiz\OneDrive\Documentos\proyecto\PROYECTO_ORTIZBLANCO_BRUNO\tarea3AD2024":
2025-12-12 11:43:17,506 [Worker-28: Launching Executing install in C__Users_ortiz_OneDrive_Documentos_proyecto_PROYECTO_ORTIZBLANCO_BRUNO_tarea3AD2024] INFO  o.e.m.i.launch.MavenLaunchDelegate -  mvn  -B -Dstyle.color=always install
2025-12-12 11:43:48,670 [Worker-23: Building] INFO  o.e.m.c.i.l.LifecycleMappingFactory - Using org.eclipse.m2e.jdt.JarLifecycleMapping lifecycle mapping for MavenProject: com.luisdbb:tarea3AD2024base:0.0.1-SNAPSHOT @ C:\Users\ortiz\OneDrive\Documentos\proyecto\PROYECTO_ORTIZBLANCO_BRUNO\tarea3AD2024\pom.xml.
2025-12-12 11:43:49,270 [Worker-23: Building] INFO  o.a.m.s.f.DefaultMavenResourcesFiltering - Copying 0 resource from src\main\resources to target\classes
2025-12-12 11:43:49,272 [Worker-23: Building] INFO  o.a.m.s.f.DefaultMavenResourcesFiltering - Copying 0 resource from src\main\resources to target\classes
2025-12-12 11:43:49,278 [Worker-23: Building] INFO  o.a.m.s.f.DefaultMavenResourcesFiltering - skip non existing resourceDirectory C:\Users\ortiz\OneDrive\Documentos\proyecto\PROYECTO_ORTIZBLANCO_BRUNO\tarea3AD2024\src\test\resources
2025-12-12 11:43:49,293 [Worker-23: Building] WARN  o.apache.maven.project.MavenProject - Direct modification of compileSourceRoots through clear() is deprecated and will not work in Maven 4.0.0. Please use the add/remove methods instead. If you're using a plugin that causes this warning, please upgrade to the latest version and report an issue if the warning persists. To disable these warnings, set -Dmaven.project.sourceRoots.warningsDisabled=true on the command line, in the .mvn/maven.config file, or in project POM properties.
2025-12-12 11:43:49,294 [Worker-23: Building] WARN  o.apache.maven.project.MavenProject - Direct modification of compileSourceRoots through add() is deprecated and will not work in Maven 4.0.0. Please use the add/remove methods instead. If you're using a plugin that causes this warning, please upgrade to the latest version and report an issue if the warning persists. To disable these warnings, set -Dmaven.project.sourceRoots.warningsDisabled=true on the command line, in the .mvn/maven.config file, or in project POM properties.
2025-12-12 11:43:49,295 [Worker-23: Building] WARN  o.apache.maven.project.MavenProject - Direct modification of testCompileSourceRoots through clear() is deprecated and will not work in Maven 4.0.0. Please use the add/remove methods instead. If you're using a plugin that causes this warning, please upgrade to the latest version and report an issue if the warning persists. To disable these warnings, set -Dmaven.project.sourceRoots.warningsDisabled=true on the command line, in the .mvn/maven.config file, or in project POM properties.
2025-12-12 11:43:49,296 [Worker-23: Building] WARN  o.apache.maven.project.MavenProject - Direct modification of testCompileSourceRoots through add() is deprecated and will not work in Maven 4.0.0. Please use the add/remove methods instead. If you're using a plugin that causes this warning, please upgrade to the latest version and report an issue if the warning persists. To disable these warnings, set -Dmaven.project.sourceRoots.warningsDisabled=true on the command line, in the .mvn/maven.config file, or in project POM properties.
2025-12-12 11:43:55,240 [Worker-25: Launching Executing clean in C__Users_ortiz_OneDrive_Documentos_proyecto_PROYECTO_ORTIZBLANCO_BRUNO_tarea3AD2024] INFO  o.eclipse.m2e.core.internal.Bundles - getClasspathEntries(Bundle=org.eclipse.m2e.maven.runtime_3.9.1100.20250811-2018 [641])
2025-12-12 11:43:55,241 [Worker-25: Launching Executing clean in C__Users_ortiz_OneDrive_Documentos_proyecto_PROYECTO_ORTIZBLANCO_BRUNO_tarea3AD2024] INFO  o.eclipse.m2e.core.internal.Bundles - 	Entry: C:\Users\ortiz\.p2\pool\plugins\org.eclipse.m2e.maven.runtime_3.9.1100.20250811-2018
2025-12-12 11:43:55,241 [Worker-25: Launching Executing clean in C__Users_ortiz_OneDrive_Documentos_proyecto_PROYECTO_ORTIZBLANCO_BRUNO_tarea3AD2024] INFO  o.eclipse.m2e.core.internal.Bundles - 	Entry: C:\Users\ortiz\.p2\pool\plugins\org.eclipse.m2e.maven.runtime_3.9.1100.20250811-2018\jars\aopalliance-1.0.jar
2025-12-12 11:43:55,242 [Worker-25: Launching Executing clean in C__Users_ortiz_OneDrive_Documentos_proyecto_PROYECTO_ORTIZBLANCO_BRUNO_tarea3AD2024] INFO  o.eclipse.m2e.core.internal.Bundles - 	Entry: C:\Users\ortiz\.p2\pool\plugins\org.eclipse.m2e.maven.runtime_3.9.1100.20250811-2018\jars\asm-9.8.jar
2025-12-12 11:43:55,242 [Worker-25: Launching Executing clean in C__Users_ortiz_OneDrive_Documentos_proyecto_PROYECTO_ORTIZBLANCO_BRUNO_tarea3AD2024] INFO  o.eclipse.m2e.core.internal.Bundles - 	Entry: C:\Users\ortiz\.p2\pool\plugins\org.eclipse.m2e.maven.runtime_3.9.1100.20250811-2018\jars\error_prone_annotations-2.38.0.jar
2025-12-12 11:43:55,242 [Worker-25: Launching Executing clean in C__Users_ortiz_OneDrive_Documentos_proyecto_PROYECTO_ORTIZBLANCO_BRUNO_tarea3AD2024] INFO  o.eclipse.m2e.core.internal.Bundles - 	Entry: C:\Users\ortiz\.p2\pool\plugins\org.eclipse.m2e.maven.runtime_3.9.1100.20250811-2018\jars\gson-2.13.1.jar
2025-12-12 11:43:55,242 [Worker-25: Launching Executing clean in C__Users_ortiz_OneDrive_Documentos_proyecto_PROYECTO_ORTIZBLANCO_BRUNO_tarea3AD2024] INFO  o.eclipse.m2e.core.internal.Bundles - 	Entry: C:\Users\ortiz\.p2\pool\plugins\org.eclipse.m2e.maven.runtime_3.9.1100.20250811-2018\jars\guice-5.1.0-classes.jar
2025-12-12 11:43:55,242 [Worker-25: Launching Executing clean in C__Users_ortiz_OneDrive_Documentos_proyecto_PROYECTO_ORTIZBLANCO_BRUNO_tarea3AD2024] INFO  o.eclipse.m2e.core.internal.Bundles - 	Entry: C:\Users\ortiz\.p2\pool\plugins\org.eclipse.m2e.maven.runtime_3.9.1100.20250811-2018\jars\httpclient-4.5.14.jar
2025-12-12 11:43:55,243 [Worker-25: Launching Executing clean in C__Users_ortiz_OneDrive_Documentos_proyecto_PROYECTO_ORTIZBLANCO_BRUNO_tarea3AD2024] INFO  o.eclipse.m2e.core.internal.Bundles - 	Entry: C:\Users\ortiz\.p2\pool\plugins\org.eclipse.m2e.maven.runtime_3.9.1100.20250811-2018\jars\httpcore-4.4.16.jar
2025-12-12 11:43:55,243 [Worker-25: Launching Executing clean in C__Users_ortiz_OneDrive_Documentos_proyecto_PROYECTO_ORTIZBLANCO_BRUNO_tarea3AD2024] INFO  o.eclipse.m2e.core.internal.Bundles - 	Entry: C:\Users\ortiz\.p2\pool\plugins\org.eclipse.m2e.maven.runtime_3.9.1100.20250811-2018\jars\jansi-2.4.2.jar
2025-12-12 11:43:55,243 [Worker-25: Launching Executing clean in C__Users_ortiz_OneDrive_Documentos_proyecto_PROYECTO_ORTIZBLANCO_BRUNO_tarea3AD2024] INFO  o.eclipse.m2e.core.internal.Bundles - 	Entry: C:\Users\ortiz\.p2\pool\plugins\org.eclipse.m2e.maven.runtime_3.9.1100.20250811-2018\jars\jcl-over-slf4j-1.7.36.jar
2025-12-12 11:43:55,243 [Worker-25: Launching Executing clean in C__Users_ortiz_OneDrive_Documentos_proyecto_PROYECTO_ORTIZBLANCO_BRUNO_tarea3AD2024] INFO  o.eclipse.m2e.core.internal.Bundles - 	Entry: C:\Users\ortiz\.p2\pool\plugins\org.eclipse.m2e.maven.runtime_3.9.1100.20250811-2018\jars\maven-artifact-3.9.11.jar
2025-12-12 11:43:55,244 [Worker-25: Launching Executing clean in C__Users_ortiz_OneDrive_Documentos_proyecto_PROYECTO_ORTIZBLANCO_BRUNO_tarea3AD2024] INFO  o.eclipse.m2e.core.internal.Bundles - 	Entry: C:\Users\ortiz\.p2\pool\plugins\org.eclipse.m2e.maven.runtime_3.9.1100.20250811-2018\jars\maven-builder-support-3.9.11.jar
2025-12-12 11:43:55,244 [Worker-25: Launching Executing clean in C__Users_ortiz_OneDrive_Documentos_proyecto_PROYECTO_ORTIZBLANCO_BRUNO_tarea3AD2024] INFO  o.eclipse.m2e.core.internal.Bundles - 	Entry: C:\Users\ortiz\.p2\pool\plugins\org.eclipse.m2e.maven.runtime_3.9.1100.20250811-2018\jars\maven-compat-3.9.11.jar
2025-12-12 11:43:55,244 [Worker-25: Launching Executing clean in C__Users_ortiz_OneDrive_Documentos_proyecto_PROYECTO_ORTIZBLANCO_BRUNO_tarea3AD2024] INFO  o.eclipse.m2e.core.internal.Bundles - 	Entry: C:\Users\ortiz\.p2\pool\plugins\org.eclipse.m2e.maven.runtime_3.9.1100.20250811-2018\jars\maven-core-3.9.11.jar
2025-12-12 11:43:55,244 [Worker-25: Launching Executing clean in C__Users_ortiz_OneDrive_Documentos_proyecto_PROYECTO_ORTIZBLANCO_BRUNO_tarea3AD2024] INFO  o.eclipse.m2e.core.internal.Bundles - 	Entry: C:\Users\ortiz\.p2\pool\plugins\org.eclipse.m2e.maven.runtime_3.9.1100.20250811-2018\jars\maven-embedder-3.9.11.jar
2025-12-12 11:43:55,244 [Worker-25: Launching Executing clean in C__Users_ortiz_OneDrive_Documentos_proyecto_PROYECTO_ORTIZBLANCO_BRUNO_tarea3AD2024] INFO  o.eclipse.m2e.core.internal.Bundles - 	Entry: C:\Users\ortiz\.p2\pool\plugins\org.eclipse.m2e.maven.runtime_3.9.1100.20250811-2018\jars\maven-model-3.9.11.jar
2025-12-12 11:43:55,244 [Worker-25: Launching Executing clean in C__Users_ortiz_OneDrive_Documentos_proyecto_PROYECTO_ORTIZBLANCO_BRUNO_tarea3AD2024] INFO  o.eclipse.m2e.core.internal.Bundles - 	Entry: C:\Users\ortiz\.p2\pool\plugins\org.eclipse.m2e.maven.runtime_3.9.1100.20250811-2018\jars\maven-model-builder-3.9.11.jar
2025-12-12 11:43:55,245 [Worker-25: Launching Executing clean in C__Users_ortiz_OneDrive_Documentos_proyecto_PROYECTO_ORTIZBLANCO_BRUNO_tarea3AD2024] INFO  o.eclipse.m2e.core.internal.Bundles - 	Entry: C:\Users\ortiz\.p2\pool\plugins\org.eclipse.m2e.maven.runtime_3.9.1100.20250811-2018\jars\maven-plugin-api-3.9.11.jar
2025-12-12 11:43:55,245 [Worker-25: Launching Executing clean in C__Users_ortiz_OneDrive_Documentos_proyecto_PROYECTO_ORTIZBLANCO_BRUNO_tarea3AD2024] INFO  o.eclipse.m2e.core.internal.Bundles - 	Entry: C:\Users\ortiz\.p2\pool\plugins\org.eclipse.m2e.maven.runtime_3.9.1100.20250811-2018\jars\maven-repository-metadata-3.9.11.jar
2025-12-12 11:43:55,245 [Worker-25: Launching Executing clean in C__Users_ortiz_OneDrive_Documentos_proyecto_PROYECTO_ORTIZBLANCO_BRUNO_tarea3AD2024] INFO  o.eclipse.m2e.core.internal.Bundles - 	Entry: C:\Users\ortiz\.p2\pool\plugins\org.eclipse.m2e.maven.runtime_3.9.1100.20250811-2018\jars\maven-resolver-api-1.9.24.jar
2025-12-12 11:43:55,245 [Worker-25: Launching Executing clean in C__Users_ortiz_OneDrive_Documentos_proyecto_PROYECTO_ORTIZBLANCO_BRUNO_tarea3AD2024] INFO  o.eclipse.m2e.core.internal.Bundles - 	Entry: C:\Users\ortiz\.p2\pool\plugins\org.eclipse.m2e.maven.runtime_3.9.1100.20250811-2018\jars\maven-resolver-connector-basic-1.9.24.jar
2025-12-12 11:43:55,245 [Worker-25: Launching Executing clean in C__Users_ortiz_OneDrive_Documentos_proyecto_PROYECTO_ORTIZBLANCO_BRUNO_tarea3AD2024] INFO  o.eclipse.m2e.core.internal.Bundles - 	Entry: C:\Users\ortiz\.p2\pool\plugins\org.eclipse.m2e.maven.runtime_3.9.1100.20250811-2018\jars\maven-resolver-impl-1.9.24.jar
2025-12-12 11:43:55,245 [Worker-25: Launching Executing clean in C__Users_ortiz_OneDrive_Documentos_proyecto_PROYECTO_ORTIZBLANCO_BRUNO_tarea3AD2024] INFO  o.eclipse.m2e.core.internal.Bundles - 	Entry: C:\Users\ortiz\.p2\pool\plugins\org.eclipse.m2e.maven.runtime_3.9.1100.20250811-2018\jars\maven-resolver-named-locks-1.9.24.jar
2025-12-12 11:43:55,246 [Worker-25: Launching Executing clean in C__Users_ortiz_OneDrive_Documentos_proyecto_PROYECTO_ORTIZBLANCO_BRUNO_tarea3AD2024] INFO  o.eclipse.m2e.core.internal.Bundles - 	Entry: C:\Users\ortiz\.p2\pool\plugins\org.eclipse.m2e.maven.runtime_3.9.1100.20250811-2018\jars\maven-resolver-provider-3.9.11.jar
2025-12-12 11:43:55,246 [Worker-25: Launching Executing clean in C__Users_ortiz_OneDrive_Documentos_proyecto_PROYECTO_ORTIZBLANCO_BRUNO_tarea3AD2024] INFO  o.eclipse.m2e.core.internal.Bundles - 	Entry: C:\Users\ortiz\.p2\pool\plugins\org.eclipse.m2e.maven.runtime_3.9.1100.20250811-2018\jars\maven-resolver-spi-1.9.24.jar
2025-12-12 11:43:55,246 [Worker-25: Launching Executing clean in C__Users_ortiz_OneDrive_Documentos_proyecto_PROYECTO_ORTIZBLANCO_BRUNO_tarea3AD2024] INFO  o.eclipse.m2e.core.internal.Bundles - 	Entry: C:\Users\ortiz\.p2\pool\plugins\org.eclipse.m2e.maven.runtime_3.9.1100.20250811-2018\jars\maven-resolver-transport-file-1.9.24.jar
2025-12-12 11:43:55,246 [Worker-25: Launching Executing clean in C__Users_ortiz_OneDrive_Documentos_proyecto_PROYECTO_ORTIZBLANCO_BRUNO_tarea3AD2024] INFO  o.eclipse.m2e.core.internal.Bundles - 	Entry: C:\Users\ortiz\.p2\pool\plugins\org.eclipse.m2e.maven.runtime_3.9.1100.20250811-2018\jars\maven-resolver-transport-http-1.9.24.jar
2025-12-12 11:43:55,246 [Worker-25: Launching Executing clean in C__Users_ortiz_OneDrive_Documentos_proyecto_PROYECTO_ORTIZBLANCO_BRUNO_tarea3AD2024] INFO  o.eclipse.m2e.core.internal.Bundles - 	Entry: C:\Users\ortiz\.p2\pool\plugins\org.eclipse.m2e.maven.runtime_3.9.1100.20250811-2018\jars\maven-resolver-transport-wagon-1.9.24.jar
2025-12-12 11:43:55,246 [Worker-25: Launching Executing clean in C__Users_ortiz_OneDrive_Documentos_proyecto_PROYECTO_ORTIZBLANCO_BRUNO_tarea3AD2024] INFO  o.eclipse.m2e.core.internal.Bundles - 	Entry: C:\Users\ortiz\.p2\pool\plugins\org.eclipse.m2e.maven.runtime_3.9.1100.20250811-2018\jars\maven-resolver-util-1.9.24.jar
2025-12-12 11:43:55,247 [Worker-25: Launching Executing clean in C__Users_ortiz_OneDrive_Documentos_proyecto_PROYECTO_ORTIZBLANCO_BRUNO_tarea3AD2024] INFO  o.eclipse.m2e.core.internal.Bundles - 	Entry: C:\Users\ortiz\.p2\pool\plugins\org.eclipse.m2e.maven.runtime_3.9.1100.20250811-2018\jars\maven-settings-3.9.11.jar
2025-12-12 11:43:55,247 [Worker-25: Launching Executing clean in C__Users_ortiz_OneDrive_Documentos_proyecto_PROYECTO_ORTIZBLANCO_BRUNO_tarea3AD2024] INFO  o.eclipse.m2e.core.internal.Bundles - 	Entry: C:\Users\ortiz\.p2\pool\plugins\org.eclipse.m2e.maven.runtime_3.9.1100.20250811-2018\jars\maven-settings-builder-3.9.11.jar
2025-12-12 11:43:55,247 [Worker-25: Launching Executing clean in C__Users_ortiz_OneDrive_Documentos_proyecto_PROYECTO_ORTIZBLANCO_BRUNO_tarea3AD2024] INFO  o.eclipse.m2e.core.internal.Bundles - 	Entry: C:\Users\ortiz\.p2\pool\plugins\org.eclipse.m2e.maven.runtime_3.9.1100.20250811-2018\jars\maven-shared-utils-3.4.2.jar
2025-12-12 11:43:55,247 [Worker-25: Launching Executing clean in C__Users_ortiz_OneDrive_Documentos_proyecto_PROYECTO_ORTIZBLANCO_BRUNO_tarea3AD2024] INFO  o.eclipse.m2e.core.internal.Bundles - 	Entry: C:\Users\ortiz\.p2\pool\plugins\org.eclipse.m2e.maven.runtime_3.9.1100.20250811-2018\jars\org.eclipse.sisu.inject-0.9.0.M4.jar
2025-12-12 11:43:55,247 [Worker-25: Launching Executing clean in C__Users_ortiz_OneDrive_Documentos_proyecto_PROYECTO_ORTIZBLANCO_BRUNO_tarea3AD2024] INFO  o.eclipse.m2e.core.internal.Bundles - 	Entry: C:\Users\ortiz\.p2\pool\plugins\org.eclipse.m2e.maven.runtime_3.9.1100.20250811-2018\jars\org.eclipse.sisu.plexus-0.9.0.M4.jar
2025-12-12 11:43:55,248 [Worker-25: Launching Executing clean in C__Users_ortiz_OneDrive_Documentos_proyecto_PROYECTO_ORTIZBLANCO_BRUNO_tarea3AD2024] INFO  o.eclipse.m2e.core.internal.Bundles - 	Entry: C:\Users\ortiz\.p2\pool\plugins\org.eclipse.m2e.maven.runtime_3.9.1100.20250811-2018\jars\plexus-build-api-0.0.7.jar
2025-12-12 11:43:55,248 [Worker-25: Launching Executing clean in C__Users_ortiz_OneDrive_Documentos_proyecto_PROYECTO_ORTIZBLANCO_BRUNO_tarea3AD2024] INFO  o.eclipse.m2e.core.internal.Bundles - 	Entry: C:\Users\ortiz\.p2\pool\plugins\org.eclipse.m2e.maven.runtime_3.9.1100.20250811-2018\jars\plexus-build-api-1.2.0.jar
2025-12-12 11:43:55,248 [Worker-25: Launching Executing clean in C__Users_ortiz_OneDrive_Documentos_proyecto_PROYECTO_ORTIZBLANCO_BRUNO_tarea3AD2024] INFO  o.eclipse.m2e.core.internal.Bundles - 	Entry: C:\Users\ortiz\.p2\pool\plugins\org.eclipse.m2e.maven.runtime_3.9.1100.20250811-2018\jars\plexus-cipher-2.0.jar
2025-12-12 11:43:55,249 [Worker-25: Launching Executing clean in C__Users_ortiz_OneDrive_Documentos_proyecto_PROYECTO_ORTIZBLANCO_BRUNO_tarea3AD2024] INFO  o.eclipse.m2e.core.internal.Bundles - 	Entry: C:\Users\ortiz\.p2\pool\plugins\org.eclipse.m2e.maven.runtime_3.9.1100.20250811-2018\jars\plexus-classworlds-2.9.0.jar
2025-12-12 11:43:55,249 [Worker-25: Launching Executing clean in C__Users_ortiz_OneDrive_Documentos_proyecto_PROYECTO_ORTIZBLANCO_BRUNO_tarea3AD2024] INFO  o.eclipse.m2e.core.internal.Bundles - 	Entry: C:\Users\ortiz\.p2\pool\plugins\org.eclipse.m2e.maven.runtime_3.9.1100.20250811-2018\jars\plexus-component-annotations-2.2.0.jar
2025-12-12 11:43:55,249 [Worker-25: Launching Executing clean in C__Users_ortiz_OneDrive_Documentos_proyecto_PROYECTO_ORTIZBLANCO_BRUNO_tarea3AD2024] INFO  o.eclipse.m2e.core.internal.Bundles - 	Entry: C:\Users\ortiz\.p2\pool\plugins\org.eclipse.m2e.maven.runtime_3.9.1100.20250811-2018\jars\plexus-interpolation-1.28.jar
2025-12-12 11:43:55,249 [Worker-25: Launching Executing clean in C__Users_ortiz_OneDrive_Documentos_proyecto_PROYECTO_ORTIZBLANCO_BRUNO_tarea3AD2024] INFO  o.eclipse.m2e.core.internal.Bundles - 	Entry: C:\Users\ortiz\.p2\pool\plugins\org.eclipse.m2e.maven.runtime_3.9.1100.20250811-2018\jars\plexus-sec-dispatcher-2.0.jar
2025-12-12 11:43:55,250 [Worker-25: Launching Executing clean in C__Users_ortiz_OneDrive_Documentos_proyecto_PROYECTO_ORTIZBLANCO_BRUNO_tarea3AD2024] INFO  o.eclipse.m2e.core.internal.Bundles - 	Entry: C:\Users\ortiz\.p2\pool\plugins\org.eclipse.m2e.maven.runtime_3.9.1100.20250811-2018\jars\plexus-utils-3.6.0.jar
2025-12-12 11:43:55,250 [Worker-25: Launching Executing clean in C__Users_ortiz_OneDrive_Documentos_proyecto_PROYECTO_ORTIZBLANCO_BRUNO_tarea3AD2024] INFO  o.eclipse.m2e.core.internal.Bundles - 	Entry: C:\Users\ortiz\.p2\pool\plugins\org.eclipse.m2e.maven.runtime_3.9.1100.20250811-2018\jars\wagon-file-3.5.3.jar
2025-12-12 11:43:55,250 [Worker-25: Launching Executing clean in C__Users_ortiz_OneDrive_Documentos_proyecto_PROYECTO_ORTIZBLANCO_BRUNO_tarea3AD2024] INFO  o.eclipse.m2e.core.internal.Bundles - 	Entry: C:\Users\ortiz\.p2\pool\plugins\org.eclipse.m2e.maven.runtime_3.9.1100.20250811-2018\jars\wagon-http-3.5.3.jar
2025-12-12 11:43:55,250 [Worker-25: Launching Executing clean in C__Users_ortiz_OneDrive_Documentos_proyecto_PROYECTO_ORTIZBLANCO_BRUNO_tarea3AD2024] INFO  o.eclipse.m2e.core.internal.Bundles - 	Entry: C:\Users\ortiz\.p2\pool\plugins\org.eclipse.m2e.maven.runtime_3.9.1100.20250811-2018\jars\wagon-http-shared-3.5.3.jar
2025-12-12 11:43:55,250 [Worker-25: Launching Executing clean in C__Users_ortiz_OneDrive_Documentos_proyecto_PROYECTO_ORTIZBLANCO_BRUNO_tarea3AD2024] INFO  o.eclipse.m2e.core.internal.Bundles - 	Entry: C:\Users\ortiz\.p2\pool\plugins\org.eclipse.m2e.maven.runtime_3.9.1100.20250811-2018\jars\wagon-provider-api-3.5.3.jar
2025-12-12 11:43:55,251 [Worker-25: Launching Executing clean in C__Users_ortiz_OneDrive_Documentos_proyecto_PROYECTO_ORTIZBLANCO_BRUNO_tarea3AD2024] INFO  o.eclipse.m2e.core.internal.Bundles - getClasspathEntries(Bundle=com.google.guava_33.5.0.jre [1329])
2025-12-12 11:43:55,251 [Worker-25: Launching Executing clean in C__Users_ortiz_OneDrive_Documentos_proyecto_PROYECTO_ORTIZBLANCO_BRUNO_tarea3AD2024] INFO  o.eclipse.m2e.core.internal.Bundles - 	Entry: C:\Users\ortiz\.p2\pool\plugins\com.google.guava_33.5.0.jre.jar
2025-12-12 11:43:55,251 [Worker-25: Launching Executing clean in C__Users_ortiz_OneDrive_Documentos_proyecto_PROYECTO_ORTIZBLANCO_BRUNO_tarea3AD2024] INFO  o.eclipse.m2e.core.internal.Bundles - getClasspathEntries(Bundle=slf4j.api_2.0.17 [1006])
2025-12-12 11:43:55,251 [Worker-25: Launching Executing clean in C__Users_ortiz_OneDrive_Documentos_proyecto_PROYECTO_ORTIZBLANCO_BRUNO_tarea3AD2024] INFO  o.eclipse.m2e.core.internal.Bundles - 	Entry: C:\Users\ortiz\.p2\pool\plugins\slf4j.api_2.0.17.jar
2025-12-12 11:43:55,252 [Worker-25: Launching Executing clean in C__Users_ortiz_OneDrive_Documentos_proyecto_PROYECTO_ORTIZBLANCO_BRUNO_tarea3AD2024] INFO  o.eclipse.m2e.core.internal.Bundles - getClasspathEntries(Bundle=jakarta.inject.jakarta.inject-api_1.0.5 [35])
2025-12-12 11:43:55,252 [Worker-25: Launching Executing clean in C__Users_ortiz_OneDrive_Documentos_proyecto_PROYECTO_ORTIZBLANCO_BRUNO_tarea3AD2024] INFO  o.eclipse.m2e.core.internal.Bundles - 	Entry: C:\Users\ortiz\.p2\pool\plugins\jakarta.inject.jakarta.inject-api_1.0.5.jar
2025-12-12 11:43:55,252 [Worker-25: Launching Executing clean in C__Users_ortiz_OneDrive_Documentos_proyecto_PROYECTO_ORTIZBLANCO_BRUNO_tarea3AD2024] INFO  o.eclipse.m2e.core.internal.Bundles - getClasspathEntries(Bundle=jakarta.annotation-api_1.3.5 [31])
2025-12-12 11:43:55,252 [Worker-25: Launching Executing clean in C__Users_ortiz_OneDrive_Documentos_proyecto_PROYECTO_ORTIZBLANCO_BRUNO_tarea3AD2024] INFO  o.eclipse.m2e.core.internal.Bundles - 	Entry: C:\Users\ortiz\.p2\pool\plugins\jakarta.annotation-api_1.3.5.jar
2025-12-12 11:43:55,252 [Worker-25: Launching Executing clean in C__Users_ortiz_OneDrive_Documentos_proyecto_PROYECTO_ORTIZBLANCO_BRUNO_tarea3AD2024] INFO  o.eclipse.m2e.core.internal.Bundles - getClasspathEntries(Bundle=org.apache.commons.cli_1.10.0 [75])
2025-12-12 11:43:55,253 [Worker-25: Launching Executing clean in C__Users_ortiz_OneDrive_Documentos_proyecto_PROYECTO_ORTIZBLANCO_BRUNO_tarea3AD2024] INFO  o.eclipse.m2e.core.internal.Bundles - 	Entry: C:\Users\ortiz\.p2\pool\plugins\org.apache.commons.cli_1.10.0.jar
2025-12-12 11:43:55,253 [Worker-25: Launching Executing clean in C__Users_ortiz_OneDrive_Documentos_proyecto_PROYECTO_ORTIZBLANCO_BRUNO_tarea3AD2024] INFO  o.eclipse.m2e.core.internal.Bundles - getClasspathEntries(Bundle=org.apache.commons.commons-codec_1.20.0 [1265])
2025-12-12 11:43:55,253 [Worker-25: Launching Executing clean in C__Users_ortiz_OneDrive_Documentos_proyecto_PROYECTO_ORTIZBLANCO_BRUNO_tarea3AD2024] INFO  o.eclipse.m2e.core.internal.Bundles - 	Entry: C:\Users\ortiz\.p2\pool\plugins\org.apache.commons.commons-codec_1.20.0.jar
2025-12-12 11:43:55,253 [Worker-25: Launching Executing clean in C__Users_ortiz_OneDrive_Documentos_proyecto_PROYECTO_ORTIZBLANCO_BRUNO_tarea3AD2024] INFO  o.eclipse.m2e.core.internal.Bundles - getClasspathEntries(Bundle=com.google.guava.failureaccess_1.0.3 [19])
2025-12-12 11:43:55,253 [Worker-25: Launching Executing clean in C__Users_ortiz_OneDrive_Documentos_proyecto_PROYECTO_ORTIZBLANCO_BRUNO_tarea3AD2024] INFO  o.eclipse.m2e.core.internal.Bundles - 	Entry: C:\Users\ortiz\.p2\pool\plugins\com.google.guava.failureaccess_1.0.3.jar
2025-12-12 11:43:55,254 [Worker-25: Launching Executing clean in C__Users_ortiz_OneDrive_Documentos_proyecto_PROYECTO_ORTIZBLANCO_BRUNO_tarea3AD2024] INFO  o.e.m.i.launch.MavenLaunchDelegate - Run build in "C:\Users\ortiz\OneDrive\Documentos\proyecto\PROYECTO_ORTIZBLANCO_BRUNO\tarea3AD2024":
2025-12-12 11:43:55,255 [Worker-25: Launching Executing clean in C__Users_ortiz_OneDrive_Documentos_proyecto_PROYECTO_ORTIZBLANCO_BRUNO_tarea3AD2024] INFO  o.e.m.i.launch.MavenLaunchDelegate -  mvn  -B -Dstyle.color=always clean
2025-12-12 11:44:03,430 [Worker-8: Launching Executing install in C__Users_ortiz_OneDrive_Documentos_proyecto_PROYECTO_ORTIZBLANCO_BRUNO_tarea3AD2024] INFO  o.eclipse.m2e.core.internal.Bundles - getClasspathEntries(Bundle=org.eclipse.m2e.maven.runtime_3.9.1100.20250811-2018 [641])
2025-12-12 11:44:03,431 [Worker-8: Launching Executing install in C__Users_ortiz_OneDrive_Documentos_proyecto_PROYECTO_ORTIZBLANCO_BRUNO_tarea3AD2024] INFO  o.eclipse.m2e.core.internal.Bundles - 	Entry: C:\Users\ortiz\.p2\pool\plugins\org.eclipse.m2e.maven.runtime_3.9.1100.20250811-2018
2025-12-12 11:44:03,431 [Worker-8: Launching Executing install in C__Users_ortiz_OneDrive_Documentos_proyecto_PROYECTO_ORTIZBLANCO_BRUNO_tarea3AD2024] INFO  o.eclipse.m2e.core.internal.Bundles - 	Entry: C:\Users\ortiz\.p2\pool\plugins\org.eclipse.m2e.maven.runtime_3.9.1100.20250811-2018\jars\aopalliance-1.0.jar
2025-12-12 11:44:03,432 [Worker-8: Launching Executing install in C__Users_ortiz_OneDrive_Documentos_proyecto_PROYECTO_ORTIZBLANCO_BRUNO_tarea3AD2024] INFO  o.eclipse.m2e.core.internal.Bundles - 	Entry: C:\Users\ortiz\.p2\pool\plugins\org.eclipse.m2e.maven.runtime_3.9.1100.20250811-2018\jars\asm-9.8.jar
2025-12-12 11:44:03,432 [Worker-8: Launching Executing install in C__Users_ortiz_OneDrive_Documentos_proyecto_PROYECTO_ORTIZBLANCO_BRUNO_tarea3AD2024] INFO  o.eclipse.m2e.core.internal.Bundles - 	Entry: C:\Users\ortiz\.p2\pool\plugins\org.eclipse.m2e.maven.runtime_3.9.1100.20250811-2018\jars\error_prone_annotations-2.38.0.jar
2025-12-12 11:44:03,432 [Worker-8: Launching Executing install in C__Users_ortiz_OneDrive_Documentos_proyecto_PROYECTO_ORTIZBLANCO_BRUNO_tarea3AD2024] INFO  o.eclipse.m2e.core.internal.Bundles - 	Entry: C:\Users\ortiz\.p2\pool\plugins\org.eclipse.m2e.maven.runtime_3.9.1100.20250811-2018\jars\gson-2.13.1.jar
2025-12-12 11:44:03,432 [Worker-8: Launching Executing install in C__Users_ortiz_OneDrive_Documentos_proyecto_PROYECTO_ORTIZBLANCO_BRUNO_tarea3AD2024] INFO  o.eclipse.m2e.core.internal.Bundles - 	Entry: C:\Users\ortiz\.p2\pool\plugins\org.eclipse.m2e.maven.runtime_3.9.1100.20250811-2018\jars\guice-5.1.0-classes.jar
2025-12-12 11:44:03,432 [Worker-8: Launching Executing install in C__Users_ortiz_OneDrive_Documentos_proyecto_PROYECTO_ORTIZBLANCO_BRUNO_tarea3AD2024] INFO  o.eclipse.m2e.core.internal.Bundles - 	Entry: C:\Users\ortiz\.p2\pool\plugins\org.eclipse.m2e.maven.runtime_3.9.1100.20250811-2018\jars\httpclient-4.5.14.jar
2025-12-12 11:44:03,432 [Worker-8: Launching Executing install in C__Users_ortiz_OneDrive_Documentos_proyecto_PROYECTO_ORTIZBLANCO_BRUNO_tarea3AD2024] INFO  o.eclipse.m2e.core.internal.Bundles - 	Entry: C:\Users\ortiz\.p2\pool\plugins\org.eclipse.m2e.maven.runtime_3.9.1100.20250811-2018\jars\httpcore-4.4.16.jar
2025-12-12 11:44:03,433 [Worker-8: Launching Executing install in C__Users_ortiz_OneDrive_Documentos_proyecto_PROYECTO_ORTIZBLANCO_BRUNO_tarea3AD2024] INFO  o.eclipse.m2e.core.internal.Bundles - 	Entry: C:\Users\ortiz\.p2\pool\plugins\org.eclipse.m2e.maven.runtime_3.9.1100.20250811-2018\jars\jansi-2.4.2.jar
2025-12-12 11:44:03,433 [Worker-8: Launching Executing install in C__Users_ortiz_OneDrive_Documentos_proyecto_PROYECTO_ORTIZBLANCO_BRUNO_tarea3AD2024] INFO  o.eclipse.m2e.core.internal.Bundles - 	Entry: C:\Users\ortiz\.p2\pool\plugins\org.eclipse.m2e.maven.runtime_3.9.1100.20250811-2018\jars\jcl-over-slf4j-1.7.36.jar
2025-12-12 11:44:03,433 [Worker-8: Launching Executing install in C__Users_ortiz_OneDrive_Documentos_proyecto_PROYECTO_ORTIZBLANCO_BRUNO_tarea3AD2024] INFO  o.eclipse.m2e.core.internal.Bundles - 	Entry: C:\Users\ortiz\.p2\pool\plugins\org.eclipse.m2e.maven.runtime_3.9.1100.20250811-2018\jars\maven-artifact-3.9.11.jar
2025-12-12 11:44:03,433 [Worker-8: Launching Executing install in C__Users_ortiz_OneDrive_Documentos_proyecto_PROYECTO_ORTIZBLANCO_BRUNO_tarea3AD2024] INFO  o.eclipse.m2e.core.internal.Bundles - 	Entry: C:\Users\ortiz\.p2\pool\plugins\org.eclipse.m2e.maven.runtime_3.9.1100.20250811-2018\jars\maven-builder-support-3.9.11.jar
2025-12-12 11:44:03,433 [Worker-8: Launching Executing install in C__Users_ortiz_OneDrive_Documentos_proyecto_PROYECTO_ORTIZBLANCO_BRUNO_tarea3AD2024] INFO  o.eclipse.m2e.core.internal.Bundles - 	Entry: C:\Users\ortiz\.p2\pool\plugins\org.eclipse.m2e.maven.runtime_3.9.1100.20250811-2018\jars\maven-compat-3.9.11.jar
2025-12-12 11:44:03,433 [Worker-8: Launching Executing install in C__Users_ortiz_OneDrive_Documentos_proyecto_PROYECTO_ORTIZBLANCO_BRUNO_tarea3AD2024] INFO  o.eclipse.m2e.core.internal.Bundles - 	Entry: C:\Users\ortiz\.p2\pool\plugins\org.eclipse.m2e.maven.runtime_3.9.1100.20250811-2018\jars\maven-core-3.9.11.jar
2025-12-12 11:44:03,434 [Worker-8: Launching Executing install in C__Users_ortiz_OneDrive_Documentos_proyecto_PROYECTO_ORTIZBLANCO_BRUNO_tarea3AD2024] INFO  o.eclipse.m2e.core.internal.Bundles - 	Entry: C:\Users\ortiz\.p2\pool\plugins\org.eclipse.m2e.maven.runtime_3.9.1100.20250811-2018\jars\maven-embedder-3.9.11.jar
2025-12-12 11:44:03,434 [Worker-8: Launching Executing install in C__Users_ortiz_OneDrive_Documentos_proyecto_PROYECTO_ORTIZBLANCO_BRUNO_tarea3AD2024] INFO  o.eclipse.m2e.core.internal.Bundles - 	Entry: C:\Users\ortiz\.p2\pool\plugins\org.eclipse.m2e.maven.runtime_3.9.1100.20250811-2018\jars\maven-model-3.9.11.jar
2025-12-12 11:44:03,434 [Worker-8: Launching Executing install in C__Users_ortiz_OneDrive_Documentos_proyecto_PROYECTO_ORTIZBLANCO_BRUNO_tarea3AD2024] INFO  o.eclipse.m2e.core.internal.Bundles - 	Entry: C:\Users\ortiz\.p2\pool\plugins\org.eclipse.m2e.maven.runtime_3.9.1100.20250811-2018\jars\maven-model-builder-3.9.11.jar
2025-12-12 11:44:03,434 [Worker-8: Launching Executing install in C__Users_ortiz_OneDrive_Documentos_proyecto_PROYECTO_ORTIZBLANCO_BRUNO_tarea3AD2024] INFO  o.eclipse.m2e.core.internal.Bundles - 	Entry: C:\Users\ortiz\.p2\pool\plugins\org.eclipse.m2e.maven.runtime_3.9.1100.20250811-2018\jars\maven-plugin-api-3.9.11.jar
2025-12-12 11:44:03,434 [Worker-8: Launching Executing install in C__Users_ortiz_OneDrive_Documentos_proyecto_PROYECTO_ORTIZBLANCO_BRUNO_tarea3AD2024] INFO  o.eclipse.m2e.core.internal.Bundles - 	Entry: C:\Users\ortiz\.p2\pool\plugins\org.eclipse.m2e.maven.runtime_3.9.1100.20250811-2018\jars\maven-repository-metadata-3.9.11.jar
2025-12-12 11:44:03,434 [Worker-8: Launching Executing install in C__Users_ortiz_OneDrive_Documentos_proyecto_PROYECTO_ORTIZBLANCO_BRUNO_tarea3AD2024] INFO  o.eclipse.m2e.core.internal.Bundles - 	Entry: C:\Users\ortiz\.p2\pool\plugins\org.eclipse.m2e.maven.runtime_3.9.1100.20250811-2018\jars\maven-resolver-api-1.9.24.jar
2025-12-12 11:44:03,434 [Worker-8: Launching Executing install in C__Users_ortiz_OneDrive_Documentos_proyecto_PROYECTO_ORTIZBLANCO_BRUNO_tarea3AD2024] INFO  o.eclipse.m2e.core.internal.Bundles - 	Entry: C:\Users\ortiz\.p2\pool\plugins\org.eclipse.m2e.maven.runtime_3.9.1100.20250811-2018\jars\maven-resolver-connector-basic-1.9.24.jar
2025-12-12 11:44:03,435 [Worker-8: Launching Executing install in C__Users_ortiz_OneDrive_Documentos_proyecto_PROYECTO_ORTIZBLANCO_BRUNO_tarea3AD2024] INFO  o.eclipse.m2e.core.internal.Bundles - 	Entry: C:\Users\ortiz\.p2\pool\plugins\org.eclipse.m2e.maven.runtime_3.9.1100.20250811-2018\jars\maven-resolver-impl-1.9.24.jar
2025-12-12 11:44:03,435 [Worker-8: Launching Executing install in C__Users_ortiz_OneDrive_Documentos_proyecto_PROYECTO_ORTIZBLANCO_BRUNO_tarea3AD2024] INFO  o.eclipse.m2e.core.internal.Bundles - 	Entry: C:\Users\ortiz\.p2\pool\plugins\org.eclipse.m2e.maven.runtime_3.9.1100.20250811-2018\jars\maven-resolver-named-locks-1.9.24.jar
2025-12-12 11:44:03,435 [Worker-8: Launching Executing install in C__Users_ortiz_OneDrive_Documentos_proyecto_PROYECTO_ORTIZBLANCO_BRUNO_tarea3AD2024] INFO  o.eclipse.m2e.core.internal.Bundles - 	Entry: C:\Users\ortiz\.p2\pool\plugins\org.eclipse.m2e.maven.runtime_3.9.1100.20250811-2018\jars\maven-resolver-provider-3.9.11.jar
2025-12-12 11:44:03,435 [Worker-8: Launching Executing install in C__Users_ortiz_OneDrive_Documentos_proyecto_PROYECTO_ORTIZBLANCO_BRUNO_tarea3AD2024] INFO  o.eclipse.m2e.core.internal.Bundles - 	Entry: C:\Users\ortiz\.p2\pool\plugins\org.eclipse.m2e.maven.runtime_3.9.1100.20250811-2018\jars\maven-resolver-spi-1.9.24.jar
2025-12-12 11:44:03,435 [Worker-8: Launching Executing install in C__Users_ortiz_OneDrive_Documentos_proyecto_PROYECTO_ORTIZBLANCO_BRUNO_tarea3AD2024] INFO  o.eclipse.m2e.core.internal.Bundles - 	Entry: C:\Users\ortiz\.p2\pool\plugins\org.eclipse.m2e.maven.runtime_3.9.1100.20250811-2018\jars\maven-resolver-transport-file-1.9.24.jar
2025-12-12 11:44:03,435 [Worker-8: Launching Executing install in C__Users_ortiz_OneDrive_Documentos_proyecto_PROYECTO_ORTIZBLANCO_BRUNO_tarea3AD2024] INFO  o.eclipse.m2e.core.internal.Bundles - 	Entry: C:\Users\ortiz\.p2\pool\plugins\org.eclipse.m2e.maven.runtime_3.9.1100.20250811-2018\jars\maven-resolver-transport-http-1.9.24.jar
2025-12-12 11:44:03,436 [Worker-8: Launching Executing install in C__Users_ortiz_OneDrive_Documentos_proyecto_PROYECTO_ORTIZBLANCO_BRUNO_tarea3AD2024] INFO  o.eclipse.m2e.core.internal.Bundles - 	Entry: C:\Users\ortiz\.p2\pool\plugins\org.eclipse.m2e.maven.runtime_3.9.1100.20250811-2018\jars\maven-resolver-transport-wagon-1.9.24.jar
2025-12-12 11:44:03,436 [Worker-8: Launching Executing install in C__Users_ortiz_OneDrive_Documentos_proyecto_PROYECTO_ORTIZBLANCO_BRUNO_tarea3AD2024] INFO  o.eclipse.m2e.core.internal.Bundles - 	Entry: C:\Users\ortiz\.p2\pool\plugins\org.eclipse.m2e.maven.runtime_3.9.1100.20250811-2018\jars\maven-resolver-util-1.9.24.jar
2025-12-12 11:44:03,436 [Worker-8: Launching Executing install in C__Users_ortiz_OneDrive_Documentos_proyecto_PROYECTO_ORTIZBLANCO_BRUNO_tarea3AD2024] INFO  o.eclipse.m2e.core.internal.Bundles - 	Entry: C:\Users\ortiz\.p2\pool\plugins\org.eclipse.m2e.maven.runtime_3.9.1100.20250811-2018\jars\maven-settings-3.9.11.jar
2025-12-12 11:44:03,436 [Worker-8: Launching Executing install in C__Users_ortiz_OneDrive_Documentos_proyecto_PROYECTO_ORTIZBLANCO_BRUNO_tarea3AD2024] INFO  o.eclipse.m2e.core.internal.Bundles - 	Entry: C:\Users\ortiz\.p2\pool\plugins\org.eclipse.m2e.maven.runtime_3.9.1100.20250811-2018\jars\maven-settings-builder-3.9.11.jar
2025-12-12 11:44:03,436 [Worker-8: Launching Executing install in C__Users_ortiz_OneDrive_Documentos_proyecto_PROYECTO_ORTIZBLANCO_BRUNO_tarea3AD2024] INFO  o.eclipse.m2e.core.internal.Bundles - 	Entry: C:\Users\ortiz\.p2\pool\plugins\org.eclipse.m2e.maven.runtime_3.9.1100.20250811-2018\jars\maven-shared-utils-3.4.2.jar
2025-12-12 11:44:03,437 [Worker-8: Launching Executing install in C__Users_ortiz_OneDrive_Documentos_proyecto_PROYECTO_ORTIZBLANCO_BRUNO_tarea3AD2024] INFO  o.eclipse.m2e.core.internal.Bundles - 	Entry: C:\Users\ortiz\.p2\pool\plugins\org.eclipse.m2e.maven.runtime_3.9.1100.20250811-2018\jars\org.eclipse.sisu.inject-0.9.0.M4.jar
2025-12-12 11:44:03,437 [Worker-8: Launching Executing install in C__Users_ortiz_OneDrive_Documentos_proyecto_PROYECTO_ORTIZBLANCO_BRUNO_tarea3AD2024] INFO  o.eclipse.m2e.core.internal.Bundles - 	Entry: C:\Users\ortiz\.p2\pool\plugins\org.eclipse.m2e.maven.runtime_3.9.1100.20250811-2018\jars\org.eclipse.sisu.plexus-0.9.0.M4.jar
2025-12-12 11:44:03,437 [Worker-8: Launching Executing install in C__Users_ortiz_OneDrive_Documentos_proyecto_PROYECTO_ORTIZBLANCO_BRUNO_tarea3AD2024] INFO  o.eclipse.m2e.core.internal.Bundles - 	Entry: C:\Users\ortiz\.p2\pool\plugins\org.eclipse.m2e.maven.runtime_3.9.1100.20250811-2018\jars\plexus-build-api-0.0.7.jar
2025-12-12 11:44:03,437 [Worker-8: Launching Executing install in C__Users_ortiz_OneDrive_Documentos_proyecto_PROYECTO_ORTIZBLANCO_BRUNO_tarea3AD2024] INFO  o.eclipse.m2e.core.internal.Bundles - 	Entry: C:\Users\ortiz\.p2\pool\plugins\org.eclipse.m2e.maven.runtime_3.9.1100.20250811-2018\jars\plexus-build-api-1.2.0.jar
2025-12-12 11:44:03,437 [Worker-8: Launching Executing install in C__Users_ortiz_OneDrive_Documentos_proyecto_PROYECTO_ORTIZBLANCO_BRUNO_tarea3AD2024] INFO  o.eclipse.m2e.core.internal.Bundles - 	Entry: C:\Users\ortiz\.p2\pool\plugins\org.eclipse.m2e.maven.runtime_3.9.1100.20250811-2018\jars\plexus-cipher-2.0.jar
2025-12-12 11:44:03,437 [Worker-8: Launching Executing install in C__Users_ortiz_OneDrive_Documentos_proyecto_PROYECTO_ORTIZBLANCO_BRUNO_tarea3AD2024] INFO  o.eclipse.m2e.core.internal.Bundles - 	Entry: C:\Users\ortiz\.p2\pool\plugins\org.eclipse.m2e.maven.runtime_3.9.1100.20250811-2018\jars\plexus-classworlds-2.9.0.jar
2025-12-12 11:44:03,438 [Worker-8: Launching Executing install in C__Users_ortiz_OneDrive_Documentos_proyecto_PROYECTO_ORTIZBLANCO_BRUNO_tarea3AD2024] INFO  o.eclipse.m2e.core.internal.Bundles - 	Entry: C:\Users\ortiz\.p2\pool\plugins\org.eclipse.m2e.maven.runtime_3.9.1100.20250811-2018\jars\plexus-component-annotations-2.2.0.jar
2025-12-12 11:44:03,438 [Worker-8: Launching Executing install in C__Users_ortiz_OneDrive_Documentos_proyecto_PROYECTO_ORTIZBLANCO_BRUNO_tarea3AD2024] INFO  o.eclipse.m2e.core.internal.Bundles - 	Entry: C:\Users\ortiz\.p2\pool\plugins\org.eclipse.m2e.maven.runtime_3.9.1100.20250811-2018\jars\plexus-interpolation-1.28.jar
2025-12-12 11:44:03,438 [Worker-8: Launching Executing install in C__Users_ortiz_OneDrive_Documentos_proyecto_PROYECTO_ORTIZBLANCO_BRUNO_tarea3AD2024] INFO  o.eclipse.m2e.core.internal.Bundles - 	Entry: C:\Users\ortiz\.p2\pool\plugins\org.eclipse.m2e.maven.runtime_3.9.1100.20250811-2018\jars\plexus-sec-dispatcher-2.0.jar
2025-12-12 11:44:03,438 [Worker-8: Launching Executing install in C__Users_ortiz_OneDrive_Documentos_proyecto_PROYECTO_ORTIZBLANCO_BRUNO_tarea3AD2024] INFO  o.eclipse.m2e.core.internal.Bundles - 	Entry: C:\Users\ortiz\.p2\pool\plugins\org.eclipse.m2e.maven.runtime_3.9.1100.20250811-2018\jars\plexus-utils-3.6.0.jar
2025-12-12 11:44:03,438 [Worker-8: Launching Executing install in C__Users_ortiz_OneDrive_Documentos_proyecto_PROYECTO_ORTIZBLANCO_BRUNO_tarea3AD2024] INFO  o.eclipse.m2e.core.internal.Bundles - 	Entry: C:\Users\ortiz\.p2\pool\plugins\org.eclipse.m2e.maven.runtime_3.9.1100.20250811-2018\jars\wagon-file-3.5.3.jar
2025-12-12 11:44:03,438 [Worker-8: Launching Executing install in C__Users_ortiz_OneDrive_Documentos_proyecto_PROYECTO_ORTIZBLANCO_BRUNO_tarea3AD2024] INFO  o.eclipse.m2e.core.internal.Bundles - 	Entry: C:\Users\ortiz\.p2\pool\plugins\org.eclipse.m2e.maven.runtime_3.9.1100.20250811-2018\jars\wagon-http-3.5.3.jar
2025-12-12 11:44:03,439 [Worker-8: Launching Executing install in C__Users_ortiz_OneDrive_Documentos_proyecto_PROYECTO_ORTIZBLANCO_BRUNO_tarea3AD2024] INFO  o.eclipse.m2e.core.internal.Bundles - 	Entry: C:\Users\ortiz\.p2\pool\plugins\org.eclipse.m2e.maven.runtime_3.9.1100.20250811-2018\jars\wagon-http-shared-3.5.3.jar
2025-12-12 11:44:03,439 [Worker-8: Launching Executing install in C__Users_ortiz_OneDrive_Documentos_proyecto_PROYECTO_ORTIZBLANCO_BRUNO_tarea3AD2024] INFO  o.eclipse.m2e.core.internal.Bundles - 	Entry: C:\Users\ortiz\.p2\pool\plugins\org.eclipse.m2e.maven.runtime_3.9.1100.20250811-2018\jars\wagon-provider-api-3.5.3.jar
2025-12-12 11:44:03,439 [Worker-8: Launching Executing install in C__Users_ortiz_OneDrive_Documentos_proyecto_PROYECTO_ORTIZBLANCO_BRUNO_tarea3AD2024] INFO  o.eclipse.m2e.core.internal.Bundles - getClasspathEntries(Bundle=com.google.guava_33.5.0.jre [1329])
2025-12-12 11:44:03,439 [Worker-8: Launching Executing install in C__Users_ortiz_OneDrive_Documentos_proyecto_PROYECTO_ORTIZBLANCO_BRUNO_tarea3AD2024] INFO  o.eclipse.m2e.core.internal.Bundles - 	Entry: C:\Users\ortiz\.p2\pool\plugins\com.google.guava_33.5.0.jre.jar
2025-12-12 11:44:03,439 [Worker-8: Launching Executing install in C__Users_ortiz_OneDrive_Documentos_proyecto_PROYECTO_ORTIZBLANCO_BRUNO_tarea3AD2024] INFO  o.eclipse.m2e.core.internal.Bundles - getClasspathEntries(Bundle=slf4j.api_2.0.17 [1006])
2025-12-12 11:44:03,440 [Worker-8: Launching Executing install in C__Users_ortiz_OneDrive_Documentos_proyecto_PROYECTO_ORTIZBLANCO_BRUNO_tarea3AD2024] INFO  o.eclipse.m2e.core.internal.Bundles - 	Entry: C:\Users\ortiz\.p2\pool\plugins\slf4j.api_2.0.17.jar
2025-12-12 11:44:03,440 [Worker-8: Launching Executing install in C__Users_ortiz_OneDrive_Documentos_proyecto_PROYECTO_ORTIZBLANCO_BRUNO_tarea3AD2024] INFO  o.eclipse.m2e.core.internal.Bundles - getClasspathEntries(Bundle=jakarta.inject.jakarta.inject-api_1.0.5 [35])
2025-12-12 11:44:03,440 [Worker-8: Launching Executing install in C__Users_ortiz_OneDrive_Documentos_proyecto_PROYECTO_ORTIZBLANCO_BRUNO_tarea3AD2024] INFO  o.eclipse.m2e.core.internal.Bundles - 	Entry: C:\Users\ortiz\.p2\pool\plugins\jakarta.inject.jakarta.inject-api_1.0.5.jar
2025-12-12 11:44:03,440 [Worker-8: Launching Executing install in C__Users_ortiz_OneDrive_Documentos_proyecto_PROYECTO_ORTIZBLANCO_BRUNO_tarea3AD2024] INFO  o.eclipse.m2e.core.internal.Bundles - getClasspathEntries(Bundle=jakarta.annotation-api_1.3.5 [31])
2025-12-12 11:44:03,441 [Worker-8: Launching Executing install in C__Users_ortiz_OneDrive_Documentos_proyecto_PROYECTO_ORTIZBLANCO_BRUNO_tarea3AD2024] INFO  o.eclipse.m2e.core.internal.Bundles - 	Entry: C:\Users\ortiz\.p2\pool\plugins\jakarta.annotation-api_1.3.5.jar
2025-12-12 11:44:03,441 [Worker-8: Launching Executing install in C__Users_ortiz_OneDrive_Documentos_proyecto_PROYECTO_ORTIZBLANCO_BRUNO_tarea3AD2024] INFO  o.eclipse.m2e.core.internal.Bundles - getClasspathEntries(Bundle=org.apache.commons.cli_1.10.0 [75])
2025-12-12 11:44:03,441 [Worker-8: Launching Executing install in C__Users_ortiz_OneDrive_Documentos_proyecto_PROYECTO_ORTIZBLANCO_BRUNO_tarea3AD2024] INFO  o.eclipse.m2e.core.internal.Bundles - 	Entry: C:\Users\ortiz\.p2\pool\plugins\org.apache.commons.cli_1.10.0.jar
2025-12-12 11:44:03,441 [Worker-8: Launching Executing install in C__Users_ortiz_OneDrive_Documentos_proyecto_PROYECTO_ORTIZBLANCO_BRUNO_tarea3AD2024] INFO  o.eclipse.m2e.core.internal.Bundles - getClasspathEntries(Bundle=org.apache.commons.commons-codec_1.20.0 [1265])
2025-12-12 11:44:03,441 [Worker-8: Launching Executing install in C__Users_ortiz_OneDrive_Documentos_proyecto_PROYECTO_ORTIZBLANCO_BRUNO_tarea3AD2024] INFO  o.eclipse.m2e.core.internal.Bundles - 	Entry: C:\Users\ortiz\.p2\pool\plugins\org.apache.commons.commons-codec_1.20.0.jar
2025-12-12 11:44:03,441 [Worker-8: Launching Executing install in C__Users_ortiz_OneDrive_Documentos_proyecto_PROYECTO_ORTIZBLANCO_BRUNO_tarea3AD2024] INFO  o.eclipse.m2e.core.internal.Bundles - getClasspathEntries(Bundle=com.google.guava.failureaccess_1.0.3 [19])
2025-12-12 11:44:03,442 [Worker-8: Launching Executing install in C__Users_ortiz_OneDrive_Documentos_proyecto_PROYECTO_ORTIZBLANCO_BRUNO_tarea3AD2024] INFO  o.eclipse.m2e.core.internal.Bundles - 	Entry: C:\Users\ortiz\.p2\pool\plugins\com.google.guava.failureaccess_1.0.3.jar
2025-12-12 11:44:03,443 [Worker-8: Launching Executing install in C__Users_ortiz_OneDrive_Documentos_proyecto_PROYECTO_ORTIZBLANCO_BRUNO_tarea3AD2024] INFO  o.e.m.i.launch.MavenLaunchDelegate - Run build in "C:\Users\ortiz\OneDrive\Documentos\proyecto\PROYECTO_ORTIZBLANCO_BRUNO\tarea3AD2024":
2025-12-12 11:44:03,443 [Worker-8: Launching Executing install in C__Users_ortiz_OneDrive_Documentos_proyecto_PROYECTO_ORTIZBLANCO_BRUNO_tarea3AD2024] INFO  o.e.m.i.launch.MavenLaunchDelegate -  mvn  -B -Dstyle.color=always install
2025-12-12 11:45:16,343 [Worker-24: Building] INFO  o.a.m.s.f.DefaultMavenResourcesFiltering - Copying 0 resource from src\main\resources to target\classes
2025-12-12 11:45:16,346 [Worker-24: Building] INFO  o.a.m.s.f.DefaultMavenResourcesFiltering - Copying 0 resource from src\main\resources to target\classes
2025-12-12 11:45:16,349 [Worker-24: Building] INFO  o.a.m.s.f.DefaultMavenResourcesFiltering - skip non existing resourceDirectory C:\Users\ortiz\OneDrive\Documentos\proyecto\PROYECTO_ORTIZBLANCO_BRUNO\tarea3AD2024\src\test\resources
2025-12-12 11:45:16,349 [Worker-24: Building] WARN  o.apache.maven.project.MavenProject - Direct modification of compileSourceRoots through clear() is deprecated and will not work in Maven 4.0.0. Please use the add/remove methods instead. If you're using a plugin that causes this warning, please upgrade to the latest version and report an issue if the warning persists. To disable these warnings, set -Dmaven.project.sourceRoots.warningsDisabled=true on the command line, in the .mvn/maven.config file, or in project POM properties.
2025-12-12 11:45:16,350 [Worker-24: Building] WARN  o.apache.maven.project.MavenProject - Direct modification of compileSourceRoots through add() is deprecated and will not work in Maven 4.0.0. Please use the add/remove methods instead. If you're using a plugin that causes this warning, please upgrade to the latest version and report an issue if the warning persists. To disable these warnings, set -Dmaven.project.sourceRoots.warningsDisabled=true on the command line, in the .mvn/maven.config file, or in project POM properties.
2025-12-12 11:45:16,351 [Worker-24: Building] WARN  o.apache.maven.project.MavenProject - Direct modification of testCompileSourceRoots through clear() is deprecated and will not work in Maven 4.0.0. Please use the add/remove methods instead. If you're using a plugin that causes this warning, please upgrade to the latest version and report an issue if the warning persists. To disable these warnings, set -Dmaven.project.sourceRoots.warningsDisabled=true on the command line, in the .mvn/maven.config file, or in project POM properties.
2025-12-12 11:45:16,351 [Worker-24: Building] WARN  o.apache.maven.project.MavenProject - Direct modification of testCompileSourceRoots through add() is deprecated and will not work in Maven 4.0.0. Please use the add/remove methods instead. If you're using a plugin that causes this warning, please upgrade to the latest version and report an issue if the warning persists. To disable these warnings, set -Dmaven.project.sourceRoots.warningsDisabled=true on the command line, in the .mvn/maven.config file, or in project POM properties.
2025-12-12 11:45:17,394 [Worker-13: Building] INFO  o.a.m.s.f.DefaultMavenResourcesFiltering - Copying 0 resource from src\main\resources to target\classes
2025-12-12 11:45:17,396 [Worker-13: Building] INFO  o.a.m.s.f.DefaultMavenResourcesFiltering - Copying 0 resource from src\main\resources to target\classes
2025-12-12 11:45:17,399 [Worker-13: Building] INFO  o.a.m.s.f.DefaultMavenResourcesFiltering - skip non existing resourceDirectory C:\Users\ortiz\OneDrive\Documentos\proyecto\PROYECTO_ORTIZBLANCO_BRUNO\tarea3AD2024\src\test\resources
2025-12-12 11:45:17,420 [Worker-13: Building] WARN  o.apache.maven.project.MavenProject - Direct modification of compileSourceRoots through clear() is deprecated and will not work in Maven 4.0.0. Please use the add/remove methods instead. If you're using a plugin that causes this warning, please upgrade to the latest version and report an issue if the warning persists. To disable these warnings, set -Dmaven.project.sourceRoots.warningsDisabled=true on the command line, in the .mvn/maven.config file, or in project POM properties.
2025-12-12 11:45:17,420 [Worker-13: Building] WARN  o.apache.maven.project.MavenProject - Direct modification of compileSourceRoots through add() is deprecated and will not work in Maven 4.0.0. Please use the add/remove methods instead. If you're using a plugin that causes this warning, please upgrade to the latest version and report an issue if the warning persists. To disable these warnings, set -Dmaven.project.sourceRoots.warningsDisabled=true on the command line, in the .mvn/maven.config file, or in project POM properties.
2025-12-12 11:45:17,420 [Worker-13: Building] WARN  o.apache.maven.project.MavenProject - Direct modification of testCompileSourceRoots through clear() is deprecated and will not work in Maven 4.0.0. Please use the add/remove methods instead. If you're using a plugin that causes this warning, please upgrade to the latest version and report an issue if the warning persists. To disable these warnings, set -Dmaven.project.sourceRoots.warningsDisabled=true on the command line, in the .mvn/maven.config file, or in project POM properties.
2025-12-12 11:45:17,421 [Worker-13: Building] WARN  o.apache.maven.project.MavenProject - Direct modification of testCompileSourceRoots through add() is deprecated and will not work in Maven 4.0.0. Please use the add/remove methods instead. If you're using a plugin that causes this warning, please upgrade to the latest version and report an issue if the warning persists. To disable these warnings, set -Dmaven.project.sourceRoots.warningsDisabled=true on the command line, in the .mvn/maven.config file, or in project POM properties.
2025-12-12 11:45:29,946 [Worker-3: Launching Executing install in C__Users_ortiz_OneDrive_Documentos_proyecto_PROYECTO_ORTIZBLANCO_BRUNO_tarea3AD2024] INFO  o.eclipse.m2e.core.internal.Bundles - getClasspathEntries(Bundle=org.eclipse.m2e.maven.runtime_3.9.1100.20250811-2018 [641])
2025-12-12 11:45:29,947 [Worker-3: Launching Executing install in C__Users_ortiz_OneDrive_Documentos_proyecto_PROYECTO_ORTIZBLANCO_BRUNO_tarea3AD2024] INFO  o.eclipse.m2e.core.internal.Bundles - 	Entry: C:\Users\ortiz\.p2\pool\plugins\org.eclipse.m2e.maven.runtime_3.9.1100.20250811-2018
2025-12-12 11:45:29,947 [Worker-3: Launching Executing install in C__Users_ortiz_OneDrive_Documentos_proyecto_PROYECTO_ORTIZBLANCO_BRUNO_tarea3AD2024] INFO  o.eclipse.m2e.core.internal.Bundles - 	Entry: C:\Users\ortiz\.p2\pool\plugins\org.eclipse.m2e.maven.runtime_3.9.1100.20250811-2018\jars\aopalliance-1.0.jar
2025-12-12 11:45:29,947 [Worker-3: Launching Executing install in C__Users_ortiz_OneDrive_Documentos_proyecto_PROYECTO_ORTIZBLANCO_BRUNO_tarea3AD2024] INFO  o.eclipse.m2e.core.internal.Bundles - 	Entry: C:\Users\ortiz\.p2\pool\plugins\org.eclipse.m2e.maven.runtime_3.9.1100.20250811-2018\jars\asm-9.8.jar
2025-12-12 11:45:29,947 [Worker-3: Launching Executing install in C__Users_ortiz_OneDrive_Documentos_proyecto_PROYECTO_ORTIZBLANCO_BRUNO_tarea3AD2024] INFO  o.eclipse.m2e.core.internal.Bundles - 	Entry: C:\Users\ortiz\.p2\pool\plugins\org.eclipse.m2e.maven.runtime_3.9.1100.20250811-2018\jars\error_prone_annotations-2.38.0.jar
2025-12-12 11:45:29,948 [Worker-3: Launching Executing install in C__Users_ortiz_OneDrive_Documentos_proyecto_PROYECTO_ORTIZBLANCO_BRUNO_tarea3AD2024] INFO  o.eclipse.m2e.core.internal.Bundles - 	Entry: C:\Users\ortiz\.p2\pool\plugins\org.eclipse.m2e.maven.runtime_3.9.1100.20250811-2018\jars\gson-2.13.1.jar
2025-12-12 11:45:29,948 [Worker-3: Launching Executing install in C__Users_ortiz_OneDrive_Documentos_proyecto_PROYECTO_ORTIZBLANCO_BRUNO_tarea3AD2024] INFO  o.eclipse.m2e.core.internal.Bundles - 	Entry: C:\Users\ortiz\.p2\pool\plugins\org.eclipse.m2e.maven.runtime_3.9.1100.20250811-2018\jars\guice-5.1.0-classes.jar
2025-12-12 11:45:29,948 [Worker-3: Launching Executing install in C__Users_ortiz_OneDrive_Documentos_proyecto_PROYECTO_ORTIZBLANCO_BRUNO_tarea3AD2024] INFO  o.eclipse.m2e.core.internal.Bundles - 	Entry: C:\Users\ortiz\.p2\pool\plugins\org.eclipse.m2e.maven.runtime_3.9.1100.20250811-2018\jars\httpclient-4.5.14.jar
2025-12-12 11:45:29,948 [Worker-3: Launching Executing install in C__Users_ortiz_OneDrive_Documentos_proyecto_PROYECTO_ORTIZBLANCO_BRUNO_tarea3AD2024] INFO  o.eclipse.m2e.core.internal.Bundles - 	Entry: C:\Users\ortiz\.p2\pool\plugins\org.eclipse.m2e.maven.runtime_3.9.1100.20250811-2018\jars\httpcore-4.4.16.jar
2025-12-12 11:45:29,948 [Worker-3: Launching Executing install in C__Users_ortiz_OneDrive_Documentos_proyecto_PROYECTO_ORTIZBLANCO_BRUNO_tarea3AD2024] INFO  o.eclipse.m2e.core.internal.Bundles - 	Entry: C:\Users\ortiz\.p2\pool\plugins\org.eclipse.m2e.maven.runtime_3.9.1100.20250811-2018\jars\jansi-2.4.2.jar
2025-12-12 11:45:29,948 [Worker-3: Launching Executing install in C__Users_ortiz_OneDrive_Documentos_proyecto_PROYECTO_ORTIZBLANCO_BRUNO_tarea3AD2024] INFO  o.eclipse.m2e.core.internal.Bundles - 	Entry: C:\Users\ortiz\.p2\pool\plugins\org.eclipse.m2e.maven.runtime_3.9.1100.20250811-2018\jars\jcl-over-slf4j-1.7.36.jar
2025-12-12 11:45:29,948 [Worker-3: Launching Executing install in C__Users_ortiz_OneDrive_Documentos_proyecto_PROYECTO_ORTIZBLANCO_BRUNO_tarea3AD2024] INFO  o.eclipse.m2e.core.internal.Bundles - 	Entry: C:\Users\ortiz\.p2\pool\plugins\org.eclipse.m2e.maven.runtime_3.9.1100.20250811-2018\jars\maven-artifact-3.9.11.jar
2025-12-12 11:45:29,949 [Worker-3: Launching Executing install in C__Users_ortiz_OneDrive_Documentos_proyecto_PROYECTO_ORTIZBLANCO_BRUNO_tarea3AD2024] INFO  o.eclipse.m2e.core.internal.Bundles - 	Entry: C:\Users\ortiz\.p2\pool\plugins\org.eclipse.m2e.maven.runtime_3.9.1100.20250811-2018\jars\maven-builder-support-3.9.11.jar
2025-12-12 11:45:29,949 [Worker-3: Launching Executing install in C__Users_ortiz_OneDrive_Documentos_proyecto_PROYECTO_ORTIZBLANCO_BRUNO_tarea3AD2024] INFO  o.eclipse.m2e.core.internal.Bundles - 	Entry: C:\Users\ortiz\.p2\pool\plugins\org.eclipse.m2e.maven.runtime_3.9.1100.20250811-2018\jars\maven-compat-3.9.11.jar
2025-12-12 11:45:29,949 [Worker-3: Launching Executing install in C__Users_ortiz_OneDrive_Documentos_proyecto_PROYECTO_ORTIZBLANCO_BRUNO_tarea3AD2024] INFO  o.eclipse.m2e.core.internal.Bundles - 	Entry: C:\Users\ortiz\.p2\pool\plugins\org.eclipse.m2e.maven.runtime_3.9.1100.20250811-2018\jars\maven-core-3.9.11.jar
2025-12-12 11:45:29,949 [Worker-3: Launching Executing install in C__Users_ortiz_OneDrive_Documentos_proyecto_PROYECTO_ORTIZBLANCO_BRUNO_tarea3AD2024] INFO  o.eclipse.m2e.core.internal.Bundles - 	Entry: C:\Users\ortiz\.p2\pool\plugins\org.eclipse.m2e.maven.runtime_3.9.1100.20250811-2018\jars\maven-embedder-3.9.11.jar
2025-12-12 11:45:29,949 [Worker-3: Launching Executing install in C__Users_ortiz_OneDrive_Documentos_proyecto_PROYECTO_ORTIZBLANCO_BRUNO_tarea3AD2024] INFO  o.eclipse.m2e.core.internal.Bundles - 	Entry: C:\Users\ortiz\.p2\pool\plugins\org.eclipse.m2e.maven.runtime_3.9.1100.20250811-2018\jars\maven-model-3.9.11.jar
2025-12-12 11:45:29,949 [Worker-3: Launching Executing install in C__Users_ortiz_OneDrive_Documentos_proyecto_PROYECTO_ORTIZBLANCO_BRUNO_tarea3AD2024] INFO  o.eclipse.m2e.core.internal.Bundles - 	Entry: C:\Users\ortiz\.p2\pool\plugins\org.eclipse.m2e.maven.runtime_3.9.1100.20250811-2018\jars\maven-model-builder-3.9.11.jar
2025-12-12 11:45:29,950 [Worker-3: Launching Executing install in C__Users_ortiz_OneDrive_Documentos_proyecto_PROYECTO_ORTIZBLANCO_BRUNO_tarea3AD2024] INFO  o.eclipse.m2e.core.internal.Bundles - 	Entry: C:\Users\ortiz\.p2\pool\plugins\org.eclipse.m2e.maven.runtime_3.9.1100.20250811-2018\jars\maven-plugin-api-3.9.11.jar
2025-12-12 11:45:29,950 [Worker-3: Launching Executing install in C__Users_ortiz_OneDrive_Documentos_proyecto_PROYECTO_ORTIZBLANCO_BRUNO_tarea3AD2024] INFO  o.eclipse.m2e.core.internal.Bundles - 	Entry: C:\Users\ortiz\.p2\pool\plugins\org.eclipse.m2e.maven.runtime_3.9.1100.20250811-2018\jars\maven-repository-metadata-3.9.11.jar
2025-12-12 11:45:29,950 [Worker-3: Launching Executing install in C__Users_ortiz_OneDrive_Documentos_proyecto_PROYECTO_ORTIZBLANCO_BRUNO_tarea3AD2024] INFO  o.eclipse.m2e.core.internal.Bundles - 	Entry: C:\Users\ortiz\.p2\pool\plugins\org.eclipse.m2e.maven.runtime_3.9.1100.20250811-2018\jars\maven-resolver-api-1.9.24.jar
2025-12-12 11:45:29,950 [Worker-3: Launching Executing install in C__Users_ortiz_OneDrive_Documentos_proyecto_PROYECTO_ORTIZBLANCO_BRUNO_tarea3AD2024] INFO  o.eclipse.m2e.core.internal.Bundles - 	Entry: C:\Users\ortiz\.p2\pool\plugins\org.eclipse.m2e.maven.runtime_3.9.1100.20250811-2018\jars\maven-resolver-connector-basic-1.9.24.jar
2025-12-12 11:45:29,950 [Worker-3: Launching Executing install in C__Users_ortiz_OneDrive_Documentos_proyecto_PROYECTO_ORTIZBLANCO_BRUNO_tarea3AD2024] INFO  o.eclipse.m2e.core.internal.Bundles - 	Entry: C:\Users\ortiz\.p2\pool\plugins\org.eclipse.m2e.maven.runtime_3.9.1100.20250811-2018\jars\maven-resolver-impl-1.9.24.jar
2025-12-12 11:45:29,950 [Worker-3: Launching Executing install in C__Users_ortiz_OneDrive_Documentos_proyecto_PROYECTO_ORTIZBLANCO_BRUNO_tarea3AD2024] INFO  o.eclipse.m2e.core.internal.Bundles - 	Entry: C:\Users\ortiz\.p2\pool\plugins\org.eclipse.m2e.maven.runtime_3.9.1100.20250811-2018\jars\maven-resolver-named-locks-1.9.24.jar
2025-12-12 11:45:29,950 [Worker-3: Launching Executing install in C__Users_ortiz_OneDrive_Documentos_proyecto_PROYECTO_ORTIZBLANCO_BRUNO_tarea3AD2024] INFO  o.eclipse.m2e.core.internal.Bundles - 	Entry: C:\Users\ortiz\.p2\pool\plugins\org.eclipse.m2e.maven.runtime_3.9.1100.20250811-2018\jars\maven-resolver-provider-3.9.11.jar
2025-12-12 11:45:29,951 [Worker-3: Launching Executing install in C__Users_ortiz_OneDrive_Documentos_proyecto_PROYECTO_ORTIZBLANCO_BRUNO_tarea3AD2024] INFO  o.eclipse.m2e.core.internal.Bundles - 	Entry: C:\Users\ortiz\.p2\pool\plugins\org.eclipse.m2e.maven.runtime_3.9.1100.20250811-2018\jars\maven-resolver-spi-1.9.24.jar
2025-12-12 11:45:29,951 [Worker-3: Launching Executing install in C__Users_ortiz_OneDrive_Documentos_proyecto_PROYECTO_ORTIZBLANCO_BRUNO_tarea3AD2024] INFO  o.eclipse.m2e.core.internal.Bundles - 	Entry: C:\Users\ortiz\.p2\pool\plugins\org.eclipse.m2e.maven.runtime_3.9.1100.20250811-2018\jars\maven-resolver-transport-file-1.9.24.jar
2025-12-12 11:45:29,951 [Worker-3: Launching Executing install in C__Users_ortiz_OneDrive_Documentos_proyecto_PROYECTO_ORTIZBLANCO_BRUNO_tarea3AD2024] INFO  o.eclipse.m2e.core.internal.Bundles - 	Entry: C:\Users\ortiz\.p2\pool\plugins\org.eclipse.m2e.maven.runtime_3.9.1100.20250811-2018\jars\maven-resolver-transport-http-1.9.24.jar
2025-12-12 11:45:29,951 [Worker-3: Launching Executing install in C__Users_ortiz_OneDrive_Documentos_proyecto_PROYECTO_ORTIZBLANCO_BRUNO_tarea3AD2024] INFO  o.eclipse.m2e.core.internal.Bundles - 	Entry: C:\Users\ortiz\.p2\pool\plugins\org.eclipse.m2e.maven.runtime_3.9.1100.20250811-2018\jars\maven-resolver-transport-wagon-1.9.24.jar
2025-12-12 11:45:29,951 [Worker-3: Launching Executing install in C__Users_ortiz_OneDrive_Documentos_proyecto_PROYECTO_ORTIZBLANCO_BRUNO_tarea3AD2024] INFO  o.eclipse.m2e.core.internal.Bundles - 	Entry: C:\Users\ortiz\.p2\pool\plugins\org.eclipse.m2e.maven.runtime_3.9.1100.20250811-2018\jars\maven-resolver-util-1.9.24.jar
2025-12-12 11:45:29,951 [Worker-3: Launching Executing install in C__Users_ortiz_OneDrive_Documentos_proyecto_PROYECTO_ORTIZBLANCO_BRUNO_tarea3AD2024] INFO  o.eclipse.m2e.core.internal.Bundles - 	Entry: C:\Users\ortiz\.p2\pool\plugins\org.eclipse.m2e.maven.runtime_3.9.1100.20250811-2018\jars\maven-settings-3.9.11.jar
2025-12-12 11:45:29,951 [Worker-3: Launching Executing install in C__Users_ortiz_OneDrive_Documentos_proyecto_PROYECTO_ORTIZBLANCO_BRUNO_tarea3AD2024] INFO  o.eclipse.m2e.core.internal.Bundles - 	Entry: C:\Users\ortiz\.p2\pool\plugins\org.eclipse.m2e.maven.runtime_3.9.1100.20250811-2018\jars\maven-settings-builder-3.9.11.jar
2025-12-12 11:45:29,952 [Worker-3: Launching Executing install in C__Users_ortiz_OneDrive_Documentos_proyecto_PROYECTO_ORTIZBLANCO_BRUNO_tarea3AD2024] INFO  o.eclipse.m2e.core.internal.Bundles - 	Entry: C:\Users\ortiz\.p2\pool\plugins\org.eclipse.m2e.maven.runtime_3.9.1100.20250811-2018\jars\maven-shared-utils-3.4.2.jar
2025-12-12 11:45:29,952 [Worker-3: Launching Executing install in C__Users_ortiz_OneDrive_Documentos_proyecto_PROYECTO_ORTIZBLANCO_BRUNO_tarea3AD2024] INFO  o.eclipse.m2e.core.internal.Bundles - 	Entry: C:\Users\ortiz\.p2\pool\plugins\org.eclipse.m2e.maven.runtime_3.9.1100.20250811-2018\jars\org.eclipse.sisu.inject-0.9.0.M4.jar
2025-12-12 11:45:29,952 [Worker-3: Launching Executing install in C__Users_ortiz_OneDrive_Documentos_proyecto_PROYECTO_ORTIZBLANCO_BRUNO_tarea3AD2024] INFO  o.eclipse.m2e.core.internal.Bundles - 	Entry: C:\Users\ortiz\.p2\pool\plugins\org.eclipse.m2e.maven.runtime_3.9.1100.20250811-2018\jars\org.eclipse.sisu.plexus-0.9.0.M4.jar
2025-12-12 11:45:29,952 [Worker-3: Launching Executing install in C__Users_ortiz_OneDrive_Documentos_proyecto_PROYECTO_ORTIZBLANCO_BRUNO_tarea3AD2024] INFO  o.eclipse.m2e.core.internal.Bundles - 	Entry: C:\Users\ortiz\.p2\pool\plugins\org.eclipse.m2e.maven.runtime_3.9.1100.20250811-2018\jars\plexus-build-api-0.0.7.jar
2025-12-12 11:45:29,952 [Worker-3: Launching Executing install in C__Users_ortiz_OneDrive_Documentos_proyecto_PROYECTO_ORTIZBLANCO_BRUNO_tarea3AD2024] INFO  o.eclipse.m2e.core.internal.Bundles - 	Entry: C:\Users\ortiz\.p2\pool\plugins\org.eclipse.m2e.maven.runtime_3.9.1100.20250811-2018\jars\plexus-build-api-1.2.0.jar
2025-12-12 11:45:29,952 [Worker-3: Launching Executing install in C__Users_ortiz_OneDrive_Documentos_proyecto_PROYECTO_ORTIZBLANCO_BRUNO_tarea3AD2024] INFO  o.eclipse.m2e.core.internal.Bundles - 	Entry: C:\Users\ortiz\.p2\pool\plugins\org.eclipse.m2e.maven.runtime_3.9.1100.20250811-2018\jars\plexus-cipher-2.0.jar
2025-12-12 11:45:29,952 [Worker-3: Launching Executing install in C__Users_ortiz_OneDrive_Documentos_proyecto_PROYECTO_ORTIZBLANCO_BRUNO_tarea3AD2024] INFO  o.eclipse.m2e.core.internal.Bundles - 	Entry: C:\Users\ortiz\.p2\pool\plugins\org.eclipse.m2e.maven.runtime_3.9.1100.20250811-2018\jars\plexus-classworlds-2.9.0.jar
2025-12-12 11:45:29,952 [Worker-3: Launching Executing install in C__Users_ortiz_OneDrive_Documentos_proyecto_PROYECTO_ORTIZBLANCO_BRUNO_tarea3AD2024] INFO  o.eclipse.m2e.core.internal.Bundles - 	Entry: C:\Users\ortiz\.p2\pool\plugins\org.eclipse.m2e.maven.runtime_3.9.1100.20250811-2018\jars\plexus-component-annotations-2.2.0.jar
2025-12-12 11:45:29,953 [Worker-3: Launching Executing install in C__Users_ortiz_OneDrive_Documentos_proyecto_PROYECTO_ORTIZBLANCO_BRUNO_tarea3AD2024] INFO  o.eclipse.m2e.core.internal.Bundles - 	Entry: C:\Users\ortiz\.p2\pool\plugins\org.eclipse.m2e.maven.runtime_3.9.1100.20250811-2018\jars\plexus-interpolation-1.28.jar
2025-12-12 11:45:29,953 [Worker-3: Launching Executing install in C__Users_ortiz_OneDrive_Documentos_proyecto_PROYECTO_ORTIZBLANCO_BRUNO_tarea3AD2024] INFO  o.eclipse.m2e.core.internal.Bundles - 	Entry: C:\Users\ortiz\.p2\pool\plugins\org.eclipse.m2e.maven.runtime_3.9.1100.20250811-2018\jars\plexus-sec-dispatcher-2.0.jar
2025-12-12 11:45:29,953 [Worker-3: Launching Executing install in C__Users_ortiz_OneDrive_Documentos_proyecto_PROYECTO_ORTIZBLANCO_BRUNO_tarea3AD2024] INFO  o.eclipse.m2e.core.internal.Bundles - 	Entry: C:\Users\ortiz\.p2\pool\plugins\org.eclipse.m2e.maven.runtime_3.9.1100.20250811-2018\jars\plexus-utils-3.6.0.jar
2025-12-12 11:45:29,953 [Worker-3: Launching Executing install in C__Users_ortiz_OneDrive_Documentos_proyecto_PROYECTO_ORTIZBLANCO_BRUNO_tarea3AD2024] INFO  o.eclipse.m2e.core.internal.Bundles - 	Entry: C:\Users\ortiz\.p2\pool\plugins\org.eclipse.m2e.maven.runtime_3.9.1100.20250811-2018\jars\wagon-file-3.5.3.jar
2025-12-12 11:45:29,953 [Worker-3: Launching Executing install in C__Users_ortiz_OneDrive_Documentos_proyecto_PROYECTO_ORTIZBLANCO_BRUNO_tarea3AD2024] INFO  o.eclipse.m2e.core.internal.Bundles - 	Entry: C:\Users\ortiz\.p2\pool\plugins\org.eclipse.m2e.maven.runtime_3.9.1100.20250811-2018\jars\wagon-http-3.5.3.jar
2025-12-12 11:45:29,953 [Worker-3: Launching Executing install in C__Users_ortiz_OneDrive_Documentos_proyecto_PROYECTO_ORTIZBLANCO_BRUNO_tarea3AD2024] INFO  o.eclipse.m2e.core.internal.Bundles - 	Entry: C:\Users\ortiz\.p2\pool\plugins\org.eclipse.m2e.maven.runtime_3.9.1100.20250811-2018\jars\wagon-http-shared-3.5.3.jar
2025-12-12 11:45:29,953 [Worker-3: Launching Executing install in C__Users_ortiz_OneDrive_Documentos_proyecto_PROYECTO_ORTIZBLANCO_BRUNO_tarea3AD2024] INFO  o.eclipse.m2e.core.internal.Bundles - 	Entry: C:\Users\ortiz\.p2\pool\plugins\org.eclipse.m2e.maven.runtime_3.9.1100.20250811-2018\jars\wagon-provider-api-3.5.3.jar
2025-12-12 11:45:29,954 [Worker-3: Launching Executing install in C__Users_ortiz_OneDrive_Documentos_proyecto_PROYECTO_ORTIZBLANCO_BRUNO_tarea3AD2024] INFO  o.eclipse.m2e.core.internal.Bundles - getClasspathEntries(Bundle=com.google.guava_33.5.0.jre [1329])
2025-12-12 11:45:29,954 [Worker-3: Launching Executing install in C__Users_ortiz_OneDrive_Documentos_proyecto_PROYECTO_ORTIZBLANCO_BRUNO_tarea3AD2024] INFO  o.eclipse.m2e.core.internal.Bundles - 	Entry: C:\Users\ortiz\.p2\pool\plugins\com.google.guava_33.5.0.jre.jar
2025-12-12 11:45:29,954 [Worker-3: Launching Executing install in C__Users_ortiz_OneDrive_Documentos_proyecto_PROYECTO_ORTIZBLANCO_BRUNO_tarea3AD2024] INFO  o.eclipse.m2e.core.internal.Bundles - getClasspathEntries(Bundle=slf4j.api_2.0.17 [1006])
2025-12-12 11:45:29,954 [Worker-3: Launching Executing install in C__Users_ortiz_OneDrive_Documentos_proyecto_PROYECTO_ORTIZBLANCO_BRUNO_tarea3AD2024] INFO  o.eclipse.m2e.core.internal.Bundles - 	Entry: C:\Users\ortiz\.p2\pool\plugins\slf4j.api_2.0.17.jar
2025-12-12 11:45:29,954 [Worker-3: Launching Executing install in C__Users_ortiz_OneDrive_Documentos_proyecto_PROYECTO_ORTIZBLANCO_BRUNO_tarea3AD2024] INFO  o.eclipse.m2e.core.internal.Bundles - getClasspathEntries(Bundle=jakarta.inject.jakarta.inject-api_1.0.5 [35])
2025-12-12 11:45:29,955 [Worker-3: Launching Executing install in C__Users_ortiz_OneDrive_Documentos_proyecto_PROYECTO_ORTIZBLANCO_BRUNO_tarea3AD2024] INFO  o.eclipse.m2e.core.internal.Bundles - 	Entry: C:\Users\ortiz\.p2\pool\plugins\jakarta.inject.jakarta.inject-api_1.0.5.jar
2025-12-12 11:45:29,955 [Worker-3: Launching Executing install in C__Users_ortiz_OneDrive_Documentos_proyecto_PROYECTO_ORTIZBLANCO_BRUNO_tarea3AD2024] INFO  o.eclipse.m2e.core.internal.Bundles - getClasspathEntries(Bundle=jakarta.annotation-api_1.3.5 [31])
2025-12-12 11:45:29,955 [Worker-3: Launching Executing install in C__Users_ortiz_OneDrive_Documentos_proyecto_PROYECTO_ORTIZBLANCO_BRUNO_tarea3AD2024] INFO  o.eclipse.m2e.core.internal.Bundles - 	Entry: C:\Users\ortiz\.p2\pool\plugins\jakarta.annotation-api_1.3.5.jar
2025-12-12 11:45:29,955 [Worker-3: Launching Executing install in C__Users_ortiz_OneDrive_Documentos_proyecto_PROYECTO_ORTIZBLANCO_BRUNO_tarea3AD2024] INFO  o.eclipse.m2e.core.internal.Bundles - getClasspathEntries(Bundle=org.apache.commons.cli_1.10.0 [75])
2025-12-12 11:45:29,955 [Worker-3: Launching Executing install in C__Users_ortiz_OneDrive_Documentos_proyecto_PROYECTO_ORTIZBLANCO_BRUNO_tarea3AD2024] INFO  o.eclipse.m2e.core.internal.Bundles - 	Entry: C:\Users\ortiz\.p2\pool\plugins\org.apache.commons.cli_1.10.0.jar
2025-12-12 11:45:29,955 [Worker-3: Launching Executing install in C__Users_ortiz_OneDrive_Documentos_proyecto_PROYECTO_ORTIZBLANCO_BRUNO_tarea3AD2024] INFO  o.eclipse.m2e.core.internal.Bundles - getClasspathEntries(Bundle=org.apache.commons.commons-codec_1.20.0 [1265])
2025-12-12 11:45:29,956 [Worker-3: Launching Executing install in C__Users_ortiz_OneDrive_Documentos_proyecto_PROYECTO_ORTIZBLANCO_BRUNO_tarea3AD2024] INFO  o.eclipse.m2e.core.internal.Bundles - 	Entry: C:\Users\ortiz\.p2\pool\plugins\org.apache.commons.commons-codec_1.20.0.jar
2025-12-12 11:45:29,956 [Worker-3: Launching Executing install in C__Users_ortiz_OneDrive_Documentos_proyecto_PROYECTO_ORTIZBLANCO_BRUNO_tarea3AD2024] INFO  o.eclipse.m2e.core.internal.Bundles - getClasspathEntries(Bundle=com.google.guava.failureaccess_1.0.3 [19])
2025-12-12 11:45:29,956 [Worker-3: Launching Executing install in C__Users_ortiz_OneDrive_Documentos_proyecto_PROYECTO_ORTIZBLANCO_BRUNO_tarea3AD2024] INFO  o.eclipse.m2e.core.internal.Bundles - 	Entry: C:\Users\ortiz\.p2\pool\plugins\com.google.guava.failureaccess_1.0.3.jar
2025-12-12 11:45:29,957 [Worker-3: Launching Executing install in C__Users_ortiz_OneDrive_Documentos_proyecto_PROYECTO_ORTIZBLANCO_BRUNO_tarea3AD2024] INFO  o.e.m.i.launch.MavenLaunchDelegate - Run build in "C:\Users\ortiz\OneDrive\Documentos\proyecto\PROYECTO_ORTIZBLANCO_BRUNO\tarea3AD2024":
2025-12-12 11:45:29,957 [Worker-3: Launching Executing install in C__Users_ortiz_OneDrive_Documentos_proyecto_PROYECTO_ORTIZBLANCO_BRUNO_tarea3AD2024] INFO  o.e.m.i.launch.MavenLaunchDelegate -  mvn  -B -Dstyle.color=always install
2025-12-12 11:45:46,616 [main] INFO  o.e.m2e.actions.ExecutePomAction - Creating new launch configuration
2025-12-12 11:46:03,309 [Worker-28: Launching tarea3AD2024] INFO  o.eclipse.m2e.core.internal.Bundles - getClasspathEntries(Bundle=org.eclipse.m2e.maven.runtime_3.9.1100.20250811-2018 [641])
2025-12-12 11:46:03,310 [Worker-28: Launching tarea3AD2024] INFO  o.eclipse.m2e.core.internal.Bundles - 	Entry: C:\Users\ortiz\.p2\pool\plugins\org.eclipse.m2e.maven.runtime_3.9.1100.20250811-2018
2025-12-12 11:46:03,310 [Worker-28: Launching tarea3AD2024] INFO  o.eclipse.m2e.core.internal.Bundles - 	Entry: C:\Users\ortiz\.p2\pool\plugins\org.eclipse.m2e.maven.runtime_3.9.1100.20250811-2018\jars\aopalliance-1.0.jar
2025-12-12 11:46:03,310 [Worker-28: Launching tarea3AD2024] INFO  o.eclipse.m2e.core.internal.Bundles - 	Entry: C:\Users\ortiz\.p2\pool\plugins\org.eclipse.m2e.maven.runtime_3.9.1100.20250811-2018\jars\asm-9.8.jar
2025-12-12 11:46:03,310 [Worker-28: Launching tarea3AD2024] INFO  o.eclipse.m2e.core.internal.Bundles - 	Entry: C:\Users\ortiz\.p2\pool\plugins\org.eclipse.m2e.maven.runtime_3.9.1100.20250811-2018\jars\error_prone_annotations-2.38.0.jar
2025-12-12 11:46:03,310 [Worker-28: Launching tarea3AD2024] INFO  o.eclipse.m2e.core.internal.Bundles - 	Entry: C:\Users\ortiz\.p2\pool\plugins\org.eclipse.m2e.maven.runtime_3.9.1100.20250811-2018\jars\gson-2.13.1.jar
2025-12-12 11:46:03,311 [Worker-28: Launching tarea3AD2024] INFO  o.eclipse.m2e.core.internal.Bundles - 	Entry: C:\Users\ortiz\.p2\pool\plugins\org.eclipse.m2e.maven.runtime_3.9.1100.20250811-2018\jars\guice-5.1.0-classes.jar
2025-12-12 11:46:03,311 [Worker-28: Launching tarea3AD2024] INFO  o.eclipse.m2e.core.internal.Bundles - 	Entry: C:\Users\ortiz\.p2\pool\plugins\org.eclipse.m2e.maven.runtime_3.9.1100.20250811-2018\jars\httpclient-4.5.14.jar
2025-12-12 11:46:03,311 [Worker-28: Launching tarea3AD2024] INFO  o.eclipse.m2e.core.internal.Bundles - 	Entry: C:\Users\ortiz\.p2\pool\plugins\org.eclipse.m2e.maven.runtime_3.9.1100.20250811-2018\jars\httpcore-4.4.16.jar
2025-12-12 11:46:03,311 [Worker-28: Launching tarea3AD2024] INFO  o.eclipse.m2e.core.internal.Bundles - 	Entry: C:\Users\ortiz\.p2\pool\plugins\org.eclipse.m2e.maven.runtime_3.9.1100.20250811-2018\jars\jansi-2.4.2.jar
2025-12-12 11:46:03,311 [Worker-28: Launching tarea3AD2024] INFO  o.eclipse.m2e.core.internal.Bundles - 	Entry: C:\Users\ortiz\.p2\pool\plugins\org.eclipse.m2e.maven.runtime_3.9.1100.20250811-2018\jars\jcl-over-slf4j-1.7.36.jar
2025-12-12 11:46:03,311 [Worker-28: Launching tarea3AD2024] INFO  o.eclipse.m2e.core.internal.Bundles - 	Entry: C:\Users\ortiz\.p2\pool\plugins\org.eclipse.m2e.maven.runtime_3.9.1100.20250811-2018\jars\maven-artifact-3.9.11.jar
2025-12-12 11:46:03,311 [Worker-28: Launching tarea3AD2024] INFO  o.eclipse.m2e.core.internal.Bundles - 	Entry: C:\Users\ortiz\.p2\pool\plugins\org.eclipse.m2e.maven.runtime_3.9.1100.20250811-2018\jars\maven-builder-support-3.9.11.jar
2025-12-12 11:46:03,312 [Worker-28: Launching tarea3AD2024] INFO  o.eclipse.m2e.core.internal.Bundles - 	Entry: C:\Users\ortiz\.p2\pool\plugins\org.eclipse.m2e.maven.runtime_3.9.1100.20250811-2018\jars\maven-compat-3.9.11.jar
2025-12-12 11:46:03,312 [Worker-28: Launching tarea3AD2024] INFO  o.eclipse.m2e.core.internal.Bundles - 	Entry: C:\Users\ortiz\.p2\pool\plugins\org.eclipse.m2e.maven.runtime_3.9.1100.20250811-2018\jars\maven-core-3.9.11.jar
2025-12-12 11:46:03,312 [Worker-28: Launching tarea3AD2024] INFO  o.eclipse.m2e.core.internal.Bundles - 	Entry: C:\Users\ortiz\.p2\pool\plugins\org.eclipse.m2e.maven.runtime_3.9.1100.20250811-2018\jars\maven-embedder-3.9.11.jar
2025-12-12 11:46:03,312 [Worker-28: Launching tarea3AD2024] INFO  o.eclipse.m2e.core.internal.Bundles - 	Entry: C:\Users\ortiz\.p2\pool\plugins\org.eclipse.m2e.maven.runtime_3.9.1100.20250811-2018\jars\maven-model-3.9.11.jar
2025-12-12 11:46:03,312 [Worker-28: Launching tarea3AD2024] INFO  o.eclipse.m2e.core.internal.Bundles - 	Entry: C:\Users\ortiz\.p2\pool\plugins\org.eclipse.m2e.maven.runtime_3.9.1100.20250811-2018\jars\maven-model-builder-3.9.11.jar
2025-12-12 11:46:03,312 [Worker-28: Launching tarea3AD2024] INFO  o.eclipse.m2e.core.internal.Bundles - 	Entry: C:\Users\ortiz\.p2\pool\plugins\org.eclipse.m2e.maven.runtime_3.9.1100.20250811-2018\jars\maven-plugin-api-3.9.11.jar
2025-12-12 11:46:03,312 [Worker-28: Launching tarea3AD2024] INFO  o.eclipse.m2e.core.internal.Bundles - 	Entry: C:\Users\ortiz\.p2\pool\plugins\org.eclipse.m2e.maven.runtime_3.9.1100.20250811-2018\jars\maven-repository-metadata-3.9.11.jar
2025-12-12 11:46:03,313 [Worker-28: Launching tarea3AD2024] INFO  o.eclipse.m2e.core.internal.Bundles - 	Entry: C:\Users\ortiz\.p2\pool\plugins\org.eclipse.m2e.maven.runtime_3.9.1100.20250811-2018\jars\maven-resolver-api-1.9.24.jar
2025-12-12 11:46:03,313 [Worker-28: Launching tarea3AD2024] INFO  o.eclipse.m2e.core.internal.Bundles - 	Entry: C:\Users\ortiz\.p2\pool\plugins\org.eclipse.m2e.maven.runtime_3.9.1100.20250811-2018\jars\maven-resolver-connector-basic-1.9.24.jar
2025-12-12 11:46:03,313 [Worker-28: Launching tarea3AD2024] INFO  o.eclipse.m2e.core.internal.Bundles - 	Entry: C:\Users\ortiz\.p2\pool\plugins\org.eclipse.m2e.maven.runtime_3.9.1100.20250811-2018\jars\maven-resolver-impl-1.9.24.jar
2025-12-12 11:46:03,313 [Worker-28: Launching tarea3AD2024] INFO  o.eclipse.m2e.core.internal.Bundles - 	Entry: C:\Users\ortiz\.p2\pool\plugins\org.eclipse.m2e.maven.runtime_3.9.1100.20250811-2018\jars\maven-resolver-named-locks-1.9.24.jar
2025-12-12 11:46:03,313 [Worker-28: Launching tarea3AD2024] INFO  o.eclipse.m2e.core.internal.Bundles - 	Entry: C:\Users\ortiz\.p2\pool\plugins\org.eclipse.m2e.maven.runtime_3.9.1100.20250811-2018\jars\maven-resolver-provider-3.9.11.jar
2025-12-12 11:46:03,313 [Worker-28: Launching tarea3AD2024] INFO  o.eclipse.m2e.core.internal.Bundles - 	Entry: C:\Users\ortiz\.p2\pool\plugins\org.eclipse.m2e.maven.runtime_3.9.1100.20250811-2018\jars\maven-resolver-spi-1.9.24.jar
2025-12-12 11:46:03,313 [Worker-28: Launching tarea3AD2024] INFO  o.eclipse.m2e.core.internal.Bundles - 	Entry: C:\Users\ortiz\.p2\pool\plugins\org.eclipse.m2e.maven.runtime_3.9.1100.20250811-2018\jars\maven-resolver-transport-file-1.9.24.jar
2025-12-12 11:46:03,314 [Worker-28: Launching tarea3AD2024] INFO  o.eclipse.m2e.core.internal.Bundles - 	Entry: C:\Users\ortiz\.p2\pool\plugins\org.eclipse.m2e.maven.runtime_3.9.1100.20250811-2018\jars\maven-resolver-transport-http-1.9.24.jar
2025-12-12 11:46:03,314 [Worker-28: Launching tarea3AD2024] INFO  o.eclipse.m2e.core.internal.Bundles - 	Entry: C:\Users\ortiz\.p2\pool\plugins\org.eclipse.m2e.maven.runtime_3.9.1100.20250811-2018\jars\maven-resolver-transport-wagon-1.9.24.jar
2025-12-12 11:46:03,314 [Worker-28: Launching tarea3AD2024] INFO  o.eclipse.m2e.core.internal.Bundles - 	Entry: C:\Users\ortiz\.p2\pool\plugins\org.eclipse.m2e.maven.runtime_3.9.1100.20250811-2018\jars\maven-resolver-util-1.9.24.jar
2025-12-12 11:46:03,314 [Worker-28: Launching tarea3AD2024] INFO  o.eclipse.m2e.core.internal.Bundles - 	Entry: C:\Users\ortiz\.p2\pool\plugins\org.eclipse.m2e.maven.runtime_3.9.1100.20250811-2018\jars\maven-settings-3.9.11.jar
2025-12-12 11:46:03,314 [Worker-28: Launching tarea3AD2024] INFO  o.eclipse.m2e.core.internal.Bundles - 	Entry: C:\Users\ortiz\.p2\pool\plugins\org.eclipse.m2e.maven.runtime_3.9.1100.20250811-2018\jars\maven-settings-builder-3.9.11.jar
2025-12-12 11:46:03,314 [Worker-28: Launching tarea3AD2024] INFO  o.eclipse.m2e.core.internal.Bundles - 	Entry: C:\Users\ortiz\.p2\pool\plugins\org.eclipse.m2e.maven.runtime_3.9.1100.20250811-2018\jars\maven-shared-utils-3.4.2.jar
2025-12-12 11:46:03,315 [Worker-28: Launching tarea3AD2024] INFO  o.eclipse.m2e.core.internal.Bundles - 	Entry: C:\Users\ortiz\.p2\pool\plugins\org.eclipse.m2e.maven.runtime_3.9.1100.20250811-2018\jars\org.eclipse.sisu.inject-0.9.0.M4.jar
2025-12-12 11:46:03,315 [Worker-28: Launching tarea3AD2024] INFO  o.eclipse.m2e.core.internal.Bundles - 	Entry: C:\Users\ortiz\.p2\pool\plugins\org.eclipse.m2e.maven.runtime_3.9.1100.20250811-2018\jars\org.eclipse.sisu.plexus-0.9.0.M4.jar
2025-12-12 11:46:03,315 [Worker-28: Launching tarea3AD2024] INFO  o.eclipse.m2e.core.internal.Bundles - 	Entry: C:\Users\ortiz\.p2\pool\plugins\org.eclipse.m2e.maven.runtime_3.9.1100.20250811-2018\jars\plexus-build-api-0.0.7.jar
2025-12-12 11:46:03,315 [Worker-28: Launching tarea3AD2024] INFO  o.eclipse.m2e.core.internal.Bundles - 	Entry: C:\Users\ortiz\.p2\pool\plugins\org.eclipse.m2e.maven.runtime_3.9.1100.20250811-2018\jars\plexus-build-api-1.2.0.jar
2025-12-12 11:46:03,315 [Worker-28: Launching tarea3AD2024] INFO  o.eclipse.m2e.core.internal.Bundles - 	Entry: C:\Users\ortiz\.p2\pool\plugins\org.eclipse.m2e.maven.runtime_3.9.1100.20250811-2018\jars\plexus-cipher-2.0.jar
2025-12-12 11:46:03,315 [Worker-28: Launching tarea3AD2024] INFO  o.eclipse.m2e.core.internal.Bundles - 	Entry: C:\Users\ortiz\.p2\pool\plugins\org.eclipse.m2e.maven.runtime_3.9.1100.20250811-2018\jars\plexus-classworlds-2.9.0.jar
2025-12-12 11:46:03,315 [Worker-28: Launching tarea3AD2024] INFO  o.eclipse.m2e.core.internal.Bundles - 	Entry: C:\Users\ortiz\.p2\pool\plugins\org.eclipse.m2e.maven.runtime_3.9.1100.20250811-2018\jars\plexus-component-annotations-2.2.0.jar
2025-12-12 11:46:03,316 [Worker-28: Launching tarea3AD2024] INFO  o.eclipse.m2e.core.internal.Bundles - 	Entry: C:\Users\ortiz\.p2\pool\plugins\org.eclipse.m2e.maven.runtime_3.9.1100.20250811-2018\jars\plexus-interpolation-1.28.jar
2025-12-12 11:46:03,316 [Worker-28: Launching tarea3AD2024] INFO  o.eclipse.m2e.core.internal.Bundles - 	Entry: C:\Users\ortiz\.p2\pool\plugins\org.eclipse.m2e.maven.runtime_3.9.1100.20250811-2018\jars\plexus-sec-dispatcher-2.0.jar
2025-12-12 11:46:03,316 [Worker-28: Launching tarea3AD2024] INFO  o.eclipse.m2e.core.internal.Bundles - 	Entry: C:\Users\ortiz\.p2\pool\plugins\org.eclipse.m2e.maven.runtime_3.9.1100.20250811-2018\jars\plexus-utils-3.6.0.jar
2025-12-12 11:46:03,316 [Worker-28: Launching tarea3AD2024] INFO  o.eclipse.m2e.core.internal.Bundles - 	Entry: C:\Users\ortiz\.p2\pool\plugins\org.eclipse.m2e.maven.runtime_3.9.1100.20250811-2018\jars\wagon-file-3.5.3.jar
2025-12-12 11:46:03,316 [Worker-28: Launching tarea3AD2024] INFO  o.eclipse.m2e.core.internal.Bundles - 	Entry: C:\Users\ortiz\.p2\pool\plugins\org.eclipse.m2e.maven.runtime_3.9.1100.20250811-2018\jars\wagon-http-3.5.3.jar
2025-12-12 11:46:03,316 [Worker-28: Launching tarea3AD2024] INFO  o.eclipse.m2e.core.internal.Bundles - 	Entry: C:\Users\ortiz\.p2\pool\plugins\org.eclipse.m2e.maven.runtime_3.9.1100.20250811-2018\jars\wagon-http-shared-3.5.3.jar
2025-12-12 11:46:03,316 [Worker-28: Launching tarea3AD2024] INFO  o.eclipse.m2e.core.internal.Bundles - 	Entry: C:\Users\ortiz\.p2\pool\plugins\org.eclipse.m2e.maven.runtime_3.9.1100.20250811-2018\jars\wagon-provider-api-3.5.3.jar
2025-12-12 11:46:03,317 [Worker-28: Launching tarea3AD2024] INFO  o.eclipse.m2e.core.internal.Bundles - getClasspathEntries(Bundle=com.google.guava_33.5.0.jre [1329])
2025-12-12 11:46:03,317 [Worker-28: Launching tarea3AD2024] INFO  o.eclipse.m2e.core.internal.Bundles - 	Entry: C:\Users\ortiz\.p2\pool\plugins\com.google.guava_33.5.0.jre.jar
2025-12-12 11:46:03,317 [Worker-28: Launching tarea3AD2024] INFO  o.eclipse.m2e.core.internal.Bundles - getClasspathEntries(Bundle=slf4j.api_2.0.17 [1006])
2025-12-12 11:46:03,317 [Worker-28: Launching tarea3AD2024] INFO  o.eclipse.m2e.core.internal.Bundles - 	Entry: C:\Users\ortiz\.p2\pool\plugins\slf4j.api_2.0.17.jar
2025-12-12 11:46:03,317 [Worker-28: Launching tarea3AD2024] INFO  o.eclipse.m2e.core.internal.Bundles - getClasspathEntries(Bundle=jakarta.inject.jakarta.inject-api_1.0.5 [35])
2025-12-12 11:46:03,318 [Worker-28: Launching tarea3AD2024] INFO  o.eclipse.m2e.core.internal.Bundles - 	Entry: C:\Users\ortiz\.p2\pool\plugins\jakarta.inject.jakarta.inject-api_1.0.5.jar
2025-12-12 11:46:03,318 [Worker-28: Launching tarea3AD2024] INFO  o.eclipse.m2e.core.internal.Bundles - getClasspathEntries(Bundle=jakarta.annotation-api_1.3.5 [31])
2025-12-12 11:46:03,318 [Worker-28: Launching tarea3AD2024] INFO  o.eclipse.m2e.core.internal.Bundles - 	Entry: C:\Users\ortiz\.p2\pool\plugins\jakarta.annotation-api_1.3.5.jar
2025-12-12 11:46:03,318 [Worker-28: Launching tarea3AD2024] INFO  o.eclipse.m2e.core.internal.Bundles - getClasspathEntries(Bundle=org.apache.commons.cli_1.10.0 [75])
2025-12-12 11:46:03,318 [Worker-28: Launching tarea3AD2024] INFO  o.eclipse.m2e.core.internal.Bundles - 	Entry: C:\Users\ortiz\.p2\pool\plugins\org.apache.commons.cli_1.10.0.jar
2025-12-12 11:46:03,318 [Worker-28: Launching tarea3AD2024] INFO  o.eclipse.m2e.core.internal.Bundles - getClasspathEntries(Bundle=org.apache.commons.commons-codec_1.20.0 [1265])
2025-12-12 11:46:03,319 [Worker-28: Launching tarea3AD2024] INFO  o.eclipse.m2e.core.internal.Bundles - 	Entry: C:\Users\ortiz\.p2\pool\plugins\org.apache.commons.commons-codec_1.20.0.jar
2025-12-12 11:46:03,319 [Worker-28: Launching tarea3AD2024] INFO  o.eclipse.m2e.core.internal.Bundles - getClasspathEntries(Bundle=com.google.guava.failureaccess_1.0.3 [19])
2025-12-12 11:46:03,319 [Worker-28: Launching tarea3AD2024] INFO  o.eclipse.m2e.core.internal.Bundles - 	Entry: C:\Users\ortiz\.p2\pool\plugins\com.google.guava.failureaccess_1.0.3.jar
2025-12-12 11:46:03,320 [Worker-28: Launching tarea3AD2024] INFO  o.e.m.i.launch.MavenLaunchDelegate - Run build in "C:\Users\ortiz\OneDrive\Documentos\proyecto\PROYECTO_ORTIZBLANCO_BRUNO\tarea3AD2024":
2025-12-12 11:46:03,320 [Worker-28: Launching tarea3AD2024] INFO  o.e.m.i.launch.MavenLaunchDelegate -  mvn  -B -Dstyle.color=always clean javafx:run
2025-12-12 11:46:40,110 [main] INFO  o.e.m2e.actions.ExecutePomAction - Creating new launch configuration
2025-12-12 11:46:45,373 [Worker-19: Launching tarea3AD2024] INFO  o.eclipse.m2e.core.internal.Bundles - getClasspathEntries(Bundle=org.eclipse.m2e.maven.runtime_3.9.1100.20250811-2018 [641])
2025-12-12 11:46:45,373 [Worker-19: Launching tarea3AD2024] INFO  o.eclipse.m2e.core.internal.Bundles - 	Entry: C:\Users\ortiz\.p2\pool\plugins\org.eclipse.m2e.maven.runtime_3.9.1100.20250811-2018
2025-12-12 11:46:45,374 [Worker-19: Launching tarea3AD2024] INFO  o.eclipse.m2e.core.internal.Bundles - 	Entry: C:\Users\ortiz\.p2\pool\plugins\org.eclipse.m2e.maven.runtime_3.9.1100.20250811-2018\jars\aopalliance-1.0.jar
2025-12-12 11:46:45,374 [Worker-19: Launching tarea3AD2024] INFO  o.eclipse.m2e.core.internal.Bundles - 	Entry: C:\Users\ortiz\.p2\pool\plugins\org.eclipse.m2e.maven.runtime_3.9.1100.20250811-2018\jars\asm-9.8.jar
2025-12-12 11:46:45,374 [Worker-19: Launching tarea3AD2024] INFO  o.eclipse.m2e.core.internal.Bundles - 	Entry: C:\Users\ortiz\.p2\pool\plugins\org.eclipse.m2e.maven.runtime_3.9.1100.20250811-2018\jars\error_prone_annotations-2.38.0.jar
2025-12-12 11:46:45,374 [Worker-19: Launching tarea3AD2024] INFO  o.eclipse.m2e.core.internal.Bundles - 	Entry: C:\Users\ortiz\.p2\pool\plugins\org.eclipse.m2e.maven.runtime_3.9.1100.20250811-2018\jars\gson-2.13.1.jar
2025-12-12 11:46:45,374 [Worker-19: Launching tarea3AD2024] INFO  o.eclipse.m2e.core.internal.Bundles - 	Entry: C:\Users\ortiz\.p2\pool\plugins\org.eclipse.m2e.maven.runtime_3.9.1100.20250811-2018\jars\guice-5.1.0-classes.jar
2025-12-12 11:46:45,374 [Worker-19: Launching tarea3AD2024] INFO  o.eclipse.m2e.core.internal.Bundles - 	Entry: C:\Users\ortiz\.p2\pool\plugins\org.eclipse.m2e.maven.runtime_3.9.1100.20250811-2018\jars\httpclient-4.5.14.jar
2025-12-12 11:46:45,374 [Worker-19: Launching tarea3AD2024] INFO  o.eclipse.m2e.core.internal.Bundles - 	Entry: C:\Users\ortiz\.p2\pool\plugins\org.eclipse.m2e.maven.runtime_3.9.1100.20250811-2018\jars\httpcore-4.4.16.jar
2025-12-12 11:46:45,375 [Worker-19: Launching tarea3AD2024] INFO  o.eclipse.m2e.core.internal.Bundles - 	Entry: C:\Users\ortiz\.p2\pool\plugins\org.eclipse.m2e.maven.runtime_3.9.1100.20250811-2018\jars\jansi-2.4.2.jar
2025-12-12 11:46:45,375 [Worker-19: Launching tarea3AD2024] INFO  o.eclipse.m2e.core.internal.Bundles - 	Entry: C:\Users\ortiz\.p2\pool\plugins\org.eclipse.m2e.maven.runtime_3.9.1100.20250811-2018\jars\jcl-over-slf4j-1.7.36.jar
2025-12-12 11:46:45,375 [Worker-19: Launching tarea3AD2024] INFO  o.eclipse.m2e.core.internal.Bundles - 	Entry: C:\Users\ortiz\.p2\pool\plugins\org.eclipse.m2e.maven.runtime_3.9.1100.20250811-2018\jars\maven-artifact-3.9.11.jar
2025-12-12 11:46:45,375 [Worker-19: Launching tarea3AD2024] INFO  o.eclipse.m2e.core.internal.Bundles - 	Entry: C:\Users\ortiz\.p2\pool\plugins\org.eclipse.m2e.maven.runtime_3.9.1100.20250811-2018\jars\maven-builder-support-3.9.11.jar
2025-12-12 11:46:45,375 [Worker-19: Launching tarea3AD2024] INFO  o.eclipse.m2e.core.internal.Bundles - 	Entry: C:\Users\ortiz\.p2\pool\plugins\org.eclipse.m2e.maven.runtime_3.9.1100.20250811-2018\jars\maven-compat-3.9.11.jar
2025-12-12 11:46:45,375 [Worker-19: Launching tarea3AD2024] INFO  o.eclipse.m2e.core.internal.Bundles - 	Entry: C:\Users\ortiz\.p2\pool\plugins\org.eclipse.m2e.maven.runtime_3.9.1100.20250811-2018\jars\maven-core-3.9.11.jar
2025-12-12 11:46:45,375 [Worker-19: Launching tarea3AD2024] INFO  o.eclipse.m2e.core.internal.Bundles - 	Entry: C:\Users\ortiz\.p2\pool\plugins\org.eclipse.m2e.maven.runtime_3.9.1100.20250811-2018\jars\maven-embedder-3.9.11.jar
2025-12-12 11:46:45,375 [Worker-19: Launching tarea3AD2024] INFO  o.eclipse.m2e.core.internal.Bundles - 	Entry: C:\Users\ortiz\.p2\pool\plugins\org.eclipse.m2e.maven.runtime_3.9.1100.20250811-2018\jars\maven-model-3.9.11.jar
2025-12-12 11:46:45,376 [Worker-19: Launching tarea3AD2024] INFO  o.eclipse.m2e.core.internal.Bundles - 	Entry: C:\Users\ortiz\.p2\pool\plugins\org.eclipse.m2e.maven.runtime_3.9.1100.20250811-2018\jars\maven-model-builder-3.9.11.jar
2025-12-12 11:46:45,376 [Worker-19: Launching tarea3AD2024] INFO  o.eclipse.m2e.core.internal.Bundles - 	Entry: C:\Users\ortiz\.p2\pool\plugins\org.eclipse.m2e.maven.runtime_3.9.1100.20250811-2018\jars\maven-plugin-api-3.9.11.jar
2025-12-12 11:46:45,376 [Worker-19: Launching tarea3AD2024] INFO  o.eclipse.m2e.core.internal.Bundles - 	Entry: C:\Users\ortiz\.p2\pool\plugins\org.eclipse.m2e.maven.runtime_3.9.1100.20250811-2018\jars\maven-repository-metadata-3.9.11.jar
2025-12-12 11:46:45,376 [Worker-19: Launching tarea3AD2024] INFO  o.eclipse.m2e.core.internal.Bundles - 	Entry: C:\Users\ortiz\.p2\pool\plugins\org.eclipse.m2e.maven.runtime_3.9.1100.20250811-2018\jars\maven-resolver-api-1.9.24.jar
2025-12-12 11:46:45,376 [Worker-19: Launching tarea3AD2024] INFO  o.eclipse.m2e.core.internal.Bundles - 	Entry: C:\Users\ortiz\.p2\pool\plugins\org.eclipse.m2e.maven.runtime_3.9.1100.20250811-2018\jars\maven-resolver-connector-basic-1.9.24.jar
2025-12-12 11:46:45,376 [Worker-19: Launching tarea3AD2024] INFO  o.eclipse.m2e.core.internal.Bundles - 	Entry: C:\Users\ortiz\.p2\pool\plugins\org.eclipse.m2e.maven.runtime_3.9.1100.20250811-2018\jars\maven-resolver-impl-1.9.24.jar
2025-12-12 11:46:45,376 [Worker-19: Launching tarea3AD2024] INFO  o.eclipse.m2e.core.internal.Bundles - 	Entry: C:\Users\ortiz\.p2\pool\plugins\org.eclipse.m2e.maven.runtime_3.9.1100.20250811-2018\jars\maven-resolver-named-locks-1.9.24.jar
2025-12-12 11:46:45,377 [Worker-19: Launching tarea3AD2024] INFO  o.eclipse.m2e.core.internal.Bundles - 	Entry: C:\Users\ortiz\.p2\pool\plugins\org.eclipse.m2e.maven.runtime_3.9.1100.20250811-2018\jars\maven-resolver-provider-3.9.11.jar
2025-12-12 11:46:45,377 [Worker-19: Launching tarea3AD2024] INFO  o.eclipse.m2e.core.internal.Bundles - 	Entry: C:\Users\ortiz\.p2\pool\plugins\org.eclipse.m2e.maven.runtime_3.9.1100.20250811-2018\jars\maven-resolver-spi-1.9.24.jar
2025-12-12 11:46:45,377 [Worker-19: Launching tarea3AD2024] INFO  o.eclipse.m2e.core.internal.Bundles - 	Entry: C:\Users\ortiz\.p2\pool\plugins\org.eclipse.m2e.maven.runtime_3.9.1100.20250811-2018\jars\maven-resolver-transport-file-1.9.24.jar
2025-12-12 11:46:45,377 [Worker-19: Launching tarea3AD2024] INFO  o.eclipse.m2e.core.internal.Bundles - 	Entry: C:\Users\ortiz\.p2\pool\plugins\org.eclipse.m2e.maven.runtime_3.9.1100.20250811-2018\jars\maven-resolver-transport-http-1.9.24.jar
2025-12-12 11:46:45,377 [Worker-19: Launching tarea3AD2024] INFO  o.eclipse.m2e.core.internal.Bundles - 	Entry: C:\Users\ortiz\.p2\pool\plugins\org.eclipse.m2e.maven.runtime_3.9.1100.20250811-2018\jars\maven-resolver-transport-wagon-1.9.24.jar
2025-12-12 11:46:45,377 [Worker-19: Launching tarea3AD2024] INFO  o.eclipse.m2e.core.internal.Bundles - 	Entry: C:\Users\ortiz\.p2\pool\plugins\org.eclipse.m2e.maven.runtime_3.9.1100.20250811-2018\jars\maven-resolver-util-1.9.24.jar
2025-12-12 11:46:45,377 [Worker-19: Launching tarea3AD2024] INFO  o.eclipse.m2e.core.internal.Bundles - 	Entry: C:\Users\ortiz\.p2\pool\plugins\org.eclipse.m2e.maven.runtime_3.9.1100.20250811-2018\jars\maven-settings-3.9.11.jar
2025-12-12 11:46:45,378 [Worker-19: Launching tarea3AD2024] INFO  o.eclipse.m2e.core.internal.Bundles - 	Entry: C:\Users\ortiz\.p2\pool\plugins\org.eclipse.m2e.maven.runtime_3.9.1100.20250811-2018\jars\maven-settings-builder-3.9.11.jar
2025-12-12 11:46:45,378 [Worker-19: Launching tarea3AD2024] INFO  o.eclipse.m2e.core.internal.Bundles - 	Entry: C:\Users\ortiz\.p2\pool\plugins\org.eclipse.m2e.maven.runtime_3.9.1100.20250811-2018\jars\maven-shared-utils-3.4.2.jar
2025-12-12 11:46:45,378 [Worker-19: Launching tarea3AD2024] INFO  o.eclipse.m2e.core.internal.Bundles - 	Entry: C:\Users\ortiz\.p2\pool\plugins\org.eclipse.m2e.maven.runtime_3.9.1100.20250811-2018\jars\org.eclipse.sisu.inject-0.9.0.M4.jar
2025-12-12 11:46:45,378 [Worker-19: Launching tarea3AD2024] INFO  o.eclipse.m2e.core.internal.Bundles - 	Entry: C:\Users\ortiz\.p2\pool\plugins\org.eclipse.m2e.maven.runtime_3.9.1100.20250811-2018\jars\org.eclipse.sisu.plexus-0.9.0.M4.jar
2025-12-12 11:46:45,378 [Worker-19: Launching tarea3AD2024] INFO  o.eclipse.m2e.core.internal.Bundles - 	Entry: C:\Users\ortiz\.p2\pool\plugins\org.eclipse.m2e.maven.runtime_3.9.1100.20250811-2018\jars\plexus-build-api-0.0.7.jar
2025-12-12 11:46:45,378 [Worker-19: Launching tarea3AD2024] INFO  o.eclipse.m2e.core.internal.Bundles - 	Entry: C:\Users\ortiz\.p2\pool\plugins\org.eclipse.m2e.maven.runtime_3.9.1100.20250811-2018\jars\plexus-build-api-1.2.0.jar
2025-12-12 11:46:45,378 [Worker-19: Launching tarea3AD2024] INFO  o.eclipse.m2e.core.internal.Bundles - 	Entry: C:\Users\ortiz\.p2\pool\plugins\org.eclipse.m2e.maven.runtime_3.9.1100.20250811-2018\jars\plexus-cipher-2.0.jar
2025-12-12 11:46:45,378 [Worker-19: Launching tarea3AD2024] INFO  o.eclipse.m2e.core.internal.Bundles - 	Entry: C:\Users\ortiz\.p2\pool\plugins\org.eclipse.m2e.maven.runtime_3.9.1100.20250811-2018\jars\plexus-classworlds-2.9.0.jar
2025-12-12 11:46:45,379 [Worker-19: Launching tarea3AD2024] INFO  o.eclipse.m2e.core.internal.Bundles - 	Entry: C:\Users\ortiz\.p2\pool\plugins\org.eclipse.m2e.maven.runtime_3.9.1100.20250811-2018\jars\plexus-component-annotations-2.2.0.jar
2025-12-12 11:46:45,379 [Worker-19: Launching tarea3AD2024] INFO  o.eclipse.m2e.core.internal.Bundles - 	Entry: C:\Users\ortiz\.p2\pool\plugins\org.eclipse.m2e.maven.runtime_3.9.1100.20250811-2018\jars\plexus-interpolation-1.28.jar
2025-12-12 11:46:45,379 [Worker-19: Launching tarea3AD2024] INFO  o.eclipse.m2e.core.internal.Bundles - 	Entry: C:\Users\ortiz\.p2\pool\plugins\org.eclipse.m2e.maven.runtime_3.9.1100.20250811-2018\jars\plexus-sec-dispatcher-2.0.jar
2025-12-12 11:46:45,379 [Worker-19: Launching tarea3AD2024] INFO  o.eclipse.m2e.core.internal.Bundles - 	Entry: C:\Users\ortiz\.p2\pool\plugins\org.eclipse.m2e.maven.runtime_3.9.1100.20250811-2018\jars\plexus-utils-3.6.0.jar
2025-12-12 11:46:45,379 [Worker-19: Launching tarea3AD2024] INFO  o.eclipse.m2e.core.internal.Bundles - 	Entry: C:\Users\ortiz\.p2\pool\plugins\org.eclipse.m2e.maven.runtime_3.9.1100.20250811-2018\jars\wagon-file-3.5.3.jar
2025-12-12 11:46:45,379 [Worker-19: Launching tarea3AD2024] INFO  o.eclipse.m2e.core.internal.Bundles - 	Entry: C:\Users\ortiz\.p2\pool\plugins\org.eclipse.m2e.maven.runtime_3.9.1100.20250811-2018\jars\wagon-http-3.5.3.jar
2025-12-12 11:46:45,379 [Worker-19: Launching tarea3AD2024] INFO  o.eclipse.m2e.core.internal.Bundles - 	Entry: C:\Users\ortiz\.p2\pool\plugins\org.eclipse.m2e.maven.runtime_3.9.1100.20250811-2018\jars\wagon-http-shared-3.5.3.jar
2025-12-12 11:46:45,379 [Worker-19: Launching tarea3AD2024] INFO  o.eclipse.m2e.core.internal.Bundles - 	Entry: C:\Users\ortiz\.p2\pool\plugins\org.eclipse.m2e.maven.runtime_3.9.1100.20250811-2018\jars\wagon-provider-api-3.5.3.jar
2025-12-12 11:46:45,380 [Worker-19: Launching tarea3AD2024] INFO  o.eclipse.m2e.core.internal.Bundles - getClasspathEntries(Bundle=com.google.guava_33.5.0.jre [1329])
2025-12-12 11:46:45,380 [Worker-19: Launching tarea3AD2024] INFO  o.eclipse.m2e.core.internal.Bundles - 	Entry: C:\Users\ortiz\.p2\pool\plugins\com.google.guava_33.5.0.jre.jar
2025-12-12 11:46:45,380 [Worker-19: Launching tarea3AD2024] INFO  o.eclipse.m2e.core.internal.Bundles - getClasspathEntries(Bundle=slf4j.api_2.0.17 [1006])
2025-12-12 11:46:45,380 [Worker-19: Launching tarea3AD2024] INFO  o.eclipse.m2e.core.internal.Bundles - 	Entry: C:\Users\ortiz\.p2\pool\plugins\slf4j.api_2.0.17.jar
2025-12-12 11:46:45,380 [Worker-19: Launching tarea3AD2024] INFO  o.eclipse.m2e.core.internal.Bundles - getClasspathEntries(Bundle=jakarta.inject.jakarta.inject-api_1.0.5 [35])
2025-12-12 11:46:45,381 [Worker-19: Launching tarea3AD2024] INFO  o.eclipse.m2e.core.internal.Bundles - 	Entry: C:\Users\ortiz\.p2\pool\plugins\jakarta.inject.jakarta.inject-api_1.0.5.jar
2025-12-12 11:46:45,381 [Worker-19: Launching tarea3AD2024] INFO  o.eclipse.m2e.core.internal.Bundles - getClasspathEntries(Bundle=jakarta.annotation-api_1.3.5 [31])
2025-12-12 11:46:45,381 [Worker-19: Launching tarea3AD2024] INFO  o.eclipse.m2e.core.internal.Bundles - 	Entry: C:\Users\ortiz\.p2\pool\plugins\jakarta.annotation-api_1.3.5.jar
2025-12-12 11:46:45,381 [Worker-19: Launching tarea3AD2024] INFO  o.eclipse.m2e.core.internal.Bundles - getClasspathEntries(Bundle=org.apache.commons.cli_1.10.0 [75])
2025-12-12 11:46:45,381 [Worker-19: Launching tarea3AD2024] INFO  o.eclipse.m2e.core.internal.Bundles - 	Entry: C:\Users\ortiz\.p2\pool\plugins\org.apache.commons.cli_1.10.0.jar
2025-12-12 11:46:45,381 [Worker-19: Launching tarea3AD2024] INFO  o.eclipse.m2e.core.internal.Bundles - getClasspathEntries(Bundle=org.apache.commons.commons-codec_1.20.0 [1265])
2025-12-12 11:46:45,381 [Worker-19: Launching tarea3AD2024] INFO  o.eclipse.m2e.core.internal.Bundles - 	Entry: C:\Users\ortiz\.p2\pool\plugins\org.apache.commons.commons-codec_1.20.0.jar
2025-12-12 11:46:45,381 [Worker-19: Launching tarea3AD2024] INFO  o.eclipse.m2e.core.internal.Bundles - getClasspathEntries(Bundle=com.google.guava.failureaccess_1.0.3 [19])
2025-12-12 11:46:45,382 [Worker-19: Launching tarea3AD2024] INFO  o.eclipse.m2e.core.internal.Bundles - 	Entry: C:\Users\ortiz\.p2\pool\plugins\com.google.guava.failureaccess_1.0.3.jar
2025-12-12 11:46:45,383 [Worker-19: Launching tarea3AD2024] INFO  o.e.m.i.launch.MavenLaunchDelegate - Run build in "C:\Users\ortiz\OneDrive\Documentos\proyecto\PROYECTO_ORTIZBLANCO_BRUNO\tarea3AD2024":
2025-12-12 11:46:45,383 [Worker-19: Launching tarea3AD2024] INFO  o.e.m.i.launch.MavenLaunchDelegate -  mvn  -B -Dstyle.color=always clean javafx:run
2025-12-12 11:54:35,611 [Worker-3: Launching tarea3AD2024] INFO  o.eclipse.m2e.core.internal.Bundles - getClasspathEntries(Bundle=org.eclipse.m2e.maven.runtime_3.9.1100.20250811-2018 [641])
2025-12-12 11:54:35,612 [Worker-3: Launching tarea3AD2024] INFO  o.eclipse.m2e.core.internal.Bundles - 	Entry: C:\Users\ortiz\.p2\pool\plugins\org.eclipse.m2e.maven.runtime_3.9.1100.20250811-2018
2025-12-12 11:54:35,612 [Worker-3: Launching tarea3AD2024] INFO  o.eclipse.m2e.core.internal.Bundles - 	Entry: C:\Users\ortiz\.p2\pool\plugins\org.eclipse.m2e.maven.runtime_3.9.1100.20250811-2018\jars\aopalliance-1.0.jar
2025-12-12 11:54:35,612 [Worker-3: Launching tarea3AD2024] INFO  o.eclipse.m2e.core.internal.Bundles - 	Entry: C:\Users\ortiz\.p2\pool\plugins\org.eclipse.m2e.maven.runtime_3.9.1100.20250811-2018\jars\asm-9.8.jar
2025-12-12 11:54:35,612 [Worker-3: Launching tarea3AD2024] INFO  o.eclipse.m2e.core.internal.Bundles - 	Entry: C:\Users\ortiz\.p2\pool\plugins\org.eclipse.m2e.maven.runtime_3.9.1100.20250811-2018\jars\error_prone_annotations-2.38.0.jar
2025-12-12 11:54:35,612 [Worker-3: Launching tarea3AD2024] INFO  o.eclipse.m2e.core.internal.Bundles - 	Entry: C:\Users\ortiz\.p2\pool\plugins\org.eclipse.m2e.maven.runtime_3.9.1100.20250811-2018\jars\gson-2.13.1.jar
2025-12-12 11:54:35,613 [Worker-3: Launching tarea3AD2024] INFO  o.eclipse.m2e.core.internal.Bundles - 	Entry: C:\Users\ortiz\.p2\pool\plugins\org.eclipse.m2e.maven.runtime_3.9.1100.20250811-2018\jars\guice-5.1.0-classes.jar
2025-12-12 11:54:35,613 [Worker-3: Launching tarea3AD2024] INFO  o.eclipse.m2e.core.internal.Bundles - 	Entry: C:\Users\ortiz\.p2\pool\plugins\org.eclipse.m2e.maven.runtime_3.9.1100.20250811-2018\jars\httpclient-4.5.14.jar
2025-12-12 11:54:35,613 [Worker-3: Launching tarea3AD2024] INFO  o.eclipse.m2e.core.internal.Bundles - 	Entry: C:\Users\ortiz\.p2\pool\plugins\org.eclipse.m2e.maven.runtime_3.9.1100.20250811-2018\jars\httpcore-4.4.16.jar
2025-12-12 11:54:35,613 [Worker-3: Launching tarea3AD2024] INFO  o.eclipse.m2e.core.internal.Bundles - 	Entry: C:\Users\ortiz\.p2\pool\plugins\org.eclipse.m2e.maven.runtime_3.9.1100.20250811-2018\jars\jansi-2.4.2.jar
2025-12-12 11:54:35,613 [Worker-3: Launching tarea3AD2024] INFO  o.eclipse.m2e.core.internal.Bundles - 	Entry: C:\Users\ortiz\.p2\pool\plugins\org.eclipse.m2e.maven.runtime_3.9.1100.20250811-2018\jars\jcl-over-slf4j-1.7.36.jar
2025-12-12 11:54:35,613 [Worker-3: Launching tarea3AD2024] INFO  o.eclipse.m2e.core.internal.Bundles - 	Entry: C:\Users\ortiz\.p2\pool\plugins\org.eclipse.m2e.maven.runtime_3.9.1100.20250811-2018\jars\maven-artifact-3.9.11.jar
2025-12-12 11:54:35,613 [Worker-3: Launching tarea3AD2024] INFO  o.eclipse.m2e.core.internal.Bundles - 	Entry: C:\Users\ortiz\.p2\pool\plugins\org.eclipse.m2e.maven.runtime_3.9.1100.20250811-2018\jars\maven-builder-support-3.9.11.jar
2025-12-12 11:54:35,614 [Worker-3: Launching tarea3AD2024] INFO  o.eclipse.m2e.core.internal.Bundles - 	Entry: C:\Users\ortiz\.p2\pool\plugins\org.eclipse.m2e.maven.runtime_3.9.1100.20250811-2018\jars\maven-compat-3.9.11.jar
2025-12-12 11:54:35,614 [Worker-3: Launching tarea3AD2024] INFO  o.eclipse.m2e.core.internal.Bundles - 	Entry: C:\Users\ortiz\.p2\pool\plugins\org.eclipse.m2e.maven.runtime_3.9.1100.20250811-2018\jars\maven-core-3.9.11.jar
2025-12-12 11:54:35,614 [Worker-3: Launching tarea3AD2024] INFO  o.eclipse.m2e.core.internal.Bundles - 	Entry: C:\Users\ortiz\.p2\pool\plugins\org.eclipse.m2e.maven.runtime_3.9.1100.20250811-2018\jars\maven-embedder-3.9.11.jar
2025-12-12 11:54:35,614 [Worker-3: Launching tarea3AD2024] INFO  o.eclipse.m2e.core.internal.Bundles - 	Entry: C:\Users\ortiz\.p2\pool\plugins\org.eclipse.m2e.maven.runtime_3.9.1100.20250811-2018\jars\maven-model-3.9.11.jar
2025-12-12 11:54:35,614 [Worker-3: Launching tarea3AD2024] INFO  o.eclipse.m2e.core.internal.Bundles - 	Entry: C:\Users\ortiz\.p2\pool\plugins\org.eclipse.m2e.maven.runtime_3.9.1100.20250811-2018\jars\maven-model-builder-3.9.11.jar
2025-12-12 11:54:35,614 [Worker-3: Launching tarea3AD2024] INFO  o.eclipse.m2e.core.internal.Bundles - 	Entry: C:\Users\ortiz\.p2\pool\plugins\org.eclipse.m2e.maven.runtime_3.9.1100.20250811-2018\jars\maven-plugin-api-3.9.11.jar
2025-12-12 11:54:35,614 [Worker-3: Launching tarea3AD2024] INFO  o.eclipse.m2e.core.internal.Bundles - 	Entry: C:\Users\ortiz\.p2\pool\plugins\org.eclipse.m2e.maven.runtime_3.9.1100.20250811-2018\jars\maven-repository-metadata-3.9.11.jar
2025-12-12 11:54:35,615 [Worker-3: Launching tarea3AD2024] INFO  o.eclipse.m2e.core.internal.Bundles - 	Entry: C:\Users\ortiz\.p2\pool\plugins\org.eclipse.m2e.maven.runtime_3.9.1100.20250811-2018\jars\maven-resolver-api-1.9.24.jar
2025-12-12 11:54:35,615 [Worker-3: Launching tarea3AD2024] INFO  o.eclipse.m2e.core.internal.Bundles - 	Entry: C:\Users\ortiz\.p2\pool\plugins\org.eclipse.m2e.maven.runtime_3.9.1100.20250811-2018\jars\maven-resolver-connector-basic-1.9.24.jar
2025-12-12 11:54:35,615 [Worker-3: Launching tarea3AD2024] INFO  o.eclipse.m2e.core.internal.Bundles - 	Entry: C:\Users\ortiz\.p2\pool\plugins\org.eclipse.m2e.maven.runtime_3.9.1100.20250811-2018\jars\maven-resolver-impl-1.9.24.jar
2025-12-12 11:54:35,615 [Worker-3: Launching tarea3AD2024] INFO  o.eclipse.m2e.core.internal.Bundles - 	Entry: C:\Users\ortiz\.p2\pool\plugins\org.eclipse.m2e.maven.runtime_3.9.1100.20250811-2018\jars\maven-resolver-named-locks-1.9.24.jar
2025-12-12 11:54:35,615 [Worker-3: Launching tarea3AD2024] INFO  o.eclipse.m2e.core.internal.Bundles - 	Entry: C:\Users\ortiz\.p2\pool\plugins\org.eclipse.m2e.maven.runtime_3.9.1100.20250811-2018\jars\maven-resolver-provider-3.9.11.jar
2025-12-12 11:54:35,615 [Worker-3: Launching tarea3AD2024] INFO  o.eclipse.m2e.core.internal.Bundles - 	Entry: C:\Users\ortiz\.p2\pool\plugins\org.eclipse.m2e.maven.runtime_3.9.1100.20250811-2018\jars\maven-resolver-spi-1.9.24.jar
2025-12-12 11:54:35,615 [Worker-3: Launching tarea3AD2024] INFO  o.eclipse.m2e.core.internal.Bundles - 	Entry: C:\Users\ortiz\.p2\pool\plugins\org.eclipse.m2e.maven.runtime_3.9.1100.20250811-2018\jars\maven-resolver-transport-file-1.9.24.jar
2025-12-12 11:54:35,615 [Worker-3: Launching tarea3AD2024] INFO  o.eclipse.m2e.core.internal.Bundles - 	Entry: C:\Users\ortiz\.p2\pool\plugins\org.eclipse.m2e.maven.runtime_3.9.1100.20250811-2018\jars\maven-resolver-transport-http-1.9.24.jar
2025-12-12 11:54:35,616 [Worker-3: Launching tarea3AD2024] INFO  o.eclipse.m2e.core.internal.Bundles - 	Entry: C:\Users\ortiz\.p2\pool\plugins\org.eclipse.m2e.maven.runtime_3.9.1100.20250811-2018\jars\maven-resolver-transport-wagon-1.9.24.jar
2025-12-12 11:54:35,616 [Worker-3: Launching tarea3AD2024] INFO  o.eclipse.m2e.core.internal.Bundles - 	Entry: C:\Users\ortiz\.p2\pool\plugins\org.eclipse.m2e.maven.runtime_3.9.1100.20250811-2018\jars\maven-resolver-util-1.9.24.jar
2025-12-12 11:54:35,616 [Worker-3: Launching tarea3AD2024] INFO  o.eclipse.m2e.core.internal.Bundles - 	Entry: C:\Users\ortiz\.p2\pool\plugins\org.eclipse.m2e.maven.runtime_3.9.1100.20250811-2018\jars\maven-settings-3.9.11.jar
2025-12-12 11:54:35,616 [Worker-3: Launching tarea3AD2024] INFO  o.eclipse.m2e.core.internal.Bundles - 	Entry: C:\Users\ortiz\.p2\pool\plugins\org.eclipse.m2e.maven.runtime_3.9.1100.20250811-2018\jars\maven-settings-builder-3.9.11.jar
2025-12-12 11:54:35,616 [Worker-3: Launching tarea3AD2024] INFO  o.eclipse.m2e.core.internal.Bundles - 	Entry: C:\Users\ortiz\.p2\pool\plugins\org.eclipse.m2e.maven.runtime_3.9.1100.20250811-2018\jars\maven-shared-utils-3.4.2.jar
2025-12-12 11:54:35,616 [Worker-3: Launching tarea3AD2024] INFO  o.eclipse.m2e.core.internal.Bundles - 	Entry: C:\Users\ortiz\.p2\pool\plugins\org.eclipse.m2e.maven.runtime_3.9.1100.20250811-2018\jars\org.eclipse.sisu.inject-0.9.0.M4.jar
2025-12-12 11:54:35,616 [Worker-3: Launching tarea3AD2024] INFO  o.eclipse.m2e.core.internal.Bundles - 	Entry: C:\Users\ortiz\.p2\pool\plugins\org.eclipse.m2e.maven.runtime_3.9.1100.20250811-2018\jars\org.eclipse.sisu.plexus-0.9.0.M4.jar
2025-12-12 11:54:35,616 [Worker-3: Launching tarea3AD2024] INFO  o.eclipse.m2e.core.internal.Bundles - 	Entry: C:\Users\ortiz\.p2\pool\plugins\org.eclipse.m2e.maven.runtime_3.9.1100.20250811-2018\jars\plexus-build-api-0.0.7.jar
2025-12-12 11:54:35,617 [Worker-3: Launching tarea3AD2024] INFO  o.eclipse.m2e.core.internal.Bundles - 	Entry: C:\Users\ortiz\.p2\pool\plugins\org.eclipse.m2e.maven.runtime_3.9.1100.20250811-2018\jars\plexus-build-api-1.2.0.jar
2025-12-12 11:54:35,617 [Worker-3: Launching tarea3AD2024] INFO  o.eclipse.m2e.core.internal.Bundles - 	Entry: C:\Users\ortiz\.p2\pool\plugins\org.eclipse.m2e.maven.runtime_3.9.1100.20250811-2018\jars\plexus-cipher-2.0.jar
2025-12-12 11:54:35,617 [Worker-3: Launching tarea3AD2024] INFO  o.eclipse.m2e.core.internal.Bundles - 	Entry: C:\Users\ortiz\.p2\pool\plugins\org.eclipse.m2e.maven.runtime_3.9.1100.20250811-2018\jars\plexus-classworlds-2.9.0.jar
2025-12-12 11:54:35,617 [Worker-3: Launching tarea3AD2024] INFO  o.eclipse.m2e.core.internal.Bundles - 	Entry: C:\Users\ortiz\.p2\pool\plugins\org.eclipse.m2e.maven.runtime_3.9.1100.20250811-2018\jars\plexus-component-annotations-2.2.0.jar
2025-12-12 11:54:35,617 [Worker-3: Launching tarea3AD2024] INFO  o.eclipse.m2e.core.internal.Bundles - 	Entry: C:\Users\ortiz\.p2\pool\plugins\org.eclipse.m2e.maven.runtime_3.9.1100.20250811-2018\jars\plexus-interpolation-1.28.jar
2025-12-12 11:54:35,617 [Worker-3: Launching tarea3AD2024] INFO  o.eclipse.m2e.core.internal.Bundles - 	Entry: C:\Users\ortiz\.p2\pool\plugins\org.eclipse.m2e.maven.runtime_3.9.1100.20250811-2018\jars\plexus-sec-dispatcher-2.0.jar
2025-12-12 11:54:35,617 [Worker-3: Launching tarea3AD2024] INFO  o.eclipse.m2e.core.internal.Bundles - 	Entry: C:\Users\ortiz\.p2\pool\plugins\org.eclipse.m2e.maven.runtime_3.9.1100.20250811-2018\jars\plexus-utils-3.6.0.jar
2025-12-12 11:54:35,617 [Worker-3: Launching tarea3AD2024] INFO  o.eclipse.m2e.core.internal.Bundles - 	Entry: C:\Users\ortiz\.p2\pool\plugins\org.eclipse.m2e.maven.runtime_3.9.1100.20250811-2018\jars\wagon-file-3.5.3.jar
2025-12-12 11:54:35,617 [Worker-3: Launching tarea3AD2024] INFO  o.eclipse.m2e.core.internal.Bundles - 	Entry: C:\Users\ortiz\.p2\pool\plugins\org.eclipse.m2e.maven.runtime_3.9.1100.20250811-2018\jars\wagon-http-3.5.3.jar
2025-12-12 11:54:35,618 [Worker-3: Launching tarea3AD2024] INFO  o.eclipse.m2e.core.internal.Bundles - 	Entry: C:\Users\ortiz\.p2\pool\plugins\org.eclipse.m2e.maven.runtime_3.9.1100.20250811-2018\jars\wagon-http-shared-3.5.3.jar
2025-12-12 11:54:35,618 [Worker-3: Launching tarea3AD2024] INFO  o.eclipse.m2e.core.internal.Bundles - 	Entry: C:\Users\ortiz\.p2\pool\plugins\org.eclipse.m2e.maven.runtime_3.9.1100.20250811-2018\jars\wagon-provider-api-3.5.3.jar
2025-12-12 11:54:35,618 [Worker-3: Launching tarea3AD2024] INFO  o.eclipse.m2e.core.internal.Bundles - getClasspathEntries(Bundle=com.google.guava_33.5.0.jre [1329])
2025-12-12 11:54:35,618 [Worker-3: Launching tarea3AD2024] INFO  o.eclipse.m2e.core.internal.Bundles - 	Entry: C:\Users\ortiz\.p2\pool\plugins\com.google.guava_33.5.0.jre.jar
2025-12-12 11:54:35,618 [Worker-3: Launching tarea3AD2024] INFO  o.eclipse.m2e.core.internal.Bundles - getClasspathEntries(Bundle=slf4j.api_2.0.17 [1006])
2025-12-12 11:54:35,619 [Worker-3: Launching tarea3AD2024] INFO  o.eclipse.m2e.core.internal.Bundles - 	Entry: C:\Users\ortiz\.p2\pool\plugins\slf4j.api_2.0.17.jar
2025-12-12 11:54:35,619 [Worker-3: Launching tarea3AD2024] INFO  o.eclipse.m2e.core.internal.Bundles - getClasspathEntries(Bundle=jakarta.inject.jakarta.inject-api_1.0.5 [35])
2025-12-12 11:54:35,619 [Worker-3: Launching tarea3AD2024] INFO  o.eclipse.m2e.core.internal.Bundles - 	Entry: C:\Users\ortiz\.p2\pool\plugins\jakarta.inject.jakarta.inject-api_1.0.5.jar
2025-12-12 11:54:35,619 [Worker-3: Launching tarea3AD2024] INFO  o.eclipse.m2e.core.internal.Bundles - getClasspathEntries(Bundle=jakarta.annotation-api_1.3.5 [31])
2025-12-12 11:54:35,619 [Worker-3: Launching tarea3AD2024] INFO  o.eclipse.m2e.core.internal.Bundles - 	Entry: C:\Users\ortiz\.p2\pool\plugins\jakarta.annotation-api_1.3.5.jar
2025-12-12 11:54:35,619 [Worker-3: Launching tarea3AD2024] INFO  o.eclipse.m2e.core.internal.Bundles - getClasspathEntries(Bundle=org.apache.commons.cli_1.10.0 [75])
2025-12-12 11:54:35,620 [Worker-3: Launching tarea3AD2024] INFO  o.eclipse.m2e.core.internal.Bundles - 	Entry: C:\Users\ortiz\.p2\pool\plugins\org.apache.commons.cli_1.10.0.jar
2025-12-12 11:54:35,620 [Worker-3: Launching tarea3AD2024] INFO  o.eclipse.m2e.core.internal.Bundles - getClasspathEntries(Bundle=org.apache.commons.commons-codec_1.20.0 [1265])
2025-12-12 11:54:35,620 [Worker-3: Launching tarea3AD2024] INFO  o.eclipse.m2e.core.internal.Bundles - 	Entry: C:\Users\ortiz\.p2\pool\plugins\org.apache.commons.commons-codec_1.20.0.jar
2025-12-12 11:54:35,620 [Worker-3: Launching tarea3AD2024] INFO  o.eclipse.m2e.core.internal.Bundles - getClasspathEntries(Bundle=com.google.guava.failureaccess_1.0.3 [19])
2025-12-12 11:54:35,620 [Worker-3: Launching tarea3AD2024] INFO  o.eclipse.m2e.core.internal.Bundles - 	Entry: C:\Users\ortiz\.p2\pool\plugins\com.google.guava.failureaccess_1.0.3.jar
2025-12-12 11:54:35,621 [Worker-3: Launching tarea3AD2024] INFO  o.e.m.i.launch.MavenLaunchDelegate - Run build in "C:\Users\ortiz\OneDrive\Documentos\proyecto\PROYECTO_ORTIZBLANCO_BRUNO\tarea3AD2024":
2025-12-12 11:54:35,621 [Worker-3: Launching tarea3AD2024] INFO  o.e.m.i.launch.MavenLaunchDelegate -  mvn  -B -Dstyle.color=always clean javafx:run
2025-12-12 11:56:40,347 [Worker-7: Building] INFO  o.e.m.c.i.l.LifecycleMappingFactory - Using org.eclipse.m2e.jdt.JarLifecycleMapping lifecycle mapping for MavenProject: dev.brunob:ProyectoFE:0.0.1-SNAPSHOT @ C:\Users\ortiz\OneDrive\Documentos\proyecto\PROYECTO_ORTIZBLANCO_BRUNO\tarea3AD2024\pom.xml.
2025-12-12 11:56:40,632 [Worker-7: Building] INFO  o.a.m.s.f.DefaultMavenResourcesFiltering - Copying 0 resource from src\main\resources to target\classes
2025-12-12 11:56:40,634 [Worker-7: Building] INFO  o.a.m.s.f.DefaultMavenResourcesFiltering - Copying 0 resource from src\main\resources to target\classes
2025-12-12 11:56:40,638 [Worker-7: Building] INFO  o.a.m.s.f.DefaultMavenResourcesFiltering - skip non existing resourceDirectory C:\Users\ortiz\OneDrive\Documentos\proyecto\PROYECTO_ORTIZBLANCO_BRUNO\tarea3AD2024\src\test\resources
2025-12-12 11:56:40,654 [Worker-7: Building] WARN  o.apache.maven.project.MavenProject - Direct modification of compileSourceRoots through clear() is deprecated and will not work in Maven 4.0.0. Please use the add/remove methods instead. If you're using a plugin that causes this warning, please upgrade to the latest version and report an issue if the warning persists. To disable these warnings, set -Dmaven.project.sourceRoots.warningsDisabled=true on the command line, in the .mvn/maven.config file, or in project POM properties.
2025-12-12 11:56:40,655 [Worker-7: Building] WARN  o.apache.maven.project.MavenProject - Direct modification of compileSourceRoots through add() is deprecated and will not work in Maven 4.0.0. Please use the add/remove methods instead. If you're using a plugin that causes this warning, please upgrade to the latest version and report an issue if the warning persists. To disable these warnings, set -Dmaven.project.sourceRoots.warningsDisabled=true on the command line, in the .mvn/maven.config file, or in project POM properties.
2025-12-12 11:56:40,655 [Worker-7: Building] WARN  o.apache.maven.project.MavenProject - Direct modification of testCompileSourceRoots through clear() is deprecated and will not work in Maven 4.0.0. Please use the add/remove methods instead. If you're using a plugin that causes this warning, please upgrade to the latest version and report an issue if the warning persists. To disable these warnings, set -Dmaven.project.sourceRoots.warningsDisabled=true on the command line, in the .mvn/maven.config file, or in project POM properties.
2025-12-12 11:56:40,656 [Worker-7: Building] WARN  o.apache.maven.project.MavenProject - Direct modification of testCompileSourceRoots through add() is deprecated and will not work in Maven 4.0.0. Please use the add/remove methods instead. If you're using a plugin that causes this warning, please upgrade to the latest version and report an issue if the warning persists. To disable these warnings, set -Dmaven.project.sourceRoots.warningsDisabled=true on the command line, in the .mvn/maven.config file, or in project POM properties.
2025-12-12 11:58:40,346 [Worker-30: Building] INFO  o.e.m.c.i.l.LifecycleMappingFactory - Using org.eclipse.m2e.jdt.JarLifecycleMapping lifecycle mapping for MavenProject: dev.brunob:ProyectoFE:0.0.1-SNAPSHOT @ C:\Users\ortiz\OneDrive\Documentos\proyecto\PROYECTO_ORTIZBLANCO_BRUNO\tarea3AD2024\pom.xml.
2025-12-12 11:58:40,772 [Worker-30: Building] INFO  o.a.m.s.f.DefaultMavenResourcesFiltering - Copying 1 resource from src\main\resources to target\classes
2025-12-12 11:58:40,781 [Worker-30: Building] INFO  o.a.m.s.f.DefaultMavenResourcesFiltering - Copying 5 resources from src\main\resources to target\classes
2025-12-12 11:58:40,786 [Worker-30: Building] INFO  o.a.m.s.f.DefaultMavenResourcesFiltering - skip non existing resourceDirectory C:\Users\ortiz\OneDrive\Documentos\proyecto\PROYECTO_ORTIZBLANCO_BRUNO\tarea3AD2024\src\test\resources
2025-12-12 11:58:40,802 [Worker-30: Building] WARN  o.apache.maven.project.MavenProject - Direct modification of compileSourceRoots through clear() is deprecated and will not work in Maven 4.0.0. Please use the add/remove methods instead. If you're using a plugin that causes this warning, please upgrade to the latest version and report an issue if the warning persists. To disable these warnings, set -Dmaven.project.sourceRoots.warningsDisabled=true on the command line, in the .mvn/maven.config file, or in project POM properties.
2025-12-12 11:58:40,802 [Worker-30: Building] WARN  o.apache.maven.project.MavenProject - Direct modification of compileSourceRoots through add() is deprecated and will not work in Maven 4.0.0. Please use the add/remove methods instead. If you're using a plugin that causes this warning, please upgrade to the latest version and report an issue if the warning persists. To disable these warnings, set -Dmaven.project.sourceRoots.warningsDisabled=true on the command line, in the .mvn/maven.config file, or in project POM properties.
2025-12-12 11:58:40,803 [Worker-30: Building] WARN  o.apache.maven.project.MavenProject - Direct modification of testCompileSourceRoots through clear() is deprecated and will not work in Maven 4.0.0. Please use the add/remove methods instead. If you're using a plugin that causes this warning, please upgrade to the latest version and report an issue if the warning persists. To disable these warnings, set -Dmaven.project.sourceRoots.warningsDisabled=true on the command line, in the .mvn/maven.config file, or in project POM properties.
2025-12-12 11:58:40,803 [Worker-30: Building] WARN  o.apache.maven.project.MavenProject - Direct modification of testCompileSourceRoots through add() is deprecated and will not work in Maven 4.0.0. Please use the add/remove methods instead. If you're using a plugin that causes this warning, please upgrade to the latest version and report an issue if the warning persists. To disable these warnings, set -Dmaven.project.sourceRoots.warningsDisabled=true on the command line, in the .mvn/maven.config file, or in project POM properties.
2025-12-12 11:59:06,367 [Worker-30: Building] INFO  o.a.m.s.f.DefaultMavenResourcesFiltering - Copying 0 resource from src\main\resources to target\classes
2025-12-12 11:59:06,369 [Worker-30: Building] INFO  o.a.m.s.f.DefaultMavenResourcesFiltering - Copying 0 resource from src\main\resources to target\classes
2025-12-12 11:59:06,372 [Worker-30: Building] INFO  o.a.m.s.f.DefaultMavenResourcesFiltering - skip non existing resourceDirectory C:\Users\ortiz\OneDrive\Documentos\proyecto\PROYECTO_ORTIZBLANCO_BRUNO\tarea3AD2024\src\test\resources
2025-12-12 11:59:06,373 [Worker-30: Building] WARN  o.apache.maven.project.MavenProject - Direct modification of compileSourceRoots through clear() is deprecated and will not work in Maven 4.0.0. Please use the add/remove methods instead. If you're using a plugin that causes this warning, please upgrade to the latest version and report an issue if the warning persists. To disable these warnings, set -Dmaven.project.sourceRoots.warningsDisabled=true on the command line, in the .mvn/maven.config file, or in project POM properties.
2025-12-12 11:59:06,374 [Worker-30: Building] WARN  o.apache.maven.project.MavenProject - Direct modification of compileSourceRoots through add() is deprecated and will not work in Maven 4.0.0. Please use the add/remove methods instead. If you're using a plugin that causes this warning, please upgrade to the latest version and report an issue if the warning persists. To disable these warnings, set -Dmaven.project.sourceRoots.warningsDisabled=true on the command line, in the .mvn/maven.config file, or in project POM properties.
2025-12-12 11:59:06,374 [Worker-30: Building] WARN  o.apache.maven.project.MavenProject - Direct modification of testCompileSourceRoots through clear() is deprecated and will not work in Maven 4.0.0. Please use the add/remove methods instead. If you're using a plugin that causes this warning, please upgrade to the latest version and report an issue if the warning persists. To disable these warnings, set -Dmaven.project.sourceRoots.warningsDisabled=true on the command line, in the .mvn/maven.config file, or in project POM properties.
2025-12-12 11:59:06,375 [Worker-30: Building] WARN  o.apache.maven.project.MavenProject - Direct modification of testCompileSourceRoots through add() is deprecated and will not work in Maven 4.0.0. Please use the add/remove methods instead. If you're using a plugin that causes this warning, please upgrade to the latest version and report an issue if the warning persists. To disable these warnings, set -Dmaven.project.sourceRoots.warningsDisabled=true on the command line, in the .mvn/maven.config file, or in project POM properties.
2025-12-12 11:59:32,867 [Worker-3: Building] INFO  o.a.m.s.f.DefaultMavenResourcesFiltering - Copying 0 resource from src\main\resources to target\classes
2025-12-12 11:59:32,869 [Worker-3: Building] INFO  o.a.m.s.f.DefaultMavenResourcesFiltering - Copying 0 resource from src\main\resources to target\classes
2025-12-12 11:59:32,871 [Worker-3: Building] INFO  o.a.m.s.f.DefaultMavenResourcesFiltering - skip non existing resourceDirectory C:\Users\ortiz\OneDrive\Documentos\proyecto\PROYECTO_ORTIZBLANCO_BRUNO\tarea3AD2024\src\test\resources
2025-12-12 11:59:32,872 [Worker-3: Building] WARN  o.apache.maven.project.MavenProject - Direct modification of compileSourceRoots through clear() is deprecated and will not work in Maven 4.0.0. Please use the add/remove methods instead. If you're using a plugin that causes this warning, please upgrade to the latest version and report an issue if the warning persists. To disable these warnings, set -Dmaven.project.sourceRoots.warningsDisabled=true on the command line, in the .mvn/maven.config file, or in project POM properties.
2025-12-12 11:59:32,872 [Worker-3: Building] WARN  o.apache.maven.project.MavenProject - Direct modification of compileSourceRoots through add() is deprecated and will not work in Maven 4.0.0. Please use the add/remove methods instead. If you're using a plugin that causes this warning, please upgrade to the latest version and report an issue if the warning persists. To disable these warnings, set -Dmaven.project.sourceRoots.warningsDisabled=true on the command line, in the .mvn/maven.config file, or in project POM properties.
2025-12-12 11:59:32,873 [Worker-3: Building] WARN  o.apache.maven.project.MavenProject - Direct modification of testCompileSourceRoots through clear() is deprecated and will not work in Maven 4.0.0. Please use the add/remove methods instead. If you're using a plugin that causes this warning, please upgrade to the latest version and report an issue if the warning persists. To disable these warnings, set -Dmaven.project.sourceRoots.warningsDisabled=true on the command line, in the .mvn/maven.config file, or in project POM properties.
2025-12-12 11:59:32,873 [Worker-3: Building] WARN  o.apache.maven.project.MavenProject - Direct modification of testCompileSourceRoots through add() is deprecated and will not work in Maven 4.0.0. Please use the add/remove methods instead. If you're using a plugin that causes this warning, please upgrade to the latest version and report an issue if the warning persists. To disable these warnings, set -Dmaven.project.sourceRoots.warningsDisabled=true on the command line, in the .mvn/maven.config file, or in project POM properties.
2025-12-12 12:00:41,520 [Worker-30: Building] INFO  o.a.m.s.f.DefaultMavenResourcesFiltering - Copying 0 resource from src\main\resources to target\classes
2025-12-12 12:00:41,523 [Worker-30: Building] INFO  o.a.m.s.f.DefaultMavenResourcesFiltering - Copying 0 resource from src\main\resources to target\classes
2025-12-12 12:00:41,526 [Worker-30: Building] INFO  o.a.m.s.f.DefaultMavenResourcesFiltering - skip non existing resourceDirectory C:\Users\ortiz\OneDrive\Documentos\proyecto\PROYECTO_ORTIZBLANCO_BRUNO\tarea3AD2024\src\test\resources
2025-12-12 12:00:41,527 [Worker-30: Building] WARN  o.apache.maven.project.MavenProject - Direct modification of compileSourceRoots through clear() is deprecated and will not work in Maven 4.0.0. Please use the add/remove methods instead. If you're using a plugin that causes this warning, please upgrade to the latest version and report an issue if the warning persists. To disable these warnings, set -Dmaven.project.sourceRoots.warningsDisabled=true on the command line, in the .mvn/maven.config file, or in project POM properties.
2025-12-12 12:00:41,527 [Worker-30: Building] WARN  o.apache.maven.project.MavenProject - Direct modification of compileSourceRoots through add() is deprecated and will not work in Maven 4.0.0. Please use the add/remove methods instead. If you're using a plugin that causes this warning, please upgrade to the latest version and report an issue if the warning persists. To disable these warnings, set -Dmaven.project.sourceRoots.warningsDisabled=true on the command line, in the .mvn/maven.config file, or in project POM properties.
2025-12-12 12:00:41,528 [Worker-30: Building] WARN  o.apache.maven.project.MavenProject - Direct modification of testCompileSourceRoots through clear() is deprecated and will not work in Maven 4.0.0. Please use the add/remove methods instead. If you're using a plugin that causes this warning, please upgrade to the latest version and report an issue if the warning persists. To disable these warnings, set -Dmaven.project.sourceRoots.warningsDisabled=true on the command line, in the .mvn/maven.config file, or in project POM properties.
2025-12-12 12:00:41,528 [Worker-30: Building] WARN  o.apache.maven.project.MavenProject - Direct modification of testCompileSourceRoots through add() is deprecated and will not work in Maven 4.0.0. Please use the add/remove methods instead. If you're using a plugin that causes this warning, please upgrade to the latest version and report an issue if the warning persists. To disable these warnings, set -Dmaven.project.sourceRoots.warningsDisabled=true on the command line, in the .mvn/maven.config file, or in project POM properties.
2025-12-12 12:00:49,042 [Worker-32: Building] INFO  o.a.m.s.f.DefaultMavenResourcesFiltering - Copying 0 resource from src\main\resources to target\classes
2025-12-12 12:00:49,045 [Worker-32: Building] INFO  o.a.m.s.f.DefaultMavenResourcesFiltering - Copying 0 resource from src\main\resources to target\classes
2025-12-12 12:00:49,048 [Worker-32: Building] INFO  o.a.m.s.f.DefaultMavenResourcesFiltering - skip non existing resourceDirectory C:\Users\ortiz\OneDrive\Documentos\proyecto\PROYECTO_ORTIZBLANCO_BRUNO\tarea3AD2024\src\test\resources
2025-12-12 12:00:49,049 [Worker-32: Building] WARN  o.apache.maven.project.MavenProject - Direct modification of compileSourceRoots through clear() is deprecated and will not work in Maven 4.0.0. Please use the add/remove methods instead. If you're using a plugin that causes this warning, please upgrade to the latest version and report an issue if the warning persists. To disable these warnings, set -Dmaven.project.sourceRoots.warningsDisabled=true on the command line, in the .mvn/maven.config file, or in project POM properties.
2025-12-12 12:00:49,050 [Worker-32: Building] WARN  o.apache.maven.project.MavenProject - Direct modification of compileSourceRoots through add() is deprecated and will not work in Maven 4.0.0. Please use the add/remove methods instead. If you're using a plugin that causes this warning, please upgrade to the latest version and report an issue if the warning persists. To disable these warnings, set -Dmaven.project.sourceRoots.warningsDisabled=true on the command line, in the .mvn/maven.config file, or in project POM properties.
2025-12-12 12:00:49,050 [Worker-32: Building] WARN  o.apache.maven.project.MavenProject - Direct modification of testCompileSourceRoots through clear() is deprecated and will not work in Maven 4.0.0. Please use the add/remove methods instead. If you're using a plugin that causes this warning, please upgrade to the latest version and report an issue if the warning persists. To disable these warnings, set -Dmaven.project.sourceRoots.warningsDisabled=true on the command line, in the .mvn/maven.config file, or in project POM properties.
2025-12-12 12:00:49,051 [Worker-32: Building] WARN  o.apache.maven.project.MavenProject - Direct modification of testCompileSourceRoots through add() is deprecated and will not work in Maven 4.0.0. Please use the add/remove methods instead. If you're using a plugin that causes this warning, please upgrade to the latest version and report an issue if the warning persists. To disable these warnings, set -Dmaven.project.sourceRoots.warningsDisabled=true on the command line, in the .mvn/maven.config file, or in project POM properties.
2025-12-12 12:00:55,211 [Worker-32: Building] INFO  o.a.m.s.f.DefaultMavenResourcesFiltering - Copying 0 resource from src\main\resources to target\classes
2025-12-12 12:00:55,213 [Worker-32: Building] INFO  o.a.m.s.f.DefaultMavenResourcesFiltering - Copying 0 resource from src\main\resources to target\classes
2025-12-12 12:00:55,217 [Worker-32: Building] INFO  o.a.m.s.f.DefaultMavenResourcesFiltering - skip non existing resourceDirectory C:\Users\ortiz\OneDrive\Documentos\proyecto\PROYECTO_ORTIZBLANCO_BRUNO\tarea3AD2024\src\test\resources
2025-12-12 12:00:55,217 [Worker-32: Building] WARN  o.apache.maven.project.MavenProject - Direct modification of compileSourceRoots through clear() is deprecated and will not work in Maven 4.0.0. Please use the add/remove methods instead. If you're using a plugin that causes this warning, please upgrade to the latest version and report an issue if the warning persists. To disable these warnings, set -Dmaven.project.sourceRoots.warningsDisabled=true on the command line, in the .mvn/maven.config file, or in project POM properties.
2025-12-12 12:00:55,218 [Worker-32: Building] WARN  o.apache.maven.project.MavenProject - Direct modification of compileSourceRoots through add() is deprecated and will not work in Maven 4.0.0. Please use the add/remove methods instead. If you're using a plugin that causes this warning, please upgrade to the latest version and report an issue if the warning persists. To disable these warnings, set -Dmaven.project.sourceRoots.warningsDisabled=true on the command line, in the .mvn/maven.config file, or in project POM properties.
2025-12-12 12:00:55,218 [Worker-32: Building] WARN  o.apache.maven.project.MavenProject - Direct modification of testCompileSourceRoots through clear() is deprecated and will not work in Maven 4.0.0. Please use the add/remove methods instead. If you're using a plugin that causes this warning, please upgrade to the latest version and report an issue if the warning persists. To disable these warnings, set -Dmaven.project.sourceRoots.warningsDisabled=true on the command line, in the .mvn/maven.config file, or in project POM properties.
2025-12-12 12:00:55,218 [Worker-32: Building] WARN  o.apache.maven.project.MavenProject - Direct modification of testCompileSourceRoots through add() is deprecated and will not work in Maven 4.0.0. Please use the add/remove methods instead. If you're using a plugin that causes this warning, please upgrade to the latest version and report an issue if the warning persists. To disable these warnings, set -Dmaven.project.sourceRoots.warningsDisabled=true on the command line, in the .mvn/maven.config file, or in project POM properties.
2025-12-12 12:01:03,688 [Worker-33: Building] INFO  o.a.m.s.f.DefaultMavenResourcesFiltering - Copying 0 resource from src\main\resources to target\classes
2025-12-12 12:01:03,691 [Worker-33: Building] INFO  o.a.m.s.f.DefaultMavenResourcesFiltering - Copying 0 resource from src\main\resources to target\classes
2025-12-12 12:01:03,694 [Worker-33: Building] INFO  o.a.m.s.f.DefaultMavenResourcesFiltering - skip non existing resourceDirectory C:\Users\ortiz\OneDrive\Documentos\proyecto\PROYECTO_ORTIZBLANCO_BRUNO\tarea3AD2024\src\test\resources
2025-12-12 12:01:03,694 [Worker-33: Building] WARN  o.apache.maven.project.MavenProject - Direct modification of compileSourceRoots through clear() is deprecated and will not work in Maven 4.0.0. Please use the add/remove methods instead. If you're using a plugin that causes this warning, please upgrade to the latest version and report an issue if the warning persists. To disable these warnings, set -Dmaven.project.sourceRoots.warningsDisabled=true on the command line, in the .mvn/maven.config file, or in project POM properties.
2025-12-12 12:01:03,695 [Worker-33: Building] WARN  o.apache.maven.project.MavenProject - Direct modification of compileSourceRoots through add() is deprecated and will not work in Maven 4.0.0. Please use the add/remove methods instead. If you're using a plugin that causes this warning, please upgrade to the latest version and report an issue if the warning persists. To disable these warnings, set -Dmaven.project.sourceRoots.warningsDisabled=true on the command line, in the .mvn/maven.config file, or in project POM properties.
2025-12-12 12:01:03,696 [Worker-33: Building] WARN  o.apache.maven.project.MavenProject - Direct modification of testCompileSourceRoots through clear() is deprecated and will not work in Maven 4.0.0. Please use the add/remove methods instead. If you're using a plugin that causes this warning, please upgrade to the latest version and report an issue if the warning persists. To disable these warnings, set -Dmaven.project.sourceRoots.warningsDisabled=true on the command line, in the .mvn/maven.config file, or in project POM properties.
2025-12-12 12:01:03,696 [Worker-33: Building] WARN  o.apache.maven.project.MavenProject - Direct modification of testCompileSourceRoots through add() is deprecated and will not work in Maven 4.0.0. Please use the add/remove methods instead. If you're using a plugin that causes this warning, please upgrade to the latest version and report an issue if the warning persists. To disable these warnings, set -Dmaven.project.sourceRoots.warningsDisabled=true on the command line, in the .mvn/maven.config file, or in project POM properties.
2025-12-12 12:01:09,909 [Worker-7: Building] INFO  o.a.m.s.f.DefaultMavenResourcesFiltering - Copying 0 resource from src\main\resources to target\classes
2025-12-12 12:01:09,912 [Worker-7: Building] INFO  o.a.m.s.f.DefaultMavenResourcesFiltering - Copying 0 resource from src\main\resources to target\classes
2025-12-12 12:01:09,915 [Worker-7: Building] INFO  o.a.m.s.f.DefaultMavenResourcesFiltering - skip non existing resourceDirectory C:\Users\ortiz\OneDrive\Documentos\proyecto\PROYECTO_ORTIZBLANCO_BRUNO\tarea3AD2024\src\test\resources
2025-12-12 12:01:09,915 [Worker-7: Building] WARN  o.apache.maven.project.MavenProject - Direct modification of compileSourceRoots through clear() is deprecated and will not work in Maven 4.0.0. Please use the add/remove methods instead. If you're using a plugin that causes this warning, please upgrade to the latest version and report an issue if the warning persists. To disable these warnings, set -Dmaven.project.sourceRoots.warningsDisabled=true on the command line, in the .mvn/maven.config file, or in project POM properties.
2025-12-12 12:01:09,916 [Worker-7: Building] WARN  o.apache.maven.project.MavenProject - Direct modification of compileSourceRoots through add() is deprecated and will not work in Maven 4.0.0. Please use the add/remove methods instead. If you're using a plugin that causes this warning, please upgrade to the latest version and report an issue if the warning persists. To disable these warnings, set -Dmaven.project.sourceRoots.warningsDisabled=true on the command line, in the .mvn/maven.config file, or in project POM properties.
2025-12-12 12:01:09,916 [Worker-7: Building] WARN  o.apache.maven.project.MavenProject - Direct modification of testCompileSourceRoots through clear() is deprecated and will not work in Maven 4.0.0. Please use the add/remove methods instead. If you're using a plugin that causes this warning, please upgrade to the latest version and report an issue if the warning persists. To disable these warnings, set -Dmaven.project.sourceRoots.warningsDisabled=true on the command line, in the .mvn/maven.config file, or in project POM properties.
2025-12-12 12:01:09,917 [Worker-7: Building] WARN  o.apache.maven.project.MavenProject - Direct modification of testCompileSourceRoots through add() is deprecated and will not work in Maven 4.0.0. Please use the add/remove methods instead. If you're using a plugin that causes this warning, please upgrade to the latest version and report an issue if the warning persists. To disable these warnings, set -Dmaven.project.sourceRoots.warningsDisabled=true on the command line, in the .mvn/maven.config file, or in project POM properties.
2025-12-12 12:01:21,611 [Worker-33: Building] INFO  o.a.m.s.f.DefaultMavenResourcesFiltering - Copying 0 resource from src\main\resources to target\classes
2025-12-12 12:01:21,612 [Worker-33: Building] INFO  o.a.m.s.f.DefaultMavenResourcesFiltering - Copying 0 resource from src\main\resources to target\classes
2025-12-12 12:01:21,615 [Worker-33: Building] INFO  o.a.m.s.f.DefaultMavenResourcesFiltering - skip non existing resourceDirectory C:\Users\ortiz\OneDrive\Documentos\proyecto\PROYECTO_ORTIZBLANCO_BRUNO\tarea3AD2024\src\test\resources
2025-12-12 12:01:21,615 [Worker-33: Building] WARN  o.apache.maven.project.MavenProject - Direct modification of compileSourceRoots through clear() is deprecated and will not work in Maven 4.0.0. Please use the add/remove methods instead. If you're using a plugin that causes this warning, please upgrade to the latest version and report an issue if the warning persists. To disable these warnings, set -Dmaven.project.sourceRoots.warningsDisabled=true on the command line, in the .mvn/maven.config file, or in project POM properties.
2025-12-12 12:01:21,616 [Worker-33: Building] WARN  o.apache.maven.project.MavenProject - Direct modification of compileSourceRoots through add() is deprecated and will not work in Maven 4.0.0. Please use the add/remove methods instead. If you're using a plugin that causes this warning, please upgrade to the latest version and report an issue if the warning persists. To disable these warnings, set -Dmaven.project.sourceRoots.warningsDisabled=true on the command line, in the .mvn/maven.config file, or in project POM properties.
2025-12-12 12:01:21,616 [Worker-33: Building] WARN  o.apache.maven.project.MavenProject - Direct modification of testCompileSourceRoots through clear() is deprecated and will not work in Maven 4.0.0. Please use the add/remove methods instead. If you're using a plugin that causes this warning, please upgrade to the latest version and report an issue if the warning persists. To disable these warnings, set -Dmaven.project.sourceRoots.warningsDisabled=true on the command line, in the .mvn/maven.config file, or in project POM properties.
2025-12-12 12:01:21,617 [Worker-33: Building] WARN  o.apache.maven.project.MavenProject - Direct modification of testCompileSourceRoots through add() is deprecated and will not work in Maven 4.0.0. Please use the add/remove methods instead. If you're using a plugin that causes this warning, please upgrade to the latest version and report an issue if the warning persists. To disable these warnings, set -Dmaven.project.sourceRoots.warningsDisabled=true on the command line, in the .mvn/maven.config file, or in project POM properties.
2025-12-12 12:01:47,017 [Worker-32: Updating Maven Project] INFO  o.e.m.c.i.p.ProjectConfigurationManager - Update started
2025-12-12 12:01:47,279 [Worker-32: Updating Maven Project] INFO  o.e.m.c.i.l.LifecycleMappingFactory - Using org.eclipse.m2e.jdt.JarLifecycleMapping lifecycle mapping for MavenProject: dev.brunob:ProyectoFE:0.0.1-SNAPSHOT @ C:\Users\ortiz\OneDrive\Documentos\proyecto\PROYECTO_ORTIZBLANCO_BRUNO\tarea3AD2024\pom.xml.
2025-12-12 12:01:47,646 [Worker-32: Updating Maven Project] INFO  o.e.m.j.i.AbstractJavaProjectConfigurator - Adding source folder /tarea3AD2024/src/main/java
2025-12-12 12:01:47,646 [Worker-32: Updating Maven Project] INFO  o.e.m.j.i.AbstractJavaProjectConfigurator - Adding resource folder /tarea3AD2024/src/main/resources
2025-12-12 12:01:47,647 [Worker-32: Updating Maven Project] INFO  o.e.m.j.i.AbstractJavaProjectConfigurator - Adding resource folder /tarea3AD2024/src/main/resources
2025-12-12 12:01:47,647 [Worker-32: Updating Maven Project] INFO  o.e.m.j.i.AbstractJavaProjectConfigurator - Adding source folder /tarea3AD2024/src/test/java
2025-12-12 12:01:47,648 [Worker-32: Updating Maven Project] INFO  o.e.m.j.i.AbstractJavaProjectConfigurator - Adding resource folder /tarea3AD2024/src/test/resources
2025-12-12 12:01:47,803 [Worker-32: Updating Maven Project] WARN  o.apache.maven.project.MavenProject - Direct modification of compileSourceRoots through clear() is deprecated and will not work in Maven 4.0.0. Please use the add/remove methods instead. If you're using a plugin that causes this warning, please upgrade to the latest version and report an issue if the warning persists. To disable these warnings, set -Dmaven.project.sourceRoots.warningsDisabled=true on the command line, in the .mvn/maven.config file, or in project POM properties.
2025-12-12 12:01:47,804 [Worker-32: Updating Maven Project] WARN  o.apache.maven.project.MavenProject - Direct modification of compileSourceRoots through add() is deprecated and will not work in Maven 4.0.0. Please use the add/remove methods instead. If you're using a plugin that causes this warning, please upgrade to the latest version and report an issue if the warning persists. To disable these warnings, set -Dmaven.project.sourceRoots.warningsDisabled=true on the command line, in the .mvn/maven.config file, or in project POM properties.
2025-12-12 12:01:47,804 [Worker-32: Updating Maven Project] WARN  o.apache.maven.project.MavenProject - Direct modification of testCompileSourceRoots through clear() is deprecated and will not work in Maven 4.0.0. Please use the add/remove methods instead. If you're using a plugin that causes this warning, please upgrade to the latest version and report an issue if the warning persists. To disable these warnings, set -Dmaven.project.sourceRoots.warningsDisabled=true on the command line, in the .mvn/maven.config file, or in project POM properties.
2025-12-12 12:01:47,805 [Worker-32: Updating Maven Project] WARN  o.apache.maven.project.MavenProject - Direct modification of testCompileSourceRoots through add() is deprecated and will not work in Maven 4.0.0. Please use the add/remove methods instead. If you're using a plugin that causes this warning, please upgrade to the latest version and report an issue if the warning persists. To disable these warnings, set -Dmaven.project.sourceRoots.warningsDisabled=true on the command line, in the .mvn/maven.config file, or in project POM properties.
2025-12-12 12:01:47,946 [Worker-32: Updating Maven Project] INFO  o.e.m.c.i.p.ProjectConfigurationManager - Update completed for 1 poms: local refresh takes 0,00 sec, refresh facades takes 0,00 sec, update config takes 0,00 sec 
2025-12-12 12:01:48,869 [Worker-33: Building] INFO  o.a.m.s.f.DefaultMavenResourcesFiltering - Copying 1 resource from src\main\resources to target\classes
2025-12-12 12:01:48,886 [Worker-33: Building] INFO  o.a.m.s.f.DefaultMavenResourcesFiltering - Copying 5 resources from src\main\resources to target\classes
2025-12-12 12:01:48,895 [Worker-33: Building] INFO  o.a.m.s.f.DefaultMavenResourcesFiltering - skip non existing resourceDirectory C:\Users\ortiz\OneDrive\Documentos\proyecto\PROYECTO_ORTIZBLANCO_BRUNO\tarea3AD2024\src\test\resources
2025-12-12 12:01:48,909 [Worker-33: Building] WARN  o.apache.maven.project.MavenProject - Direct modification of compileSourceRoots through clear() is deprecated and will not work in Maven 4.0.0. Please use the add/remove methods instead. If you're using a plugin that causes this warning, please upgrade to the latest version and report an issue if the warning persists. To disable these warnings, set -Dmaven.project.sourceRoots.warningsDisabled=true on the command line, in the .mvn/maven.config file, or in project POM properties.
2025-12-12 12:01:48,910 [Worker-33: Building] WARN  o.apache.maven.project.MavenProject - Direct modification of compileSourceRoots through add() is deprecated and will not work in Maven 4.0.0. Please use the add/remove methods instead. If you're using a plugin that causes this warning, please upgrade to the latest version and report an issue if the warning persists. To disable these warnings, set -Dmaven.project.sourceRoots.warningsDisabled=true on the command line, in the .mvn/maven.config file, or in project POM properties.
2025-12-12 12:01:48,910 [Worker-33: Building] WARN  o.apache.maven.project.MavenProject - Direct modification of testCompileSourceRoots through clear() is deprecated and will not work in Maven 4.0.0. Please use the add/remove methods instead. If you're using a plugin that causes this warning, please upgrade to the latest version and report an issue if the warning persists. To disable these warnings, set -Dmaven.project.sourceRoots.warningsDisabled=true on the command line, in the .mvn/maven.config file, or in project POM properties.
2025-12-12 12:01:48,910 [Worker-33: Building] WARN  o.apache.maven.project.MavenProject - Direct modification of testCompileSourceRoots through add() is deprecated and will not work in Maven 4.0.0. Please use the add/remove methods instead. If you're using a plugin that causes this warning, please upgrade to the latest version and report an issue if the warning persists. To disable these warnings, set -Dmaven.project.sourceRoots.warningsDisabled=true on the command line, in the .mvn/maven.config file, or in project POM properties.
2025-12-12 12:01:59,253 [Worker-30: Building] INFO  o.a.m.s.f.DefaultMavenResourcesFiltering - Copying 1 resource from src\main\resources to target\classes
2025-12-12 12:01:59,254 [Worker-30: Building] INFO  o.a.m.s.f.DefaultMavenResourcesFiltering - Copying 5 resources from src\main\resources to target\classes
2025-12-12 12:01:59,263 [Worker-30: Building] INFO  o.a.m.s.f.DefaultMavenResourcesFiltering - skip non existing resourceDirectory C:\Users\ortiz\OneDrive\Documentos\proyecto\PROYECTO_ORTIZBLANCO_BRUNO\tarea3AD2024\src\test\resources
2025-12-12 12:01:59,279 [Worker-30: Building] WARN  o.apache.maven.project.MavenProject - Direct modification of compileSourceRoots through clear() is deprecated and will not work in Maven 4.0.0. Please use the add/remove methods instead. If you're using a plugin that causes this warning, please upgrade to the latest version and report an issue if the warning persists. To disable these warnings, set -Dmaven.project.sourceRoots.warningsDisabled=true on the command line, in the .mvn/maven.config file, or in project POM properties.
2025-12-12 12:01:59,280 [Worker-30: Building] WARN  o.apache.maven.project.MavenProject - Direct modification of compileSourceRoots through add() is deprecated and will not work in Maven 4.0.0. Please use the add/remove methods instead. If you're using a plugin that causes this warning, please upgrade to the latest version and report an issue if the warning persists. To disable these warnings, set -Dmaven.project.sourceRoots.warningsDisabled=true on the command line, in the .mvn/maven.config file, or in project POM properties.
2025-12-12 12:01:59,280 [Worker-30: Building] WARN  o.apache.maven.project.MavenProject - Direct modification of testCompileSourceRoots through clear() is deprecated and will not work in Maven 4.0.0. Please use the add/remove methods instead. If you're using a plugin that causes this warning, please upgrade to the latest version and report an issue if the warning persists. To disable these warnings, set -Dmaven.project.sourceRoots.warningsDisabled=true on the command line, in the .mvn/maven.config file, or in project POM properties.
2025-12-12 12:01:59,280 [Worker-30: Building] WARN  o.apache.maven.project.MavenProject - Direct modification of testCompileSourceRoots through add() is deprecated and will not work in Maven 4.0.0. Please use the add/remove methods instead. If you're using a plugin that causes this warning, please upgrade to the latest version and report an issue if the warning persists. To disable these warnings, set -Dmaven.project.sourceRoots.warningsDisabled=true on the command line, in the .mvn/maven.config file, or in project POM properties.
2025-12-12 12:02:11,487 [main] INFO  o.e.m2e.actions.ExecutePomAction - Creating new launch configuration
2025-12-12 12:02:44,328 [Worker-32: Building] INFO  o.e.m.c.i.l.LifecycleMappingFactory - Using org.eclipse.m2e.jdt.JarLifecycleMapping lifecycle mapping for MavenProject: dev.brunob:ProyectoFE:0.0.1-SNAPSHOT @ C:\Users\ortiz\OneDrive\Documentos\proyecto\PROYECTO_ORTIZBLANCO_BRUNO\tarea3AD2024\pom.xml.
2025-12-12 12:02:44,728 [Worker-32: Building] INFO  o.a.m.s.f.DefaultMavenResourcesFiltering - Copying 1 resource from src\main\resources to target\classes
2025-12-12 12:02:44,730 [Worker-32: Building] INFO  o.a.m.s.f.DefaultMavenResourcesFiltering - Copying 5 resources from src\main\resources to target\classes
2025-12-12 12:02:44,738 [Worker-32: Building] INFO  o.a.m.s.f.DefaultMavenResourcesFiltering - skip non existing resourceDirectory C:\Users\ortiz\OneDrive\Documentos\proyecto\PROYECTO_ORTIZBLANCO_BRUNO\tarea3AD2024\src\test\resources
2025-12-12 12:02:44,751 [Worker-32: Building] WARN  o.apache.maven.project.MavenProject - Direct modification of compileSourceRoots through clear() is deprecated and will not work in Maven 4.0.0. Please use the add/remove methods instead. If you're using a plugin that causes this warning, please upgrade to the latest version and report an issue if the warning persists. To disable these warnings, set -Dmaven.project.sourceRoots.warningsDisabled=true on the command line, in the .mvn/maven.config file, or in project POM properties.
2025-12-12 12:02:44,752 [Worker-32: Building] WARN  o.apache.maven.project.MavenProject - Direct modification of compileSourceRoots through add() is deprecated and will not work in Maven 4.0.0. Please use the add/remove methods instead. If you're using a plugin that causes this warning, please upgrade to the latest version and report an issue if the warning persists. To disable these warnings, set -Dmaven.project.sourceRoots.warningsDisabled=true on the command line, in the .mvn/maven.config file, or in project POM properties.
2025-12-12 12:02:44,752 [Worker-32: Building] WARN  o.apache.maven.project.MavenProject - Direct modification of testCompileSourceRoots through clear() is deprecated and will not work in Maven 4.0.0. Please use the add/remove methods instead. If you're using a plugin that causes this warning, please upgrade to the latest version and report an issue if the warning persists. To disable these warnings, set -Dmaven.project.sourceRoots.warningsDisabled=true on the command line, in the .mvn/maven.config file, or in project POM properties.
2025-12-12 12:02:44,752 [Worker-32: Building] WARN  o.apache.maven.project.MavenProject - Direct modification of testCompileSourceRoots through add() is deprecated and will not work in Maven 4.0.0. Please use the add/remove methods instead. If you're using a plugin that causes this warning, please upgrade to the latest version and report an issue if the warning persists. To disable these warnings, set -Dmaven.project.sourceRoots.warningsDisabled=true on the command line, in the .mvn/maven.config file, or in project POM properties.
2025-12-12 12:02:47,194 [Worker-36: Building] INFO  o.a.m.s.f.DefaultMavenResourcesFiltering - Copying 1 resource from src\main\resources to target\classes
2025-12-12 12:02:47,206 [Worker-36: Building] INFO  o.a.m.s.f.DefaultMavenResourcesFiltering - Copying 5 resources from src\main\resources to target\classes
2025-12-12 12:02:47,215 [Worker-36: Building] INFO  o.a.m.s.f.DefaultMavenResourcesFiltering - skip non existing resourceDirectory C:\Users\ortiz\OneDrive\Documentos\proyecto\PROYECTO_ORTIZBLANCO_BRUNO\tarea3AD2024\src\test\resources
2025-12-12 12:02:47,231 [Worker-36: Building] WARN  o.apache.maven.project.MavenProject - Direct modification of compileSourceRoots through clear() is deprecated and will not work in Maven 4.0.0. Please use the add/remove methods instead. If you're using a plugin that causes this warning, please upgrade to the latest version and report an issue if the warning persists. To disable these warnings, set -Dmaven.project.sourceRoots.warningsDisabled=true on the command line, in the .mvn/maven.config file, or in project POM properties.
2025-12-12 12:02:47,232 [Worker-36: Building] WARN  o.apache.maven.project.MavenProject - Direct modification of compileSourceRoots through add() is deprecated and will not work in Maven 4.0.0. Please use the add/remove methods instead. If you're using a plugin that causes this warning, please upgrade to the latest version and report an issue if the warning persists. To disable these warnings, set -Dmaven.project.sourceRoots.warningsDisabled=true on the command line, in the .mvn/maven.config file, or in project POM properties.
2025-12-12 12:02:47,233 [Worker-36: Building] WARN  o.apache.maven.project.MavenProject - Direct modification of testCompileSourceRoots through clear() is deprecated and will not work in Maven 4.0.0. Please use the add/remove methods instead. If you're using a plugin that causes this warning, please upgrade to the latest version and report an issue if the warning persists. To disable these warnings, set -Dmaven.project.sourceRoots.warningsDisabled=true on the command line, in the .mvn/maven.config file, or in project POM properties.
2025-12-12 12:02:47,233 [Worker-36: Building] WARN  o.apache.maven.project.MavenProject - Direct modification of testCompileSourceRoots through add() is deprecated and will not work in Maven 4.0.0. Please use the add/remove methods instead. If you're using a plugin that causes this warning, please upgrade to the latest version and report an issue if the warning persists. To disable these warnings, set -Dmaven.project.sourceRoots.warningsDisabled=true on the command line, in the .mvn/maven.config file, or in project POM properties.
2025-12-12 12:02:55,760 [Worker-30: Building] INFO  o.a.m.s.f.DefaultMavenResourcesFiltering - Copying 1 resource from src\main\resources to target\classes
2025-12-12 12:02:55,763 [Worker-30: Building] INFO  o.a.m.s.f.DefaultMavenResourcesFiltering - Copying 5 resources from src\main\resources to target\classes
2025-12-12 12:02:55,771 [Worker-30: Building] INFO  o.a.m.s.f.DefaultMavenResourcesFiltering - skip non existing resourceDirectory C:\Users\ortiz\OneDrive\Documentos\proyecto\PROYECTO_ORTIZBLANCO_BRUNO\tarea3AD2024\src\test\resources
2025-12-12 12:02:55,785 [Worker-30: Building] WARN  o.apache.maven.project.MavenProject - Direct modification of compileSourceRoots through clear() is deprecated and will not work in Maven 4.0.0. Please use the add/remove methods instead. If you're using a plugin that causes this warning, please upgrade to the latest version and report an issue if the warning persists. To disable these warnings, set -Dmaven.project.sourceRoots.warningsDisabled=true on the command line, in the .mvn/maven.config file, or in project POM properties.
2025-12-12 12:02:55,786 [Worker-30: Building] WARN  o.apache.maven.project.MavenProject - Direct modification of compileSourceRoots through add() is deprecated and will not work in Maven 4.0.0. Please use the add/remove methods instead. If you're using a plugin that causes this warning, please upgrade to the latest version and report an issue if the warning persists. To disable these warnings, set -Dmaven.project.sourceRoots.warningsDisabled=true on the command line, in the .mvn/maven.config file, or in project POM properties.
2025-12-12 12:02:55,786 [Worker-30: Building] WARN  o.apache.maven.project.MavenProject - Direct modification of testCompileSourceRoots through clear() is deprecated and will not work in Maven 4.0.0. Please use the add/remove methods instead. If you're using a plugin that causes this warning, please upgrade to the latest version and report an issue if the warning persists. To disable these warnings, set -Dmaven.project.sourceRoots.warningsDisabled=true on the command line, in the .mvn/maven.config file, or in project POM properties.
2025-12-12 12:02:55,786 [Worker-30: Building] WARN  o.apache.maven.project.MavenProject - Direct modification of testCompileSourceRoots through add() is deprecated and will not work in Maven 4.0.0. Please use the add/remove methods instead. If you're using a plugin that causes this warning, please upgrade to the latest version and report an issue if the warning persists. To disable these warnings, set -Dmaven.project.sourceRoots.warningsDisabled=true on the command line, in the .mvn/maven.config file, or in project POM properties.
2025-12-12 12:03:04,633 [Worker-36: Updating Maven Project] INFO  o.e.m.c.i.p.ProjectConfigurationManager - Update started
2025-12-12 12:03:04,873 [Worker-36: Updating Maven Project] INFO  o.e.m.c.i.l.LifecycleMappingFactory - Using org.eclipse.m2e.jdt.JarLifecycleMapping lifecycle mapping for MavenProject: dev.brunob:ProyectoFE:0.0.1-SNAPSHOT @ C:\Users\ortiz\OneDrive\Documentos\proyecto\PROYECTO_ORTIZBLANCO_BRUNO\tarea3AD2024\pom.xml.
2025-12-12 12:03:05,206 [Worker-36: Updating Maven Project] INFO  o.e.m.j.i.AbstractJavaProjectConfigurator - Adding source folder /proyectoFE/src/main/java
2025-12-12 12:03:05,207 [Worker-36: Updating Maven Project] INFO  o.e.m.j.i.AbstractJavaProjectConfigurator - Adding resource folder /proyectoFE/src/main/resources
2025-12-12 12:03:05,207 [Worker-36: Updating Maven Project] INFO  o.e.m.j.i.AbstractJavaProjectConfigurator - Adding resource folder /proyectoFE/src/main/resources
2025-12-12 12:03:05,208 [Worker-36: Updating Maven Project] INFO  o.e.m.j.i.AbstractJavaProjectConfigurator - Adding source folder /proyectoFE/src/test/java
2025-12-12 12:03:05,208 [Worker-36: Updating Maven Project] INFO  o.e.m.j.i.AbstractJavaProjectConfigurator - Adding resource folder /proyectoFE/src/test/resources
2025-12-12 12:03:05,343 [Worker-36: Updating Maven Project] WARN  o.apache.maven.project.MavenProject - Direct modification of compileSourceRoots through clear() is deprecated and will not work in Maven 4.0.0. Please use the add/remove methods instead. If you're using a plugin that causes this warning, please upgrade to the latest version and report an issue if the warning persists. To disable these warnings, set -Dmaven.project.sourceRoots.warningsDisabled=true on the command line, in the .mvn/maven.config file, or in project POM properties.
2025-12-12 12:03:05,344 [Worker-36: Updating Maven Project] WARN  o.apache.maven.project.MavenProject - Direct modification of compileSourceRoots through add() is deprecated and will not work in Maven 4.0.0. Please use the add/remove methods instead. If you're using a plugin that causes this warning, please upgrade to the latest version and report an issue if the warning persists. To disable these warnings, set -Dmaven.project.sourceRoots.warningsDisabled=true on the command line, in the .mvn/maven.config file, or in project POM properties.
2025-12-12 12:03:05,344 [Worker-36: Updating Maven Project] WARN  o.apache.maven.project.MavenProject - Direct modification of testCompileSourceRoots through clear() is deprecated and will not work in Maven 4.0.0. Please use the add/remove methods instead. If you're using a plugin that causes this warning, please upgrade to the latest version and report an issue if the warning persists. To disable these warnings, set -Dmaven.project.sourceRoots.warningsDisabled=true on the command line, in the .mvn/maven.config file, or in project POM properties.
2025-12-12 12:03:05,345 [Worker-36: Updating Maven Project] WARN  o.apache.maven.project.MavenProject - Direct modification of testCompileSourceRoots through add() is deprecated and will not work in Maven 4.0.0. Please use the add/remove methods instead. If you're using a plugin that causes this warning, please upgrade to the latest version and report an issue if the warning persists. To disable these warnings, set -Dmaven.project.sourceRoots.warningsDisabled=true on the command line, in the .mvn/maven.config file, or in project POM properties.
2025-12-12 12:03:05,389 [Worker-36: Updating Maven Project] INFO  o.e.m.c.i.p.ProjectConfigurationManager - Update completed for 1 poms: local refresh takes 0,00 sec, refresh facades takes 0,00 sec, update config takes 0,00 sec 
2025-12-12 12:03:05,671 [Worker-3: Building] INFO  o.a.m.s.f.DefaultMavenResourcesFiltering - Copying 1 resource from src\main\resources to target\classes
2025-12-12 12:03:05,681 [Worker-3: Building] INFO  o.a.m.s.f.DefaultMavenResourcesFiltering - Copying 5 resources from src\main\resources to target\classes
2025-12-12 12:03:05,689 [Worker-3: Building] INFO  o.a.m.s.f.DefaultMavenResourcesFiltering - skip non existing resourceDirectory C:\Users\ortiz\OneDrive\Documentos\proyecto\PROYECTO_ORTIZBLANCO_BRUNO\tarea3AD2024\src\test\resources
2025-12-12 12:03:05,701 [Worker-3: Building] WARN  o.apache.maven.project.MavenProject - Direct modification of compileSourceRoots through clear() is deprecated and will not work in Maven 4.0.0. Please use the add/remove methods instead. If you're using a plugin that causes this warning, please upgrade to the latest version and report an issue if the warning persists. To disable these warnings, set -Dmaven.project.sourceRoots.warningsDisabled=true on the command line, in the .mvn/maven.config file, or in project POM properties.
2025-12-12 12:03:05,702 [Worker-3: Building] WARN  o.apache.maven.project.MavenProject - Direct modification of compileSourceRoots through add() is deprecated and will not work in Maven 4.0.0. Please use the add/remove methods instead. If you're using a plugin that causes this warning, please upgrade to the latest version and report an issue if the warning persists. To disable these warnings, set -Dmaven.project.sourceRoots.warningsDisabled=true on the command line, in the .mvn/maven.config file, or in project POM properties.
2025-12-12 12:03:05,702 [Worker-3: Building] WARN  o.apache.maven.project.MavenProject - Direct modification of testCompileSourceRoots through clear() is deprecated and will not work in Maven 4.0.0. Please use the add/remove methods instead. If you're using a plugin that causes this warning, please upgrade to the latest version and report an issue if the warning persists. To disable these warnings, set -Dmaven.project.sourceRoots.warningsDisabled=true on the command line, in the .mvn/maven.config file, or in project POM properties.
2025-12-12 12:03:05,702 [Worker-3: Building] WARN  o.apache.maven.project.MavenProject - Direct modification of testCompileSourceRoots through add() is deprecated and will not work in Maven 4.0.0. Please use the add/remove methods instead. If you're using a plugin that causes this warning, please upgrade to the latest version and report an issue if the warning persists. To disable these warnings, set -Dmaven.project.sourceRoots.warningsDisabled=true on the command line, in the .mvn/maven.config file, or in project POM properties.
2025-12-12 12:03:23,826 [main] INFO  o.e.m2e.actions.ExecutePomAction - Creating new launch configuration
2025-12-12 12:03:37,340 [Worker-34: Launching runProyectoFE] INFO  o.eclipse.m2e.core.internal.Bundles - getClasspathEntries(Bundle=org.eclipse.m2e.maven.runtime_3.9.1100.20250811-2018 [641])
2025-12-12 12:03:37,340 [Worker-34: Launching runProyectoFE] INFO  o.eclipse.m2e.core.internal.Bundles - 	Entry: C:\Users\ortiz\.p2\pool\plugins\org.eclipse.m2e.maven.runtime_3.9.1100.20250811-2018
2025-12-12 12:03:37,341 [Worker-34: Launching runProyectoFE] INFO  o.eclipse.m2e.core.internal.Bundles - 	Entry: C:\Users\ortiz\.p2\pool\plugins\org.eclipse.m2e.maven.runtime_3.9.1100.20250811-2018\jars\aopalliance-1.0.jar
2025-12-12 12:03:37,341 [Worker-34: Launching runProyectoFE] INFO  o.eclipse.m2e.core.internal.Bundles - 	Entry: C:\Users\ortiz\.p2\pool\plugins\org.eclipse.m2e.maven.runtime_3.9.1100.20250811-2018\jars\asm-9.8.jar
2025-12-12 12:03:37,341 [Worker-34: Launching runProyectoFE] INFO  o.eclipse.m2e.core.internal.Bundles - 	Entry: C:\Users\ortiz\.p2\pool\plugins\org.eclipse.m2e.maven.runtime_3.9.1100.20250811-2018\jars\error_prone_annotations-2.38.0.jar
2025-12-12 12:03:37,341 [Worker-34: Launching runProyectoFE] INFO  o.eclipse.m2e.core.internal.Bundles - 	Entry: C:\Users\ortiz\.p2\pool\plugins\org.eclipse.m2e.maven.runtime_3.9.1100.20250811-2018\jars\gson-2.13.1.jar
2025-12-12 12:03:37,341 [Worker-34: Launching runProyectoFE] INFO  o.eclipse.m2e.core.internal.Bundles - 	Entry: C:\Users\ortiz\.p2\pool\plugins\org.eclipse.m2e.maven.runtime_3.9.1100.20250811-2018\jars\guice-5.1.0-classes.jar
2025-12-12 12:03:37,341 [Worker-34: Launching runProyectoFE] INFO  o.eclipse.m2e.core.internal.Bundles - 	Entry: C:\Users\ortiz\.p2\pool\plugins\org.eclipse.m2e.maven.runtime_3.9.1100.20250811-2018\jars\httpclient-4.5.14.jar
2025-12-12 12:03:37,341 [Worker-34: Launching runProyectoFE] INFO  o.eclipse.m2e.core.internal.Bundles - 	Entry: C:\Users\ortiz\.p2\pool\plugins\org.eclipse.m2e.maven.runtime_3.9.1100.20250811-2018\jars\httpcore-4.4.16.jar
2025-12-12 12:03:37,342 [Worker-34: Launching runProyectoFE] INFO  o.eclipse.m2e.core.internal.Bundles - 	Entry: C:\Users\ortiz\.p2\pool\plugins\org.eclipse.m2e.maven.runtime_3.9.1100.20250811-2018\jars\jansi-2.4.2.jar
2025-12-12 12:03:37,342 [Worker-34: Launching runProyectoFE] INFO  o.eclipse.m2e.core.internal.Bundles - 	Entry: C:\Users\ortiz\.p2\pool\plugins\org.eclipse.m2e.maven.runtime_3.9.1100.20250811-2018\jars\jcl-over-slf4j-1.7.36.jar
2025-12-12 12:03:37,342 [Worker-34: Launching runProyectoFE] INFO  o.eclipse.m2e.core.internal.Bundles - 	Entry: C:\Users\ortiz\.p2\pool\plugins\org.eclipse.m2e.maven.runtime_3.9.1100.20250811-2018\jars\maven-artifact-3.9.11.jar
2025-12-12 12:03:37,342 [Worker-34: Launching runProyectoFE] INFO  o.eclipse.m2e.core.internal.Bundles - 	Entry: C:\Users\ortiz\.p2\pool\plugins\org.eclipse.m2e.maven.runtime_3.9.1100.20250811-2018\jars\maven-builder-support-3.9.11.jar
2025-12-12 12:03:37,342 [Worker-34: Launching runProyectoFE] INFO  o.eclipse.m2e.core.internal.Bundles - 	Entry: C:\Users\ortiz\.p2\pool\plugins\org.eclipse.m2e.maven.runtime_3.9.1100.20250811-2018\jars\maven-compat-3.9.11.jar
2025-12-12 12:03:37,342 [Worker-34: Launching runProyectoFE] INFO  o.eclipse.m2e.core.internal.Bundles - 	Entry: C:\Users\ortiz\.p2\pool\plugins\org.eclipse.m2e.maven.runtime_3.9.1100.20250811-2018\jars\maven-core-3.9.11.jar
2025-12-12 12:03:37,342 [Worker-34: Launching runProyectoFE] INFO  o.eclipse.m2e.core.internal.Bundles - 	Entry: C:\Users\ortiz\.p2\pool\plugins\org.eclipse.m2e.maven.runtime_3.9.1100.20250811-2018\jars\maven-embedder-3.9.11.jar
2025-12-12 12:03:37,342 [Worker-34: Launching runProyectoFE] INFO  o.eclipse.m2e.core.internal.Bundles - 	Entry: C:\Users\ortiz\.p2\pool\plugins\org.eclipse.m2e.maven.runtime_3.9.1100.20250811-2018\jars\maven-model-3.9.11.jar
2025-12-12 12:03:37,343 [Worker-34: Launching runProyectoFE] INFO  o.eclipse.m2e.core.internal.Bundles - 	Entry: C:\Users\ortiz\.p2\pool\plugins\org.eclipse.m2e.maven.runtime_3.9.1100.20250811-2018\jars\maven-model-builder-3.9.11.jar
2025-12-12 12:03:37,343 [Worker-34: Launching runProyectoFE] INFO  o.eclipse.m2e.core.internal.Bundles - 	Entry: C:\Users\ortiz\.p2\pool\plugins\org.eclipse.m2e.maven.runtime_3.9.1100.20250811-2018\jars\maven-plugin-api-3.9.11.jar
2025-12-12 12:03:37,343 [Worker-34: Launching runProyectoFE] INFO  o.eclipse.m2e.core.internal.Bundles - 	Entry: C:\Users\ortiz\.p2\pool\plugins\org.eclipse.m2e.maven.runtime_3.9.1100.20250811-2018\jars\maven-repository-metadata-3.9.11.jar
2025-12-12 12:03:37,343 [Worker-34: Launching runProyectoFE] INFO  o.eclipse.m2e.core.internal.Bundles - 	Entry: C:\Users\ortiz\.p2\pool\plugins\org.eclipse.m2e.maven.runtime_3.9.1100.20250811-2018\jars\maven-resolver-api-1.9.24.jar
2025-12-12 12:03:37,343 [Worker-34: Launching runProyectoFE] INFO  o.eclipse.m2e.core.internal.Bundles - 	Entry: C:\Users\ortiz\.p2\pool\plugins\org.eclipse.m2e.maven.runtime_3.9.1100.20250811-2018\jars\maven-resolver-connector-basic-1.9.24.jar
2025-12-12 12:03:37,343 [Worker-34: Launching runProyectoFE] INFO  o.eclipse.m2e.core.internal.Bundles - 	Entry: C:\Users\ortiz\.p2\pool\plugins\org.eclipse.m2e.maven.runtime_3.9.1100.20250811-2018\jars\maven-resolver-impl-1.9.24.jar
2025-12-12 12:03:37,343 [Worker-34: Launching runProyectoFE] INFO  o.eclipse.m2e.core.internal.Bundles - 	Entry: C:\Users\ortiz\.p2\pool\plugins\org.eclipse.m2e.maven.runtime_3.9.1100.20250811-2018\jars\maven-resolver-named-locks-1.9.24.jar
2025-12-12 12:03:37,344 [Worker-34: Launching runProyectoFE] INFO  o.eclipse.m2e.core.internal.Bundles - 	Entry: C:\Users\ortiz\.p2\pool\plugins\org.eclipse.m2e.maven.runtime_3.9.1100.20250811-2018\jars\maven-resolver-provider-3.9.11.jar
2025-12-12 12:03:37,344 [Worker-34: Launching runProyectoFE] INFO  o.eclipse.m2e.core.internal.Bundles - 	Entry: C:\Users\ortiz\.p2\pool\plugins\org.eclipse.m2e.maven.runtime_3.9.1100.20250811-2018\jars\maven-resolver-spi-1.9.24.jar
2025-12-12 12:03:37,344 [Worker-34: Launching runProyectoFE] INFO  o.eclipse.m2e.core.internal.Bundles - 	Entry: C:\Users\ortiz\.p2\pool\plugins\org.eclipse.m2e.maven.runtime_3.9.1100.20250811-2018\jars\maven-resolver-transport-file-1.9.24.jar
2025-12-12 12:03:37,344 [Worker-34: Launching runProyectoFE] INFO  o.eclipse.m2e.core.internal.Bundles - 	Entry: C:\Users\ortiz\.p2\pool\plugins\org.eclipse.m2e.maven.runtime_3.9.1100.20250811-2018\jars\maven-resolver-transport-http-1.9.24.jar
2025-12-12 12:03:37,344 [Worker-34: Launching runProyectoFE] INFO  o.eclipse.m2e.core.internal.Bundles - 	Entry: C:\Users\ortiz\.p2\pool\plugins\org.eclipse.m2e.maven.runtime_3.9.1100.20250811-2018\jars\maven-resolver-transport-wagon-1.9.24.jar
2025-12-12 12:03:37,344 [Worker-34: Launching runProyectoFE] INFO  o.eclipse.m2e.core.internal.Bundles - 	Entry: C:\Users\ortiz\.p2\pool\plugins\org.eclipse.m2e.maven.runtime_3.9.1100.20250811-2018\jars\maven-resolver-util-1.9.24.jar
2025-12-12 12:03:37,344 [Worker-34: Launching runProyectoFE] INFO  o.eclipse.m2e.core.internal.Bundles - 	Entry: C:\Users\ortiz\.p2\pool\plugins\org.eclipse.m2e.maven.runtime_3.9.1100.20250811-2018\jars\maven-settings-3.9.11.jar
2025-12-12 12:03:37,345 [Worker-34: Launching runProyectoFE] INFO  o.eclipse.m2e.core.internal.Bundles - 	Entry: C:\Users\ortiz\.p2\pool\plugins\org.eclipse.m2e.maven.runtime_3.9.1100.20250811-2018\jars\maven-settings-builder-3.9.11.jar
2025-12-12 12:03:37,345 [Worker-34: Launching runProyectoFE] INFO  o.eclipse.m2e.core.internal.Bundles - 	Entry: C:\Users\ortiz\.p2\pool\plugins\org.eclipse.m2e.maven.runtime_3.9.1100.20250811-2018\jars\maven-shared-utils-3.4.2.jar
2025-12-12 12:03:37,345 [Worker-34: Launching runProyectoFE] INFO  o.eclipse.m2e.core.internal.Bundles - 	Entry: C:\Users\ortiz\.p2\pool\plugins\org.eclipse.m2e.maven.runtime_3.9.1100.20250811-2018\jars\org.eclipse.sisu.inject-0.9.0.M4.jar
2025-12-12 12:03:37,345 [Worker-34: Launching runProyectoFE] INFO  o.eclipse.m2e.core.internal.Bundles - 	Entry: C:\Users\ortiz\.p2\pool\plugins\org.eclipse.m2e.maven.runtime_3.9.1100.20250811-2018\jars\org.eclipse.sisu.plexus-0.9.0.M4.jar
2025-12-12 12:03:37,345 [Worker-34: Launching runProyectoFE] INFO  o.eclipse.m2e.core.internal.Bundles - 	Entry: C:\Users\ortiz\.p2\pool\plugins\org.eclipse.m2e.maven.runtime_3.9.1100.20250811-2018\jars\plexus-build-api-0.0.7.jar
2025-12-12 12:03:37,345 [Worker-34: Launching runProyectoFE] INFO  o.eclipse.m2e.core.internal.Bundles - 	Entry: C:\Users\ortiz\.p2\pool\plugins\org.eclipse.m2e.maven.runtime_3.9.1100.20250811-2018\jars\plexus-build-api-1.2.0.jar
2025-12-12 12:03:37,345 [Worker-34: Launching runProyectoFE] INFO  o.eclipse.m2e.core.internal.Bundles - 	Entry: C:\Users\ortiz\.p2\pool\plugins\org.eclipse.m2e.maven.runtime_3.9.1100.20250811-2018\jars\plexus-cipher-2.0.jar
2025-12-12 12:03:37,345 [Worker-34: Launching runProyectoFE] INFO  o.eclipse.m2e.core.internal.Bundles - 	Entry: C:\Users\ortiz\.p2\pool\plugins\org.eclipse.m2e.maven.runtime_3.9.1100.20250811-2018\jars\plexus-classworlds-2.9.0.jar
2025-12-12 12:03:37,346 [Worker-34: Launching runProyectoFE] INFO  o.eclipse.m2e.core.internal.Bundles - 	Entry: C:\Users\ortiz\.p2\pool\plugins\org.eclipse.m2e.maven.runtime_3.9.1100.20250811-2018\jars\plexus-component-annotations-2.2.0.jar
2025-12-12 12:03:37,346 [Worker-34: Launching runProyectoFE] INFO  o.eclipse.m2e.core.internal.Bundles - 	Entry: C:\Users\ortiz\.p2\pool\plugins\org.eclipse.m2e.maven.runtime_3.9.1100.20250811-2018\jars\plexus-interpolation-1.28.jar
2025-12-12 12:03:37,346 [Worker-34: Launching runProyectoFE] INFO  o.eclipse.m2e.core.internal.Bundles - 	Entry: C:\Users\ortiz\.p2\pool\plugins\org.eclipse.m2e.maven.runtime_3.9.1100.20250811-2018\jars\plexus-sec-dispatcher-2.0.jar
2025-12-12 12:03:37,346 [Worker-34: Launching runProyectoFE] INFO  o.eclipse.m2e.core.internal.Bundles - 	Entry: C:\Users\ortiz\.p2\pool\plugins\org.eclipse.m2e.maven.runtime_3.9.1100.20250811-2018\jars\plexus-utils-3.6.0.jar
2025-12-12 12:03:37,346 [Worker-34: Launching runProyectoFE] INFO  o.eclipse.m2e.core.internal.Bundles - 	Entry: C:\Users\ortiz\.p2\pool\plugins\org.eclipse.m2e.maven.runtime_3.9.1100.20250811-2018\jars\wagon-file-3.5.3.jar
2025-12-12 12:03:37,346 [Worker-34: Launching runProyectoFE] INFO  o.eclipse.m2e.core.internal.Bundles - 	Entry: C:\Users\ortiz\.p2\pool\plugins\org.eclipse.m2e.maven.runtime_3.9.1100.20250811-2018\jars\wagon-http-3.5.3.jar
2025-12-12 12:03:37,346 [Worker-34: Launching runProyectoFE] INFO  o.eclipse.m2e.core.internal.Bundles - 	Entry: C:\Users\ortiz\.p2\pool\plugins\org.eclipse.m2e.maven.runtime_3.9.1100.20250811-2018\jars\wagon-http-shared-3.5.3.jar
2025-12-12 12:03:37,346 [Worker-34: Launching runProyectoFE] INFO  o.eclipse.m2e.core.internal.Bundles - 	Entry: C:\Users\ortiz\.p2\pool\plugins\org.eclipse.m2e.maven.runtime_3.9.1100.20250811-2018\jars\wagon-provider-api-3.5.3.jar
2025-12-12 12:03:37,347 [Worker-34: Launching runProyectoFE] INFO  o.eclipse.m2e.core.internal.Bundles - getClasspathEntries(Bundle=com.google.guava_33.5.0.jre [1329])
2025-12-12 12:03:37,347 [Worker-34: Launching runProyectoFE] INFO  o.eclipse.m2e.core.internal.Bundles - 	Entry: C:\Users\ortiz\.p2\pool\plugins\com.google.guava_33.5.0.jre.jar
2025-12-12 12:03:37,347 [Worker-34: Launching runProyectoFE] INFO  o.eclipse.m2e.core.internal.Bundles - getClasspathEntries(Bundle=slf4j.api_2.0.17 [1006])
2025-12-12 12:03:37,348 [Worker-34: Launching runProyectoFE] INFO  o.eclipse.m2e.core.internal.Bundles - 	Entry: C:\Users\ortiz\.p2\pool\plugins\slf4j.api_2.0.17.jar
2025-12-12 12:03:37,348 [Worker-34: Launching runProyectoFE] INFO  o.eclipse.m2e.core.internal.Bundles - getClasspathEntries(Bundle=jakarta.inject.jakarta.inject-api_1.0.5 [35])
2025-12-12 12:03:37,348 [Worker-34: Launching runProyectoFE] INFO  o.eclipse.m2e.core.internal.Bundles - 	Entry: C:\Users\ortiz\.p2\pool\plugins\jakarta.inject.jakarta.inject-api_1.0.5.jar
2025-12-12 12:03:37,348 [Worker-34: Launching runProyectoFE] INFO  o.eclipse.m2e.core.internal.Bundles - getClasspathEntries(Bundle=jakarta.annotation-api_1.3.5 [31])
2025-12-12 12:03:37,348 [Worker-34: Launching runProyectoFE] INFO  o.eclipse.m2e.core.internal.Bundles - 	Entry: C:\Users\ortiz\.p2\pool\plugins\jakarta.annotation-api_1.3.5.jar
2025-12-12 12:03:37,348 [Worker-34: Launching runProyectoFE] INFO  o.eclipse.m2e.core.internal.Bundles - getClasspathEntries(Bundle=org.apache.commons.cli_1.10.0 [75])
2025-12-12 12:03:37,349 [Worker-34: Launching runProyectoFE] INFO  o.eclipse.m2e.core.internal.Bundles - 	Entry: C:\Users\ortiz\.p2\pool\plugins\org.apache.commons.cli_1.10.0.jar
2025-12-12 12:03:37,349 [Worker-34: Launching runProyectoFE] INFO  o.eclipse.m2e.core.internal.Bundles - getClasspathEntries(Bundle=org.apache.commons.commons-codec_1.20.0 [1265])
2025-12-12 12:03:37,349 [Worker-34: Launching runProyectoFE] INFO  o.eclipse.m2e.core.internal.Bundles - 	Entry: C:\Users\ortiz\.p2\pool\plugins\org.apache.commons.commons-codec_1.20.0.jar
2025-12-12 12:03:37,349 [Worker-34: Launching runProyectoFE] INFO  o.eclipse.m2e.core.internal.Bundles - getClasspathEntries(Bundle=com.google.guava.failureaccess_1.0.3 [19])
2025-12-12 12:03:37,349 [Worker-34: Launching runProyectoFE] INFO  o.eclipse.m2e.core.internal.Bundles - 	Entry: C:\Users\ortiz\.p2\pool\plugins\com.google.guava.failureaccess_1.0.3.jar
2025-12-12 12:03:37,351 [Worker-34: Launching runProyectoFE] INFO  o.e.m.i.launch.MavenLaunchDelegate - Run build in "C:\Users\ortiz\OneDrive\Documentos\proyecto\PROYECTO_ORTIZBLANCO_BRUNO\tarea3AD2024":
2025-12-12 12:03:37,351 [Worker-34: Launching runProyectoFE] INFO  o.e.m.i.launch.MavenLaunchDelegate -  mvn  -B -Dstyle.color=always clean javafx:run
2025-12-12 12:04:43,938 [Worker-33: Building] INFO  o.a.m.s.f.DefaultMavenResourcesFiltering - Copying 1 resource from src\main\resources to target\classes
2025-12-12 12:04:43,943 [Worker-33: Building] INFO  o.a.m.s.f.DefaultMavenResourcesFiltering - Copying 0 resource from src\main\resources to target\classes
2025-12-12 12:04:43,946 [Worker-33: Building] INFO  o.a.m.s.f.DefaultMavenResourcesFiltering - skip non existing resourceDirectory C:\Users\ortiz\OneDrive\Documentos\proyecto\PROYECTO_ORTIZBLANCO_BRUNO\tarea3AD2024\src\test\resources
2025-12-12 12:04:43,947 [Worker-33: Building] WARN  o.apache.maven.project.MavenProject - Direct modification of compileSourceRoots through clear() is deprecated and will not work in Maven 4.0.0. Please use the add/remove methods instead. If you're using a plugin that causes this warning, please upgrade to the latest version and report an issue if the warning persists. To disable these warnings, set -Dmaven.project.sourceRoots.warningsDisabled=true on the command line, in the .mvn/maven.config file, or in project POM properties.
2025-12-12 12:04:43,947 [Worker-33: Building] WARN  o.apache.maven.project.MavenProject - Direct modification of compileSourceRoots through add() is deprecated and will not work in Maven 4.0.0. Please use the add/remove methods instead. If you're using a plugin that causes this warning, please upgrade to the latest version and report an issue if the warning persists. To disable these warnings, set -Dmaven.project.sourceRoots.warningsDisabled=true on the command line, in the .mvn/maven.config file, or in project POM properties.
2025-12-12 12:04:43,947 [Worker-33: Building] WARN  o.apache.maven.project.MavenProject - Direct modification of testCompileSourceRoots through clear() is deprecated and will not work in Maven 4.0.0. Please use the add/remove methods instead. If you're using a plugin that causes this warning, please upgrade to the latest version and report an issue if the warning persists. To disable these warnings, set -Dmaven.project.sourceRoots.warningsDisabled=true on the command line, in the .mvn/maven.config file, or in project POM properties.
2025-12-12 12:04:43,948 [Worker-33: Building] WARN  o.apache.maven.project.MavenProject - Direct modification of testCompileSourceRoots through add() is deprecated and will not work in Maven 4.0.0. Please use the add/remove methods instead. If you're using a plugin that causes this warning, please upgrade to the latest version and report an issue if the warning persists. To disable these warnings, set -Dmaven.project.sourceRoots.warningsDisabled=true on the command line, in the .mvn/maven.config file, or in project POM properties.
2025-12-12 12:04:50,100 [Worker-33: Launching runProyectoFE] INFO  o.eclipse.m2e.core.internal.Bundles - getClasspathEntries(Bundle=org.eclipse.m2e.maven.runtime_3.9.1100.20250811-2018 [641])
2025-12-12 12:04:50,101 [Worker-33: Launching runProyectoFE] INFO  o.eclipse.m2e.core.internal.Bundles - 	Entry: C:\Users\ortiz\.p2\pool\plugins\org.eclipse.m2e.maven.runtime_3.9.1100.20250811-2018
2025-12-12 12:04:50,101 [Worker-33: Launching runProyectoFE] INFO  o.eclipse.m2e.core.internal.Bundles - 	Entry: C:\Users\ortiz\.p2\pool\plugins\org.eclipse.m2e.maven.runtime_3.9.1100.20250811-2018\jars\aopalliance-1.0.jar
2025-12-12 12:04:50,101 [Worker-33: Launching runProyectoFE] INFO  o.eclipse.m2e.core.internal.Bundles - 	Entry: C:\Users\ortiz\.p2\pool\plugins\org.eclipse.m2e.maven.runtime_3.9.1100.20250811-2018\jars\asm-9.8.jar
2025-12-12 12:04:50,102 [Worker-33: Launching runProyectoFE] INFO  o.eclipse.m2e.core.internal.Bundles - 	Entry: C:\Users\ortiz\.p2\pool\plugins\org.eclipse.m2e.maven.runtime_3.9.1100.20250811-2018\jars\error_prone_annotations-2.38.0.jar
2025-12-12 12:04:50,102 [Worker-33: Launching runProyectoFE] INFO  o.eclipse.m2e.core.internal.Bundles - 	Entry: C:\Users\ortiz\.p2\pool\plugins\org.eclipse.m2e.maven.runtime_3.9.1100.20250811-2018\jars\gson-2.13.1.jar
2025-12-12 12:04:50,102 [Worker-33: Launching runProyectoFE] INFO  o.eclipse.m2e.core.internal.Bundles - 	Entry: C:\Users\ortiz\.p2\pool\plugins\org.eclipse.m2e.maven.runtime_3.9.1100.20250811-2018\jars\guice-5.1.0-classes.jar
2025-12-12 12:04:50,102 [Worker-33: Launching runProyectoFE] INFO  o.eclipse.m2e.core.internal.Bundles - 	Entry: C:\Users\ortiz\.p2\pool\plugins\org.eclipse.m2e.maven.runtime_3.9.1100.20250811-2018\jars\httpclient-4.5.14.jar
2025-12-12 12:04:50,102 [Worker-33: Launching runProyectoFE] INFO  o.eclipse.m2e.core.internal.Bundles - 	Entry: C:\Users\ortiz\.p2\pool\plugins\org.eclipse.m2e.maven.runtime_3.9.1100.20250811-2018\jars\httpcore-4.4.16.jar
2025-12-12 12:04:50,102 [Worker-33: Launching runProyectoFE] INFO  o.eclipse.m2e.core.internal.Bundles - 	Entry: C:\Users\ortiz\.p2\pool\plugins\org.eclipse.m2e.maven.runtime_3.9.1100.20250811-2018\jars\jansi-2.4.2.jar
2025-12-12 12:04:50,102 [Worker-33: Launching runProyectoFE] INFO  o.eclipse.m2e.core.internal.Bundles - 	Entry: C:\Users\ortiz\.p2\pool\plugins\org.eclipse.m2e.maven.runtime_3.9.1100.20250811-2018\jars\jcl-over-slf4j-1.7.36.jar
2025-12-12 12:04:50,102 [Worker-33: Launching runProyectoFE] INFO  o.eclipse.m2e.core.internal.Bundles - 	Entry: C:\Users\ortiz\.p2\pool\plugins\org.eclipse.m2e.maven.runtime_3.9.1100.20250811-2018\jars\maven-artifact-3.9.11.jar
2025-12-12 12:04:50,103 [Worker-33: Launching runProyectoFE] INFO  o.eclipse.m2e.core.internal.Bundles - 	Entry: C:\Users\ortiz\.p2\pool\plugins\org.eclipse.m2e.maven.runtime_3.9.1100.20250811-2018\jars\maven-builder-support-3.9.11.jar
2025-12-12 12:04:50,103 [Worker-33: Launching runProyectoFE] INFO  o.eclipse.m2e.core.internal.Bundles - 	Entry: C:\Users\ortiz\.p2\pool\plugins\org.eclipse.m2e.maven.runtime_3.9.1100.20250811-2018\jars\maven-compat-3.9.11.jar
2025-12-12 12:04:50,103 [Worker-33: Launching runProyectoFE] INFO  o.eclipse.m2e.core.internal.Bundles - 	Entry: C:\Users\ortiz\.p2\pool\plugins\org.eclipse.m2e.maven.runtime_3.9.1100.20250811-2018\jars\maven-core-3.9.11.jar
2025-12-12 12:04:50,103 [Worker-33: Launching runProyectoFE] INFO  o.eclipse.m2e.core.internal.Bundles - 	Entry: C:\Users\ortiz\.p2\pool\plugins\org.eclipse.m2e.maven.runtime_3.9.1100.20250811-2018\jars\maven-embedder-3.9.11.jar
2025-12-12 12:04:50,103 [Worker-33: Launching runProyectoFE] INFO  o.eclipse.m2e.core.internal.Bundles - 	Entry: C:\Users\ortiz\.p2\pool\plugins\org.eclipse.m2e.maven.runtime_3.9.1100.20250811-2018\jars\maven-model-3.9.11.jar
2025-12-12 12:04:50,103 [Worker-33: Launching runProyectoFE] INFO  o.eclipse.m2e.core.internal.Bundles - 	Entry: C:\Users\ortiz\.p2\pool\plugins\org.eclipse.m2e.maven.runtime_3.9.1100.20250811-2018\jars\maven-model-builder-3.9.11.jar
2025-12-12 12:04:50,104 [Worker-33: Launching runProyectoFE] INFO  o.eclipse.m2e.core.internal.Bundles - 	Entry: C:\Users\ortiz\.p2\pool\plugins\org.eclipse.m2e.maven.runtime_3.9.1100.20250811-2018\jars\maven-plugin-api-3.9.11.jar
2025-12-12 12:04:50,104 [Worker-33: Launching runProyectoFE] INFO  o.eclipse.m2e.core.internal.Bundles - 	Entry: C:\Users\ortiz\.p2\pool\plugins\org.eclipse.m2e.maven.runtime_3.9.1100.20250811-2018\jars\maven-repository-metadata-3.9.11.jar
2025-12-12 12:04:50,104 [Worker-33: Launching runProyectoFE] INFO  o.eclipse.m2e.core.internal.Bundles - 	Entry: C:\Users\ortiz\.p2\pool\plugins\org.eclipse.m2e.maven.runtime_3.9.1100.20250811-2018\jars\maven-resolver-api-1.9.24.jar
2025-12-12 12:04:50,104 [Worker-33: Launching runProyectoFE] INFO  o.eclipse.m2e.core.internal.Bundles - 	Entry: C:\Users\ortiz\.p2\pool\plugins\org.eclipse.m2e.maven.runtime_3.9.1100.20250811-2018\jars\maven-resolver-connector-basic-1.9.24.jar
2025-12-12 12:04:50,104 [Worker-33: Launching runProyectoFE] INFO  o.eclipse.m2e.core.internal.Bundles - 	Entry: C:\Users\ortiz\.p2\pool\plugins\org.eclipse.m2e.maven.runtime_3.9.1100.20250811-2018\jars\maven-resolver-impl-1.9.24.jar
2025-12-12 12:04:50,104 [Worker-33: Launching runProyectoFE] INFO  o.eclipse.m2e.core.internal.Bundles - 	Entry: C:\Users\ortiz\.p2\pool\plugins\org.eclipse.m2e.maven.runtime_3.9.1100.20250811-2018\jars\maven-resolver-named-locks-1.9.24.jar
2025-12-12 12:04:50,104 [Worker-33: Launching runProyectoFE] INFO  o.eclipse.m2e.core.internal.Bundles - 	Entry: C:\Users\ortiz\.p2\pool\plugins\org.eclipse.m2e.maven.runtime_3.9.1100.20250811-2018\jars\maven-resolver-provider-3.9.11.jar
2025-12-12 12:04:50,104 [Worker-33: Launching runProyectoFE] INFO  o.eclipse.m2e.core.internal.Bundles - 	Entry: C:\Users\ortiz\.p2\pool\plugins\org.eclipse.m2e.maven.runtime_3.9.1100.20250811-2018\jars\maven-resolver-spi-1.9.24.jar
2025-12-12 12:04:50,105 [Worker-33: Launching runProyectoFE] INFO  o.eclipse.m2e.core.internal.Bundles - 	Entry: C:\Users\ortiz\.p2\pool\plugins\org.eclipse.m2e.maven.runtime_3.9.1100.20250811-2018\jars\maven-resolver-transport-file-1.9.24.jar
2025-12-12 12:04:50,105 [Worker-33: Launching runProyectoFE] INFO  o.eclipse.m2e.core.internal.Bundles - 	Entry: C:\Users\ortiz\.p2\pool\plugins\org.eclipse.m2e.maven.runtime_3.9.1100.20250811-2018\jars\maven-resolver-transport-http-1.9.24.jar
2025-12-12 12:04:50,105 [Worker-33: Launching runProyectoFE] INFO  o.eclipse.m2e.core.internal.Bundles - 	Entry: C:\Users\ortiz\.p2\pool\plugins\org.eclipse.m2e.maven.runtime_3.9.1100.20250811-2018\jars\maven-resolver-transport-wagon-1.9.24.jar
2025-12-12 12:04:50,105 [Worker-33: Launching runProyectoFE] INFO  o.eclipse.m2e.core.internal.Bundles - 	Entry: C:\Users\ortiz\.p2\pool\plugins\org.eclipse.m2e.maven.runtime_3.9.1100.20250811-2018\jars\maven-resolver-util-1.9.24.jar
2025-12-12 12:04:50,105 [Worker-33: Launching runProyectoFE] INFO  o.eclipse.m2e.core.internal.Bundles - 	Entry: C:\Users\ortiz\.p2\pool\plugins\org.eclipse.m2e.maven.runtime_3.9.1100.20250811-2018\jars\maven-settings-3.9.11.jar
2025-12-12 12:04:50,105 [Worker-33: Launching runProyectoFE] INFO  o.eclipse.m2e.core.internal.Bundles - 	Entry: C:\Users\ortiz\.p2\pool\plugins\org.eclipse.m2e.maven.runtime_3.9.1100.20250811-2018\jars\maven-settings-builder-3.9.11.jar
2025-12-12 12:04:50,105 [Worker-33: Launching runProyectoFE] INFO  o.eclipse.m2e.core.internal.Bundles - 	Entry: C:\Users\ortiz\.p2\pool\plugins\org.eclipse.m2e.maven.runtime_3.9.1100.20250811-2018\jars\maven-shared-utils-3.4.2.jar
2025-12-12 12:04:50,105 [Worker-33: Launching runProyectoFE] INFO  o.eclipse.m2e.core.internal.Bundles - 	Entry: C:\Users\ortiz\.p2\pool\plugins\org.eclipse.m2e.maven.runtime_3.9.1100.20250811-2018\jars\org.eclipse.sisu.inject-0.9.0.M4.jar
2025-12-12 12:04:50,106 [Worker-33: Launching runProyectoFE] INFO  o.eclipse.m2e.core.internal.Bundles - 	Entry: C:\Users\ortiz\.p2\pool\plugins\org.eclipse.m2e.maven.runtime_3.9.1100.20250811-2018\jars\org.eclipse.sisu.plexus-0.9.0.M4.jar
2025-12-12 12:04:50,106 [Worker-33: Launching runProyectoFE] INFO  o.eclipse.m2e.core.internal.Bundles - 	Entry: C:\Users\ortiz\.p2\pool\plugins\org.eclipse.m2e.maven.runtime_3.9.1100.20250811-2018\jars\plexus-build-api-0.0.7.jar
2025-12-12 12:04:50,106 [Worker-33: Launching runProyectoFE] INFO  o.eclipse.m2e.core.internal.Bundles - 	Entry: C:\Users\ortiz\.p2\pool\plugins\org.eclipse.m2e.maven.runtime_3.9.1100.20250811-2018\jars\plexus-build-api-1.2.0.jar
2025-12-12 12:04:50,106 [Worker-33: Launching runProyectoFE] INFO  o.eclipse.m2e.core.internal.Bundles - 	Entry: C:\Users\ortiz\.p2\pool\plugins\org.eclipse.m2e.maven.runtime_3.9.1100.20250811-2018\jars\plexus-cipher-2.0.jar
2025-12-12 12:04:50,106 [Worker-33: Launching runProyectoFE] INFO  o.eclipse.m2e.core.internal.Bundles - 	Entry: C:\Users\ortiz\.p2\pool\plugins\org.eclipse.m2e.maven.runtime_3.9.1100.20250811-2018\jars\plexus-classworlds-2.9.0.jar
2025-12-12 12:04:50,106 [Worker-33: Launching runProyectoFE] INFO  o.eclipse.m2e.core.internal.Bundles - 	Entry: C:\Users\ortiz\.p2\pool\plugins\org.eclipse.m2e.maven.runtime_3.9.1100.20250811-2018\jars\plexus-component-annotations-2.2.0.jar
2025-12-12 12:04:50,106 [Worker-33: Launching runProyectoFE] INFO  o.eclipse.m2e.core.internal.Bundles - 	Entry: C:\Users\ortiz\.p2\pool\plugins\org.eclipse.m2e.maven.runtime_3.9.1100.20250811-2018\jars\plexus-interpolation-1.28.jar
2025-12-12 12:04:50,106 [Worker-33: Launching runProyectoFE] INFO  o.eclipse.m2e.core.internal.Bundles - 	Entry: C:\Users\ortiz\.p2\pool\plugins\org.eclipse.m2e.maven.runtime_3.9.1100.20250811-2018\jars\plexus-sec-dispatcher-2.0.jar
2025-12-12 12:04:50,107 [Worker-33: Launching runProyectoFE] INFO  o.eclipse.m2e.core.internal.Bundles - 	Entry: C:\Users\ortiz\.p2\pool\plugins\org.eclipse.m2e.maven.runtime_3.9.1100.20250811-2018\jars\plexus-utils-3.6.0.jar
2025-12-12 12:04:50,107 [Worker-33: Launching runProyectoFE] INFO  o.eclipse.m2e.core.internal.Bundles - 	Entry: C:\Users\ortiz\.p2\pool\plugins\org.eclipse.m2e.maven.runtime_3.9.1100.20250811-2018\jars\wagon-file-3.5.3.jar
2025-12-12 12:04:50,107 [Worker-33: Launching runProyectoFE] INFO  o.eclipse.m2e.core.internal.Bundles - 	Entry: C:\Users\ortiz\.p2\pool\plugins\org.eclipse.m2e.maven.runtime_3.9.1100.20250811-2018\jars\wagon-http-3.5.3.jar
2025-12-12 12:04:50,107 [Worker-33: Launching runProyectoFE] INFO  o.eclipse.m2e.core.internal.Bundles - 	Entry: C:\Users\ortiz\.p2\pool\plugins\org.eclipse.m2e.maven.runtime_3.9.1100.20250811-2018\jars\wagon-http-shared-3.5.3.jar
2025-12-12 12:04:50,107 [Worker-33: Launching runProyectoFE] INFO  o.eclipse.m2e.core.internal.Bundles - 	Entry: C:\Users\ortiz\.p2\pool\plugins\org.eclipse.m2e.maven.runtime_3.9.1100.20250811-2018\jars\wagon-provider-api-3.5.3.jar
2025-12-12 12:04:50,107 [Worker-33: Launching runProyectoFE] INFO  o.eclipse.m2e.core.internal.Bundles - getClasspathEntries(Bundle=com.google.guava_33.5.0.jre [1329])
2025-12-12 12:04:50,108 [Worker-33: Launching runProyectoFE] INFO  o.eclipse.m2e.core.internal.Bundles - 	Entry: C:\Users\ortiz\.p2\pool\plugins\com.google.guava_33.5.0.jre.jar
2025-12-12 12:04:50,108 [Worker-33: Launching runProyectoFE] INFO  o.eclipse.m2e.core.internal.Bundles - getClasspathEntries(Bundle=slf4j.api_2.0.17 [1006])
2025-12-12 12:04:50,108 [Worker-33: Launching runProyectoFE] INFO  o.eclipse.m2e.core.internal.Bundles - 	Entry: C:\Users\ortiz\.p2\pool\plugins\slf4j.api_2.0.17.jar
2025-12-12 12:04:50,108 [Worker-33: Launching runProyectoFE] INFO  o.eclipse.m2e.core.internal.Bundles - getClasspathEntries(Bundle=jakarta.inject.jakarta.inject-api_1.0.5 [35])
2025-12-12 12:04:50,108 [Worker-33: Launching runProyectoFE] INFO  o.eclipse.m2e.core.internal.Bundles - 	Entry: C:\Users\ortiz\.p2\pool\plugins\jakarta.inject.jakarta.inject-api_1.0.5.jar
2025-12-12 12:04:50,108 [Worker-33: Launching runProyectoFE] INFO  o.eclipse.m2e.core.internal.Bundles - getClasspathEntries(Bundle=jakarta.annotation-api_1.3.5 [31])
2025-12-12 12:04:50,108 [Worker-33: Launching runProyectoFE] INFO  o.eclipse.m2e.core.internal.Bundles - 	Entry: C:\Users\ortiz\.p2\pool\plugins\jakarta.annotation-api_1.3.5.jar
2025-12-12 12:04:50,108 [Worker-33: Launching runProyectoFE] INFO  o.eclipse.m2e.core.internal.Bundles - getClasspathEntries(Bundle=org.apache.commons.cli_1.10.0 [75])
2025-12-12 12:04:50,109 [Worker-33: Launching runProyectoFE] INFO  o.eclipse.m2e.core.internal.Bundles - 	Entry: C:\Users\ortiz\.p2\pool\plugins\org.apache.commons.cli_1.10.0.jar
2025-12-12 12:04:50,109 [Worker-33: Launching runProyectoFE] INFO  o.eclipse.m2e.core.internal.Bundles - getClasspathEntries(Bundle=org.apache.commons.commons-codec_1.20.0 [1265])
2025-12-12 12:04:50,109 [Worker-33: Launching runProyectoFE] INFO  o.eclipse.m2e.core.internal.Bundles - 	Entry: C:\Users\ortiz\.p2\pool\plugins\org.apache.commons.commons-codec_1.20.0.jar
2025-12-12 12:04:50,109 [Worker-33: Launching runProyectoFE] INFO  o.eclipse.m2e.core.internal.Bundles - getClasspathEntries(Bundle=com.google.guava.failureaccess_1.0.3 [19])
2025-12-12 12:04:50,109 [Worker-33: Launching runProyectoFE] INFO  o.eclipse.m2e.core.internal.Bundles - 	Entry: C:\Users\ortiz\.p2\pool\plugins\com.google.guava.failureaccess_1.0.3.jar
2025-12-12 12:04:50,111 [Worker-33: Launching runProyectoFE] INFO  o.e.m.i.launch.MavenLaunchDelegate - Run build in "C:\Users\ortiz\OneDrive\Documentos\proyecto\PROYECTO_ORTIZBLANCO_BRUNO\tarea3AD2024":
2025-12-12 12:04:50,111 [Worker-33: Launching runProyectoFE] INFO  o.e.m.i.launch.MavenLaunchDelegate -  mvn  -B -Dstyle.color=always clean javafx:run
2025-12-12 12:06:06,270 [Worker-34: Building] INFO  o.a.m.s.f.DefaultMavenResourcesFiltering - Copying 0 resource from src\main\resources to target\classes
2025-12-12 12:06:06,271 [Worker-34: Building] INFO  o.a.m.s.f.DefaultMavenResourcesFiltering - Copying 1 resource from src\main\resources to target\classes
2025-12-12 12:06:06,274 [Worker-34: Building] INFO  o.a.m.s.f.DefaultMavenResourcesFiltering - skip non existing resourceDirectory C:\Users\ortiz\OneDrive\Documentos\proyecto\PROYECTO_ORTIZBLANCO_BRUNO\tarea3AD2024\src\test\resources
2025-12-12 12:06:06,287 [Worker-34: Building] WARN  o.apache.maven.project.MavenProject - Direct modification of compileSourceRoots through clear() is deprecated and will not work in Maven 4.0.0. Please use the add/remove methods instead. If you're using a plugin that causes this warning, please upgrade to the latest version and report an issue if the warning persists. To disable these warnings, set -Dmaven.project.sourceRoots.warningsDisabled=true on the command line, in the .mvn/maven.config file, or in project POM properties.
2025-12-12 12:06:06,288 [Worker-34: Building] WARN  o.apache.maven.project.MavenProject - Direct modification of compileSourceRoots through add() is deprecated and will not work in Maven 4.0.0. Please use the add/remove methods instead. If you're using a plugin that causes this warning, please upgrade to the latest version and report an issue if the warning persists. To disable these warnings, set -Dmaven.project.sourceRoots.warningsDisabled=true on the command line, in the .mvn/maven.config file, or in project POM properties.
2025-12-12 12:06:06,288 [Worker-34: Building] WARN  o.apache.maven.project.MavenProject - Direct modification of testCompileSourceRoots through clear() is deprecated and will not work in Maven 4.0.0. Please use the add/remove methods instead. If you're using a plugin that causes this warning, please upgrade to the latest version and report an issue if the warning persists. To disable these warnings, set -Dmaven.project.sourceRoots.warningsDisabled=true on the command line, in the .mvn/maven.config file, or in project POM properties.
2025-12-12 12:06:06,288 [Worker-34: Building] WARN  o.apache.maven.project.MavenProject - Direct modification of testCompileSourceRoots through add() is deprecated and will not work in Maven 4.0.0. Please use the add/remove methods instead. If you're using a plugin that causes this warning, please upgrade to the latest version and report an issue if the warning persists. To disable these warnings, set -Dmaven.project.sourceRoots.warningsDisabled=true on the command line, in the .mvn/maven.config file, or in project POM properties.
2025-12-12 12:06:26,183 [Worker-35: Building] INFO  o.a.m.s.f.DefaultMavenResourcesFiltering - Copying 0 resource from src\main\resources to target\classes
2025-12-12 12:06:26,185 [Worker-35: Building] INFO  o.a.m.s.f.DefaultMavenResourcesFiltering - Copying 1 resource from src\main\resources to target\classes
2025-12-12 12:06:26,189 [Worker-35: Building] INFO  o.a.m.s.f.DefaultMavenResourcesFiltering - skip non existing resourceDirectory C:\Users\ortiz\OneDrive\Documentos\proyecto\PROYECTO_ORTIZBLANCO_BRUNO\tarea3AD2024\src\test\resources
2025-12-12 12:06:26,189 [Worker-35: Building] WARN  o.apache.maven.project.MavenProject - Direct modification of compileSourceRoots through clear() is deprecated and will not work in Maven 4.0.0. Please use the add/remove methods instead. If you're using a plugin that causes this warning, please upgrade to the latest version and report an issue if the warning persists. To disable these warnings, set -Dmaven.project.sourceRoots.warningsDisabled=true on the command line, in the .mvn/maven.config file, or in project POM properties.
2025-12-12 12:06:26,189 [Worker-35: Building] WARN  o.apache.maven.project.MavenProject - Direct modification of compileSourceRoots through add() is deprecated and will not work in Maven 4.0.0. Please use the add/remove methods instead. If you're using a plugin that causes this warning, please upgrade to the latest version and report an issue if the warning persists. To disable these warnings, set -Dmaven.project.sourceRoots.warningsDisabled=true on the command line, in the .mvn/maven.config file, or in project POM properties.
2025-12-12 12:06:26,190 [Worker-35: Building] WARN  o.apache.maven.project.MavenProject - Direct modification of testCompileSourceRoots through clear() is deprecated and will not work in Maven 4.0.0. Please use the add/remove methods instead. If you're using a plugin that causes this warning, please upgrade to the latest version and report an issue if the warning persists. To disable these warnings, set -Dmaven.project.sourceRoots.warningsDisabled=true on the command line, in the .mvn/maven.config file, or in project POM properties.
2025-12-12 12:06:26,190 [Worker-35: Building] WARN  o.apache.maven.project.MavenProject - Direct modification of testCompileSourceRoots through add() is deprecated and will not work in Maven 4.0.0. Please use the add/remove methods instead. If you're using a plugin that causes this warning, please upgrade to the latest version and report an issue if the warning persists. To disable these warnings, set -Dmaven.project.sourceRoots.warningsDisabled=true on the command line, in the .mvn/maven.config file, or in project POM properties.
2025-12-12 12:06:45,516 [Worker-7: Updating Maven Project] INFO  o.e.m.c.i.p.ProjectConfigurationManager - Update started
2025-12-12 12:06:45,765 [Worker-7: Updating Maven Project] INFO  o.e.m.c.i.l.LifecycleMappingFactory - Using org.eclipse.m2e.jdt.JarLifecycleMapping lifecycle mapping for MavenProject: dev.brunob:ProyectoFE:0.0.1-SNAPSHOT @ C:\Users\ortiz\OneDrive\Documentos\proyecto\PROYECTO_ORTIZBLANCO_BRUNO\tarea3AD2024\pom.xml.
2025-12-12 12:06:46,151 [Worker-7: Updating Maven Project] INFO  o.e.m.j.i.AbstractJavaProjectConfigurator - Adding source folder /proyectoFE/src/main/java
2025-12-12 12:06:46,152 [Worker-7: Updating Maven Project] INFO  o.e.m.j.i.AbstractJavaProjectConfigurator - Adding resource folder /proyectoFE/src/main/resources
2025-12-12 12:06:46,152 [Worker-7: Updating Maven Project] INFO  o.e.m.j.i.AbstractJavaProjectConfigurator - Adding resource folder /proyectoFE/src/main/resources
2025-12-12 12:06:46,153 [Worker-7: Updating Maven Project] INFO  o.e.m.j.i.AbstractJavaProjectConfigurator - Adding source folder /proyectoFE/src/test/java
2025-12-12 12:06:46,153 [Worker-7: Updating Maven Project] INFO  o.e.m.j.i.AbstractJavaProjectConfigurator - Adding resource folder /proyectoFE/src/test/resources
2025-12-12 12:06:46,298 [Worker-7: Updating Maven Project] WARN  o.apache.maven.project.MavenProject - Direct modification of compileSourceRoots through clear() is deprecated and will not work in Maven 4.0.0. Please use the add/remove methods instead. If you're using a plugin that causes this warning, please upgrade to the latest version and report an issue if the warning persists. To disable these warnings, set -Dmaven.project.sourceRoots.warningsDisabled=true on the command line, in the .mvn/maven.config file, or in project POM properties.
2025-12-12 12:06:46,299 [Worker-7: Updating Maven Project] WARN  o.apache.maven.project.MavenProject - Direct modification of compileSourceRoots through add() is deprecated and will not work in Maven 4.0.0. Please use the add/remove methods instead. If you're using a plugin that causes this warning, please upgrade to the latest version and report an issue if the warning persists. To disable these warnings, set -Dmaven.project.sourceRoots.warningsDisabled=true on the command line, in the .mvn/maven.config file, or in project POM properties.
2025-12-12 12:06:46,299 [Worker-7: Updating Maven Project] WARN  o.apache.maven.project.MavenProject - Direct modification of testCompileSourceRoots through clear() is deprecated and will not work in Maven 4.0.0. Please use the add/remove methods instead. If you're using a plugin that causes this warning, please upgrade to the latest version and report an issue if the warning persists. To disable these warnings, set -Dmaven.project.sourceRoots.warningsDisabled=true on the command line, in the .mvn/maven.config file, or in project POM properties.
2025-12-12 12:06:46,299 [Worker-7: Updating Maven Project] WARN  o.apache.maven.project.MavenProject - Direct modification of testCompileSourceRoots through add() is deprecated and will not work in Maven 4.0.0. Please use the add/remove methods instead. If you're using a plugin that causes this warning, please upgrade to the latest version and report an issue if the warning persists. To disable these warnings, set -Dmaven.project.sourceRoots.warningsDisabled=true on the command line, in the .mvn/maven.config file, or in project POM properties.
2025-12-12 12:06:46,340 [Worker-7: Updating Maven Project] INFO  o.e.m.c.i.p.ProjectConfigurationManager - Update completed for 1 poms: local refresh takes 0,00 sec, refresh facades takes 0,00 sec, update config takes 0,00 sec 
2025-12-12 12:06:46,656 [Worker-35: Building] INFO  o.a.m.s.f.DefaultMavenResourcesFiltering - Copying 1 resource from src\main\resources to target\classes
2025-12-12 12:06:46,668 [Worker-35: Building] INFO  o.a.m.s.f.DefaultMavenResourcesFiltering - Copying 5 resources from src\main\resources to target\classes
2025-12-12 12:06:46,678 [Worker-35: Building] INFO  o.a.m.s.f.DefaultMavenResourcesFiltering - skip non existing resourceDirectory C:\Users\ortiz\OneDrive\Documentos\proyecto\PROYECTO_ORTIZBLANCO_BRUNO\tarea3AD2024\src\test\resources
2025-12-12 12:06:46,694 [Worker-35: Building] WARN  o.apache.maven.project.MavenProject - Direct modification of compileSourceRoots through clear() is deprecated and will not work in Maven 4.0.0. Please use the add/remove methods instead. If you're using a plugin that causes this warning, please upgrade to the latest version and report an issue if the warning persists. To disable these warnings, set -Dmaven.project.sourceRoots.warningsDisabled=true on the command line, in the .mvn/maven.config file, or in project POM properties.
2025-12-12 12:06:46,694 [Worker-35: Building] WARN  o.apache.maven.project.MavenProject - Direct modification of compileSourceRoots through add() is deprecated and will not work in Maven 4.0.0. Please use the add/remove methods instead. If you're using a plugin that causes this warning, please upgrade to the latest version and report an issue if the warning persists. To disable these warnings, set -Dmaven.project.sourceRoots.warningsDisabled=true on the command line, in the .mvn/maven.config file, or in project POM properties.
2025-12-12 12:06:46,695 [Worker-35: Building] WARN  o.apache.maven.project.MavenProject - Direct modification of testCompileSourceRoots through clear() is deprecated and will not work in Maven 4.0.0. Please use the add/remove methods instead. If you're using a plugin that causes this warning, please upgrade to the latest version and report an issue if the warning persists. To disable these warnings, set -Dmaven.project.sourceRoots.warningsDisabled=true on the command line, in the .mvn/maven.config file, or in project POM properties.
2025-12-12 12:06:46,695 [Worker-35: Building] WARN  o.apache.maven.project.MavenProject - Direct modification of testCompileSourceRoots through add() is deprecated and will not work in Maven 4.0.0. Please use the add/remove methods instead. If you're using a plugin that causes this warning, please upgrade to the latest version and report an issue if the warning persists. To disable these warnings, set -Dmaven.project.sourceRoots.warningsDisabled=true on the command line, in the .mvn/maven.config file, or in project POM properties.
2025-12-12 12:06:51,950 [Worker-7: Updating Maven Project] INFO  o.e.m.c.i.p.ProjectConfigurationManager - Update started
2025-12-12 12:06:52,186 [Worker-7: Updating Maven Project] INFO  o.e.m.c.i.l.LifecycleMappingFactory - Using org.eclipse.m2e.jdt.JarLifecycleMapping lifecycle mapping for MavenProject: dev.brunob:ProyectoFE:0.0.1-SNAPSHOT @ C:\Users\ortiz\OneDrive\Documentos\proyecto\PROYECTO_ORTIZBLANCO_BRUNO\tarea3AD2024\pom.xml.
2025-12-12 12:06:52,546 [Worker-7: Updating Maven Project] INFO  o.e.m.j.i.AbstractJavaProjectConfigurator - Adding source folder /proyectoFE/src/main/java
2025-12-12 12:06:52,547 [Worker-7: Updating Maven Project] INFO  o.e.m.j.i.AbstractJavaProjectConfigurator - Adding resource folder /proyectoFE/src/main/resources
2025-12-12 12:06:52,547 [Worker-7: Updating Maven Project] INFO  o.e.m.j.i.AbstractJavaProjectConfigurator - Adding resource folder /proyectoFE/src/main/resources
2025-12-12 12:06:52,548 [Worker-7: Updating Maven Project] INFO  o.e.m.j.i.AbstractJavaProjectConfigurator - Adding source folder /proyectoFE/src/test/java
2025-12-12 12:06:52,548 [Worker-7: Updating Maven Project] INFO  o.e.m.j.i.AbstractJavaProjectConfigurator - Adding resource folder /proyectoFE/src/test/resources
2025-12-12 12:06:52,694 [Worker-7: Updating Maven Project] WARN  o.apache.maven.project.MavenProject - Direct modification of compileSourceRoots through clear() is deprecated and will not work in Maven 4.0.0. Please use the add/remove methods instead. If you're using a plugin that causes this warning, please upgrade to the latest version and report an issue if the warning persists. To disable these warnings, set -Dmaven.project.sourceRoots.warningsDisabled=true on the command line, in the .mvn/maven.config file, or in project POM properties.
2025-12-12 12:06:52,695 [Worker-7: Updating Maven Project] WARN  o.apache.maven.project.MavenProject - Direct modification of compileSourceRoots through add() is deprecated and will not work in Maven 4.0.0. Please use the add/remove methods instead. If you're using a plugin that causes this warning, please upgrade to the latest version and report an issue if the warning persists. To disable these warnings, set -Dmaven.project.sourceRoots.warningsDisabled=true on the command line, in the .mvn/maven.config file, or in project POM properties.
2025-12-12 12:06:52,695 [Worker-7: Updating Maven Project] WARN  o.apache.maven.project.MavenProject - Direct modification of testCompileSourceRoots through clear() is deprecated and will not work in Maven 4.0.0. Please use the add/remove methods instead. If you're using a plugin that causes this warning, please upgrade to the latest version and report an issue if the warning persists. To disable these warnings, set -Dmaven.project.sourceRoots.warningsDisabled=true on the command line, in the .mvn/maven.config file, or in project POM properties.
2025-12-12 12:06:52,696 [Worker-7: Updating Maven Project] WARN  o.apache.maven.project.MavenProject - Direct modification of testCompileSourceRoots through add() is deprecated and will not work in Maven 4.0.0. Please use the add/remove methods instead. If you're using a plugin that causes this warning, please upgrade to the latest version and report an issue if the warning persists. To disable these warnings, set -Dmaven.project.sourceRoots.warningsDisabled=true on the command line, in the .mvn/maven.config file, or in project POM properties.
2025-12-12 12:06:52,735 [Worker-7: Updating Maven Project] INFO  o.e.m.c.i.p.ProjectConfigurationManager - Update completed for 1 poms: local refresh takes 0,00 sec, refresh facades takes 0,00 sec, update config takes 0,00 sec 
2025-12-12 12:06:53,023 [Worker-30: Building] INFO  o.a.m.s.f.DefaultMavenResourcesFiltering - Copying 1 resource from src\main\resources to target\classes
2025-12-12 12:06:53,034 [Worker-30: Building] INFO  o.a.m.s.f.DefaultMavenResourcesFiltering - Copying 5 resources from src\main\resources to target\classes
2025-12-12 12:06:53,042 [Worker-30: Building] INFO  o.a.m.s.f.DefaultMavenResourcesFiltering - skip non existing resourceDirectory C:\Users\ortiz\OneDrive\Documentos\proyecto\PROYECTO_ORTIZBLANCO_BRUNO\tarea3AD2024\src\test\resources
2025-12-12 12:06:53,055 [Worker-30: Building] WARN  o.apache.maven.project.MavenProject - Direct modification of compileSourceRoots through clear() is deprecated and will not work in Maven 4.0.0. Please use the add/remove methods instead. If you're using a plugin that causes this warning, please upgrade to the latest version and report an issue if the warning persists. To disable these warnings, set -Dmaven.project.sourceRoots.warningsDisabled=true on the command line, in the .mvn/maven.config file, or in project POM properties.
2025-12-12 12:06:53,055 [Worker-30: Building] WARN  o.apache.maven.project.MavenProject - Direct modification of compileSourceRoots through add() is deprecated and will not work in Maven 4.0.0. Please use the add/remove methods instead. If you're using a plugin that causes this warning, please upgrade to the latest version and report an issue if the warning persists. To disable these warnings, set -Dmaven.project.sourceRoots.warningsDisabled=true on the command line, in the .mvn/maven.config file, or in project POM properties.
2025-12-12 12:06:53,056 [Worker-30: Building] WARN  o.apache.maven.project.MavenProject - Direct modification of testCompileSourceRoots through clear() is deprecated and will not work in Maven 4.0.0. Please use the add/remove methods instead. If you're using a plugin that causes this warning, please upgrade to the latest version and report an issue if the warning persists. To disable these warnings, set -Dmaven.project.sourceRoots.warningsDisabled=true on the command line, in the .mvn/maven.config file, or in project POM properties.
2025-12-12 12:06:53,056 [Worker-30: Building] WARN  o.apache.maven.project.MavenProject - Direct modification of testCompileSourceRoots through add() is deprecated and will not work in Maven 4.0.0. Please use the add/remove methods instead. If you're using a plugin that causes this warning, please upgrade to the latest version and report an issue if the warning persists. To disable these warnings, set -Dmaven.project.sourceRoots.warningsDisabled=true on the command line, in the .mvn/maven.config file, or in project POM properties.
2025-12-12 12:06:56,631 [Worker-35: Launching runProyectoFE] INFO  o.eclipse.m2e.core.internal.Bundles - getClasspathEntries(Bundle=org.eclipse.m2e.maven.runtime_3.9.1100.20250811-2018 [641])
2025-12-12 12:06:56,631 [Worker-35: Launching runProyectoFE] INFO  o.eclipse.m2e.core.internal.Bundles - 	Entry: C:\Users\ortiz\.p2\pool\plugins\org.eclipse.m2e.maven.runtime_3.9.1100.20250811-2018
2025-12-12 12:06:56,632 [Worker-35: Launching runProyectoFE] INFO  o.eclipse.m2e.core.internal.Bundles - 	Entry: C:\Users\ortiz\.p2\pool\plugins\org.eclipse.m2e.maven.runtime_3.9.1100.20250811-2018\jars\aopalliance-1.0.jar
2025-12-12 12:06:56,632 [Worker-35: Launching runProyectoFE] INFO  o.eclipse.m2e.core.internal.Bundles - 	Entry: C:\Users\ortiz\.p2\pool\plugins\org.eclipse.m2e.maven.runtime_3.9.1100.20250811-2018\jars\asm-9.8.jar
2025-12-12 12:06:56,632 [Worker-35: Launching runProyectoFE] INFO  o.eclipse.m2e.core.internal.Bundles - 	Entry: C:\Users\ortiz\.p2\pool\plugins\org.eclipse.m2e.maven.runtime_3.9.1100.20250811-2018\jars\error_prone_annotations-2.38.0.jar
2025-12-12 12:06:56,632 [Worker-35: Launching runProyectoFE] INFO  o.eclipse.m2e.core.internal.Bundles - 	Entry: C:\Users\ortiz\.p2\pool\plugins\org.eclipse.m2e.maven.runtime_3.9.1100.20250811-2018\jars\gson-2.13.1.jar
2025-12-12 12:06:56,632 [Worker-35: Launching runProyectoFE] INFO  o.eclipse.m2e.core.internal.Bundles - 	Entry: C:\Users\ortiz\.p2\pool\plugins\org.eclipse.m2e.maven.runtime_3.9.1100.20250811-2018\jars\guice-5.1.0-classes.jar
2025-12-12 12:06:56,632 [Worker-35: Launching runProyectoFE] INFO  o.eclipse.m2e.core.internal.Bundles - 	Entry: C:\Users\ortiz\.p2\pool\plugins\org.eclipse.m2e.maven.runtime_3.9.1100.20250811-2018\jars\httpclient-4.5.14.jar
2025-12-12 12:06:56,633 [Worker-35: Launching runProyectoFE] INFO  o.eclipse.m2e.core.internal.Bundles - 	Entry: C:\Users\ortiz\.p2\pool\plugins\org.eclipse.m2e.maven.runtime_3.9.1100.20250811-2018\jars\httpcore-4.4.16.jar
2025-12-12 12:06:56,633 [Worker-35: Launching runProyectoFE] INFO  o.eclipse.m2e.core.internal.Bundles - 	Entry: C:\Users\ortiz\.p2\pool\plugins\org.eclipse.m2e.maven.runtime_3.9.1100.20250811-2018\jars\jansi-2.4.2.jar
2025-12-12 12:06:56,633 [Worker-35: Launching runProyectoFE] INFO  o.eclipse.m2e.core.internal.Bundles - 	Entry: C:\Users\ortiz\.p2\pool\plugins\org.eclipse.m2e.maven.runtime_3.9.1100.20250811-2018\jars\jcl-over-slf4j-1.7.36.jar
2025-12-12 12:06:56,633 [Worker-35: Launching runProyectoFE] INFO  o.eclipse.m2e.core.internal.Bundles - 	Entry: C:\Users\ortiz\.p2\pool\plugins\org.eclipse.m2e.maven.runtime_3.9.1100.20250811-2018\jars\maven-artifact-3.9.11.jar
2025-12-12 12:06:56,633 [Worker-35: Launching runProyectoFE] INFO  o.eclipse.m2e.core.internal.Bundles - 	Entry: C:\Users\ortiz\.p2\pool\plugins\org.eclipse.m2e.maven.runtime_3.9.1100.20250811-2018\jars\maven-builder-support-3.9.11.jar
2025-12-12 12:06:56,633 [Worker-35: Launching runProyectoFE] INFO  o.eclipse.m2e.core.internal.Bundles - 	Entry: C:\Users\ortiz\.p2\pool\plugins\org.eclipse.m2e.maven.runtime_3.9.1100.20250811-2018\jars\maven-compat-3.9.11.jar
2025-12-12 12:06:56,633 [Worker-35: Launching runProyectoFE] INFO  o.eclipse.m2e.core.internal.Bundles - 	Entry: C:\Users\ortiz\.p2\pool\plugins\org.eclipse.m2e.maven.runtime_3.9.1100.20250811-2018\jars\maven-core-3.9.11.jar
2025-12-12 12:06:56,634 [Worker-35: Launching runProyectoFE] INFO  o.eclipse.m2e.core.internal.Bundles - 	Entry: C:\Users\ortiz\.p2\pool\plugins\org.eclipse.m2e.maven.runtime_3.9.1100.20250811-2018\jars\maven-embedder-3.9.11.jar
2025-12-12 12:06:56,634 [Worker-35: Launching runProyectoFE] INFO  o.eclipse.m2e.core.internal.Bundles - 	Entry: C:\Users\ortiz\.p2\pool\plugins\org.eclipse.m2e.maven.runtime_3.9.1100.20250811-2018\jars\maven-model-3.9.11.jar
2025-12-12 12:06:56,634 [Worker-35: Launching runProyectoFE] INFO  o.eclipse.m2e.core.internal.Bundles - 	Entry: C:\Users\ortiz\.p2\pool\plugins\org.eclipse.m2e.maven.runtime_3.9.1100.20250811-2018\jars\maven-model-builder-3.9.11.jar
2025-12-12 12:06:56,634 [Worker-35: Launching runProyectoFE] INFO  o.eclipse.m2e.core.internal.Bundles - 	Entry: C:\Users\ortiz\.p2\pool\plugins\org.eclipse.m2e.maven.runtime_3.9.1100.20250811-2018\jars\maven-plugin-api-3.9.11.jar
2025-12-12 12:06:56,634 [Worker-35: Launching runProyectoFE] INFO  o.eclipse.m2e.core.internal.Bundles - 	Entry: C:\Users\ortiz\.p2\pool\plugins\org.eclipse.m2e.maven.runtime_3.9.1100.20250811-2018\jars\maven-repository-metadata-3.9.11.jar
2025-12-12 12:06:56,634 [Worker-35: Launching runProyectoFE] INFO  o.eclipse.m2e.core.internal.Bundles - 	Entry: C:\Users\ortiz\.p2\pool\plugins\org.eclipse.m2e.maven.runtime_3.9.1100.20250811-2018\jars\maven-resolver-api-1.9.24.jar
2025-12-12 12:06:56,634 [Worker-35: Launching runProyectoFE] INFO  o.eclipse.m2e.core.internal.Bundles - 	Entry: C:\Users\ortiz\.p2\pool\plugins\org.eclipse.m2e.maven.runtime_3.9.1100.20250811-2018\jars\maven-resolver-connector-basic-1.9.24.jar
2025-12-12 12:06:56,634 [Worker-35: Launching runProyectoFE] INFO  o.eclipse.m2e.core.internal.Bundles - 	Entry: C:\Users\ortiz\.p2\pool\plugins\org.eclipse.m2e.maven.runtime_3.9.1100.20250811-2018\jars\maven-resolver-impl-1.9.24.jar
2025-12-12 12:06:56,634 [Worker-35: Launching runProyectoFE] INFO  o.eclipse.m2e.core.internal.Bundles - 	Entry: C:\Users\ortiz\.p2\pool\plugins\org.eclipse.m2e.maven.runtime_3.9.1100.20250811-2018\jars\maven-resolver-named-locks-1.9.24.jar
2025-12-12 12:06:56,635 [Worker-35: Launching runProyectoFE] INFO  o.eclipse.m2e.core.internal.Bundles - 	Entry: C:\Users\ortiz\.p2\pool\plugins\org.eclipse.m2e.maven.runtime_3.9.1100.20250811-2018\jars\maven-resolver-provider-3.9.11.jar
2025-12-12 12:06:56,635 [Worker-35: Launching runProyectoFE] INFO  o.eclipse.m2e.core.internal.Bundles - 	Entry: C:\Users\ortiz\.p2\pool\plugins\org.eclipse.m2e.maven.runtime_3.9.1100.20250811-2018\jars\maven-resolver-spi-1.9.24.jar
2025-12-12 12:06:56,635 [Worker-35: Launching runProyectoFE] INFO  o.eclipse.m2e.core.internal.Bundles - 	Entry: C:\Users\ortiz\.p2\pool\plugins\org.eclipse.m2e.maven.runtime_3.9.1100.20250811-2018\jars\maven-resolver-transport-file-1.9.24.jar
2025-12-12 12:06:56,635 [Worker-35: Launching runProyectoFE] INFO  o.eclipse.m2e.core.internal.Bundles - 	Entry: C:\Users\ortiz\.p2\pool\plugins\org.eclipse.m2e.maven.runtime_3.9.1100.20250811-2018\jars\maven-resolver-transport-http-1.9.24.jar
2025-12-12 12:06:56,635 [Worker-35: Launching runProyectoFE] INFO  o.eclipse.m2e.core.internal.Bundles - 	Entry: C:\Users\ortiz\.p2\pool\plugins\org.eclipse.m2e.maven.runtime_3.9.1100.20250811-2018\jars\maven-resolver-transport-wagon-1.9.24.jar
2025-12-12 12:06:56,635 [Worker-35: Launching runProyectoFE] INFO  o.eclipse.m2e.core.internal.Bundles - 	Entry: C:\Users\ortiz\.p2\pool\plugins\org.eclipse.m2e.maven.runtime_3.9.1100.20250811-2018\jars\maven-resolver-util-1.9.24.jar
2025-12-12 12:06:56,635 [Worker-35: Launching runProyectoFE] INFO  o.eclipse.m2e.core.internal.Bundles - 	Entry: C:\Users\ortiz\.p2\pool\plugins\org.eclipse.m2e.maven.runtime_3.9.1100.20250811-2018\jars\maven-settings-3.9.11.jar
2025-12-12 12:06:56,635 [Worker-35: Launching runProyectoFE] INFO  o.eclipse.m2e.core.internal.Bundles - 	Entry: C:\Users\ortiz\.p2\pool\plugins\org.eclipse.m2e.maven.runtime_3.9.1100.20250811-2018\jars\maven-settings-builder-3.9.11.jar
2025-12-12 12:06:56,635 [Worker-35: Launching runProyectoFE] INFO  o.eclipse.m2e.core.internal.Bundles - 	Entry: C:\Users\ortiz\.p2\pool\plugins\org.eclipse.m2e.maven.runtime_3.9.1100.20250811-2018\jars\maven-shared-utils-3.4.2.jar
2025-12-12 12:06:56,636 [Worker-35: Launching runProyectoFE] INFO  o.eclipse.m2e.core.internal.Bundles - 	Entry: C:\Users\ortiz\.p2\pool\plugins\org.eclipse.m2e.maven.runtime_3.9.1100.20250811-2018\jars\org.eclipse.sisu.inject-0.9.0.M4.jar
2025-12-12 12:06:56,636 [Worker-35: Launching runProyectoFE] INFO  o.eclipse.m2e.core.internal.Bundles - 	Entry: C:\Users\ortiz\.p2\pool\plugins\org.eclipse.m2e.maven.runtime_3.9.1100.20250811-2018\jars\org.eclipse.sisu.plexus-0.9.0.M4.jar
2025-12-12 12:06:56,636 [Worker-35: Launching runProyectoFE] INFO  o.eclipse.m2e.core.internal.Bundles - 	Entry: C:\Users\ortiz\.p2\pool\plugins\org.eclipse.m2e.maven.runtime_3.9.1100.20250811-2018\jars\plexus-build-api-0.0.7.jar
2025-12-12 12:06:56,636 [Worker-35: Launching runProyectoFE] INFO  o.eclipse.m2e.core.internal.Bundles - 	Entry: C:\Users\ortiz\.p2\pool\plugins\org.eclipse.m2e.maven.runtime_3.9.1100.20250811-2018\jars\plexus-build-api-1.2.0.jar
2025-12-12 12:06:56,636 [Worker-35: Launching runProyectoFE] INFO  o.eclipse.m2e.core.internal.Bundles - 	Entry: C:\Users\ortiz\.p2\pool\plugins\org.eclipse.m2e.maven.runtime_3.9.1100.20250811-2018\jars\plexus-cipher-2.0.jar
2025-12-12 12:06:56,636 [Worker-35: Launching runProyectoFE] INFO  o.eclipse.m2e.core.internal.Bundles - 	Entry: C:\Users\ortiz\.p2\pool\plugins\org.eclipse.m2e.maven.runtime_3.9.1100.20250811-2018\jars\plexus-classworlds-2.9.0.jar
2025-12-12 12:06:56,636 [Worker-35: Launching runProyectoFE] INFO  o.eclipse.m2e.core.internal.Bundles - 	Entry: C:\Users\ortiz\.p2\pool\plugins\org.eclipse.m2e.maven.runtime_3.9.1100.20250811-2018\jars\plexus-component-annotations-2.2.0.jar
2025-12-12 12:06:56,636 [Worker-35: Launching runProyectoFE] INFO  o.eclipse.m2e.core.internal.Bundles - 	Entry: C:\Users\ortiz\.p2\pool\plugins\org.eclipse.m2e.maven.runtime_3.9.1100.20250811-2018\jars\plexus-interpolation-1.28.jar
2025-12-12 12:06:56,637 [Worker-35: Launching runProyectoFE] INFO  o.eclipse.m2e.core.internal.Bundles - 	Entry: C:\Users\ortiz\.p2\pool\plugins\org.eclipse.m2e.maven.runtime_3.9.1100.20250811-2018\jars\plexus-sec-dispatcher-2.0.jar
2025-12-12 12:06:56,637 [Worker-35: Launching runProyectoFE] INFO  o.eclipse.m2e.core.internal.Bundles - 	Entry: C:\Users\ortiz\.p2\pool\plugins\org.eclipse.m2e.maven.runtime_3.9.1100.20250811-2018\jars\plexus-utils-3.6.0.jar
2025-12-12 12:06:56,637 [Worker-35: Launching runProyectoFE] INFO  o.eclipse.m2e.core.internal.Bundles - 	Entry: C:\Users\ortiz\.p2\pool\plugins\org.eclipse.m2e.maven.runtime_3.9.1100.20250811-2018\jars\wagon-file-3.5.3.jar
2025-12-12 12:06:56,637 [Worker-35: Launching runProyectoFE] INFO  o.eclipse.m2e.core.internal.Bundles - 	Entry: C:\Users\ortiz\.p2\pool\plugins\org.eclipse.m2e.maven.runtime_3.9.1100.20250811-2018\jars\wagon-http-3.5.3.jar
2025-12-12 12:06:56,637 [Worker-35: Launching runProyectoFE] INFO  o.eclipse.m2e.core.internal.Bundles - 	Entry: C:\Users\ortiz\.p2\pool\plugins\org.eclipse.m2e.maven.runtime_3.9.1100.20250811-2018\jars\wagon-http-shared-3.5.3.jar
2025-12-12 12:06:56,637 [Worker-35: Launching runProyectoFE] INFO  o.eclipse.m2e.core.internal.Bundles - 	Entry: C:\Users\ortiz\.p2\pool\plugins\org.eclipse.m2e.maven.runtime_3.9.1100.20250811-2018\jars\wagon-provider-api-3.5.3.jar
2025-12-12 12:06:56,637 [Worker-35: Launching runProyectoFE] INFO  o.eclipse.m2e.core.internal.Bundles - getClasspathEntries(Bundle=com.google.guava_33.5.0.jre [1329])
2025-12-12 12:06:56,638 [Worker-35: Launching runProyectoFE] INFO  o.eclipse.m2e.core.internal.Bundles - 	Entry: C:\Users\ortiz\.p2\pool\plugins\com.google.guava_33.5.0.jre.jar
2025-12-12 12:06:56,638 [Worker-35: Launching runProyectoFE] INFO  o.eclipse.m2e.core.internal.Bundles - getClasspathEntries(Bundle=slf4j.api_2.0.17 [1006])
2025-12-12 12:06:56,638 [Worker-35: Launching runProyectoFE] INFO  o.eclipse.m2e.core.internal.Bundles - 	Entry: C:\Users\ortiz\.p2\pool\plugins\slf4j.api_2.0.17.jar
2025-12-12 12:06:56,638 [Worker-35: Launching runProyectoFE] INFO  o.eclipse.m2e.core.internal.Bundles - getClasspathEntries(Bundle=jakarta.inject.jakarta.inject-api_1.0.5 [35])
2025-12-12 12:06:56,638 [Worker-35: Launching runProyectoFE] INFO  o.eclipse.m2e.core.internal.Bundles - 	Entry: C:\Users\ortiz\.p2\pool\plugins\jakarta.inject.jakarta.inject-api_1.0.5.jar
2025-12-12 12:06:56,638 [Worker-35: Launching runProyectoFE] INFO  o.eclipse.m2e.core.internal.Bundles - getClasspathEntries(Bundle=jakarta.annotation-api_1.3.5 [31])
2025-12-12 12:06:56,639 [Worker-35: Launching runProyectoFE] INFO  o.eclipse.m2e.core.internal.Bundles - 	Entry: C:\Users\ortiz\.p2\pool\plugins\jakarta.annotation-api_1.3.5.jar
2025-12-12 12:06:56,639 [Worker-35: Launching runProyectoFE] INFO  o.eclipse.m2e.core.internal.Bundles - getClasspathEntries(Bundle=org.apache.commons.cli_1.10.0 [75])
2025-12-12 12:06:56,639 [Worker-35: Launching runProyectoFE] INFO  o.eclipse.m2e.core.internal.Bundles - 	Entry: C:\Users\ortiz\.p2\pool\plugins\org.apache.commons.cli_1.10.0.jar
2025-12-12 12:06:56,639 [Worker-35: Launching runProyectoFE] INFO  o.eclipse.m2e.core.internal.Bundles - getClasspathEntries(Bundle=org.apache.commons.commons-codec_1.20.0 [1265])
2025-12-12 12:06:56,639 [Worker-35: Launching runProyectoFE] INFO  o.eclipse.m2e.core.internal.Bundles - 	Entry: C:\Users\ortiz\.p2\pool\plugins\org.apache.commons.commons-codec_1.20.0.jar
2025-12-12 12:06:56,639 [Worker-35: Launching runProyectoFE] INFO  o.eclipse.m2e.core.internal.Bundles - getClasspathEntries(Bundle=com.google.guava.failureaccess_1.0.3 [19])
2025-12-12 12:06:56,639 [Worker-35: Launching runProyectoFE] INFO  o.eclipse.m2e.core.internal.Bundles - 	Entry: C:\Users\ortiz\.p2\pool\plugins\com.google.guava.failureaccess_1.0.3.jar
2025-12-12 12:06:56,640 [Worker-35: Launching runProyectoFE] INFO  o.e.m.i.launch.MavenLaunchDelegate - Run build in "C:\Users\ortiz\OneDrive\Documentos\proyecto\PROYECTO_ORTIZBLANCO_BRUNO\tarea3AD2024":
2025-12-12 12:06:56,640 [Worker-35: Launching runProyectoFE] INFO  o.e.m.i.launch.MavenLaunchDelegate -  mvn  -B -Dstyle.color=always clean javafx:run
2025-12-12 12:08:44,583 [Burningwave - Resource releaser] INFO  o.b.c.a.StaticComponentContainer - (StaticComponentContainer.java:391) - ... Waiting for all tasks ending
2025-12-12 12:08:44,584 [Burningwave - Resource releaser] INFO  o.b.c.a.StaticComponentContainer - (StaticComponentContainer.java:397) - Closing all component containers
2025-12-12 12:08:44,585 [Burningwave - Resource releaser] INFO  o.b.c.a.StaticComponentContainer - (StaticComponentContainer.java:403) - Closing FileSystemHelper
2025-12-12 12:08:44,586 [Burningwave - Resource releaser] INFO  o.b.c.a.StaticComponentContainer - (StaticComponentContainer.java:409) - ... Waiting for all tasks ending before shutting down the BackgroundExecutor
2025-12-12 12:08:44,586 [Burningwave - Resource releaser] INFO  o.b.c.a.StaticComponentContainer - (StaticComponentContainer.java:414) - Shutting down BackgroundExecutor
2025-12-12 12:08:44,586 [Burningwave - Resource releaser] INFO  o.b.c.a.StaticComponentContainer - (StaticComponentContainer.java:420) - Stopping all threads monitoring thread
2025-12-12 12:08:44,587 [Burningwave - Resource releaser] INFO  o.b.c.a.StaticComponentContainer - (StaticComponentContainer.java:425) - Closing ThreadHolder
2025-12-12 12:08:44,587 [Burningwave - Resource releaser] INFO  o.b.c.a.StaticComponentContainer - (StaticComponentContainer.java:430) - Shutting down ThreadSupplier
